{"event": "CONFIG_START", "seed": 420, "bins": 5}
D:\Project\flash-ticket-rca-research\environments\task-e\rcd39\lib\site-packages\sklearn\preprocessing\_discretization.py:268: ConvergenceWarning: Number of distinct clusters (4) found smaller than n_clusters (5). Possibly due to duplicate points in X.
  centers = km.fit(column[:, None]).cluster_centers_[:, 0]
D:\Project\flash-ticket-rca-research\environments\task-e\rcd39\lib\site-packages\sklearn\preprocessing\_discretization.py:279: UserWarning: Bins whose width are too small (i.e., <= 1e-8) in feature 0 are removed. Consider decreasing the number of bins.
  warnings.warn(
D:\Project\flash-ticket-rca-research\environments\task-e\rcd39\lib\site-packages\sklearn\preprocessing\_discretization.py:268: ConvergenceWarning: Number of distinct clusters (4) found smaller than n_clusters (5). Possibly due to duplicate points in X.
  centers = km.fit(column[:, None]).cluster_centers_[:, 0]
D:\Project\flash-ticket-rca-research\environments\task-e\rcd39\lib\site-packages\sklearn\preprocessing\_discretization.py:268: ConvergenceWarning: Number of distinct clusters (4) found smaller than n_clusters (5). Possibly due to duplicate points in X.
  centers = km.fit(column[:, None]).cluster_centers_[:, 0]
D:\Project\flash-ticket-rca-research\environments\task-e\rcd39\lib\site-packages\sklearn\preprocessing\_discretization.py:268: ConvergenceWarning: Number of distinct clusters (4) found smaller than n_clusters (5). Possibly due to duplicate points in X.
  centers = km.fit(column[:, None]).cluster_centers_[:, 0]
D:\Project\flash-ticket-rca-research\environments\task-e\rcd39\lib\site-packages\sklearn\preprocessing\_discretization.py:268: ConvergenceWarning: Number of distinct clusters (3) found smaller than n_clusters (5). Possibly due to duplicate points in X.
  centers = km.fit(column[:, None]).cluster_centers_[:, 0]
D:\Project\flash-ticket-rca-research\environments\task-e\rcd39\lib\site-packages\sklearn\preprocessing\_discretization.py:279: UserWarning: Bins whose width are too small (i.e., <= 1e-8) in feature 4 are removed. Consider decreasing the number of bins.
  warnings.warn(
D:\Project\flash-ticket-rca-research\environments\task-e\rcd39\lib\site-packages\sklearn\preprocessing\_discretization.py:268: ConvergenceWarning: Number of distinct clusters (4) found smaller than n_clusters (5). Possibly due to duplicate points in X.
  centers = km.fit(column[:, None]).cluster_centers_[:, 0]
D:\Project\flash-ticket-rca-research\environments\task-e\rcd39\lib\site-packages\sklearn\preprocessing\_discretization.py:268: ConvergenceWarning: Number of distinct clusters (4) found smaller than n_clusters (5). Possibly due to duplicate points in X.
  centers = km.fit(column[:, None]).cluster_centers_[:, 0]
D:\Project\flash-ticket-rca-research\environments\task-e\rcd39\lib\site-packages\sklearn\preprocessing\_discretization.py:279: UserWarning: Bins whose width are too small (i.e., <= 1e-8) in feature 0 are removed. Consider decreasing the number of bins.
  warnings.warn(
D:\Project\flash-ticket-rca-research\environments\task-e\rcd39\lib\site-packages\sklearn\preprocessing\_discretization.py:268: ConvergenceWarning: Number of distinct clusters (4) found smaller than n_clusters (5). Possibly due to duplicate points in X.
  centers = km.fit(column[:, None]).cluster_centers_[:, 0]
D:\Project\flash-ticket-rca-research\environments\task-e\rcd39\lib\site-packages\sklearn\preprocessing\_discretization.py:268: ConvergenceWarning: Number of distinct clusters (3) found smaller than n_clusters (5). Possibly due to duplicate points in X.
  centers = km.fit(column[:, None]).cluster_centers_[:, 0]
D:\Project\flash-ticket-rca-research\environments\task-e\rcd39\lib\site-packages\sklearn\preprocessing\_discretization.py:279: UserWarning: Bins whose width are too small (i.e., <= 1e-8) in feature 3 are removed. Consider decreasing the number of bins.
  warnings.warn(
D:\Project\flash-ticket-rca-research\environments\task-e\rcd39\lib\site-packages\sklearn\preprocessing\_discretization.py:268: ConvergenceWarning: Number of distinct clusters (3) found smaller than n_clusters (5). Possibly due to duplicate points in X.
  centers = km.fit(column[:, None]).cluster_centers_[:, 0]
D:\Project\flash-ticket-rca-research\environments\task-e\rcd39\lib\site-packages\sklearn\preprocessing\_discretization.py:279: UserWarning: Bins whose width are too small (i.e., <= 1e-8) in feature 0 are removed. Consider decreasing the number of bins.
  warnings.warn(
D:\Project\flash-ticket-rca-research\environments\task-e\rcd39\lib\site-packages\sklearn\preprocessing\_discretization.py:268: ConvergenceWarning: Number of distinct clusters (4) found smaller than n_clusters (5). Possibly due to duplicate points in X.
  centers = km.fit(column[:, None]).cluster_centers_[:, 0]
D:\Project\flash-ticket-rca-research\environments\task-e\rcd39\lib\site-packages\sklearn\preprocessing\_discretization.py:279: UserWarning: Bins whose width are too small (i.e., <= 1e-8) in feature 4 are removed. Consider decreasing the number of bins.
  warnings.warn(
D:\Project\flash-ticket-rca-research\environments\task-e\rcd39\lib\site-packages\sklearn\preprocessing\_discretization.py:268: ConvergenceWarning: Number of distinct clusters (4) found smaller than n_clusters (5). Possibly due to duplicate points in X.
  centers = km.fit(column[:, None]).cluster_centers_[:, 0]
D:\Project\flash-ticket-rca-research\environments\task-e\rcd39\lib\site-packages\sklearn\preprocessing\_discretization.py:268: ConvergenceWarning: Number of distinct clusters (3) found smaller than n_clusters (5). Possibly due to duplicate points in X.
  centers = km.fit(column[:, None]).cluster_centers_[:, 0]
D:\Project\flash-ticket-rca-research\environments\task-e\rcd39\lib\site-packages\sklearn\preprocessing\_discretization.py:279: UserWarning: Bins whose width are too small (i.e., <= 1e-8) in feature 1 are removed. Consider decreasing the number of bins.
  warnings.warn(
D:\Project\flash-ticket-rca-research\environments\task-e\rcd39\lib\site-packages\sklearn\preprocessing\_discretization.py:268: ConvergenceWarning: Number of distinct clusters (3) found smaller than n_clusters (5). Possibly due to duplicate points in X.
  centers = km.fit(column[:, None]).cluster_centers_[:, 0]
D:\Project\flash-ticket-rca-research\environments\task-e\rcd39\lib\site-packages\sklearn\preprocessing\_discretization.py:279: UserWarning: Bins whose width are too small (i.e., <= 1e-8) in feature 3 are removed. Consider decreasing the number of bins.
  warnings.warn(
D:\Project\flash-ticket-rca-research\environments\task-e\rcd39\lib\site-packages\sklearn\preprocessing\_discretization.py:268: ConvergenceWarning: Number of distinct clusters (4) found smaller than n_clusters (5). Possibly due to duplicate points in X.
  centers = km.fit(column[:, None]).cluster_centers_[:, 0]
D:\Project\flash-ticket-rca-research\environments\task-e\rcd39\lib\site-packages\sklearn\preprocessing\_discretization.py:268: ConvergenceWarning: Number of distinct clusters (4) found smaller than n_clusters (5). Possibly due to duplicate points in X.
  centers = km.fit(column[:, None]).cluster_centers_[:, 0]
D:\Project\flash-ticket-rca-research\environments\task-e\rcd39\lib\site-packages\sklearn\preprocessing\_discretization.py:268: ConvergenceWarning: Number of distinct clusters (4) found smaller than n_clusters (5). Possibly due to duplicate points in X.
  centers = km.fit(column[:, None]).cluster_centers_[:, 0]
D:\Project\flash-ticket-rca-research\environments\task-e\rcd39\lib\site-packages\sklearn\preprocessing\_discretization.py:268: ConvergenceWarning: Number of distinct clusters (3) found smaller than n_clusters (5). Possibly due to duplicate points in X.
  centers = km.fit(column[:, None]).cluster_centers_[:, 0]
D:\Project\flash-ticket-rca-research\environments\task-e\rcd39\lib\site-packages\sklearn\preprocessing\_discretization.py:279: UserWarning: Bins whose width are too small (i.e., <= 1e-8) in feature 4 are removed. Consider decreasing the number of bins.
  warnings.warn(
D:\Project\flash-ticket-rca-research\environments\task-e\rcd39\lib\site-packages\sklearn\preprocessing\_discretization.py:268: ConvergenceWarning: Number of distinct clusters (4) found smaller than n_clusters (5). Possibly due to duplicate points in X.
  centers = km.fit(column[:, None]).cluster_centers_[:, 0]
D:\Project\flash-ticket-rca-research\environments\task-e\rcd39\lib\site-packages\sklearn\preprocessing\_discretization.py:268: ConvergenceWarning: Number of distinct clusters (4) found smaller than n_clusters (5). Possibly due to duplicate points in X.
  centers = km.fit(column[:, None]).cluster_centers_[:, 0]
D:\Project\flash-ticket-rca-research\environments\task-e\rcd39\lib\site-packages\sklearn\preprocessing\_discretization.py:279: UserWarning: Bins whose width are too small (i.e., <= 1e-8) in feature 4 are removed. Consider decreasing the number of bins.
  warnings.warn(
D:\Project\flash-ticket-rca-research\environments\task-e\rcd39\lib\site-packages\sklearn\preprocessing\_discretization.py:268: ConvergenceWarning: Number of distinct clusters (4) found smaller than n_clusters (5). Possibly due to duplicate points in X.
  centers = km.fit(column[:, None]).cluster_centers_[:, 0]
D:\Project\flash-ticket-rca-research\environments\task-e\rcd39\lib\site-packages\sklearn\preprocessing\_discretization.py:279: UserWarning: Bins whose width are too small (i.e., <= 1e-8) in feature 3 are removed. Consider decreasing the number of bins.
  warnings.warn(
D:\Project\flash-ticket-rca-research\environments\task-e\rcd39\lib\site-packages\sklearn\preprocessing\_discretization.py:268: ConvergenceWarning: Number of distinct clusters (3) found smaller than n_clusters (5). Possibly due to duplicate points in X.
  centers = km.fit(column[:, None]).cluster_centers_[:, 0]
D:\Project\flash-ticket-rca-research\environments\task-e\rcd39\lib\site-packages\sklearn\preprocessing\_discretization.py:279: UserWarning: Bins whose width are too small (i.e., <= 1e-8) in feature 4 are removed. Consider decreasing the number of bins.
  warnings.warn(
D:\Project\flash-ticket-rca-research\environments\task-e\rcd39\lib\site-packages\sklearn\preprocessing\_discretization.py:268: ConvergenceWarning: Number of distinct clusters (4) found smaller than n_clusters (5). Possibly due to duplicate points in X.
  centers = km.fit(column[:, None]).cluster_centers_[:, 0]
D:\Project\flash-ticket-rca-research\environments\task-e\rcd39\lib\site-packages\sklearn\preprocessing\_discretization.py:268: ConvergenceWarning: Number of distinct clusters (3) found smaller than n_clusters (5). Possibly due to duplicate points in X.
  centers = km.fit(column[:, None]).cluster_centers_[:, 0]
D:\Project\flash-ticket-rca-research\environments\task-e\rcd39\lib\site-packages\sklearn\preprocessing\_discretization.py:279: UserWarning: Bins whose width are too small (i.e., <= 1e-8) in feature 3 are removed. Consider decreasing the number of bins.
  warnings.warn(
D:\Project\flash-ticket-rca-research\environments\task-e\rcd39\lib\site-packages\sklearn\preprocessing\_discretization.py:268: ConvergenceWarning: Number of distinct clusters (4) found smaller than n_clusters (5). Possibly due to duplicate points in X.
  centers = km.fit(column[:, None]).cluster_centers_[:, 0]
D:\Project\flash-ticket-rca-research\environments\task-e\rcd39\lib\site-packages\sklearn\preprocessing\_discretization.py:268: ConvergenceWarning: Number of distinct clusters (4) found smaller than n_clusters (5). Possibly due to duplicate points in X.
  centers = km.fit(column[:, None]).cluster_centers_[:, 0]
D:\Project\flash-ticket-rca-research\environments\task-e\rcd39\lib\site-packages\sklearn\preprocessing\_discretization.py:268: ConvergenceWarning: Number of distinct clusters (4) found smaller than n_clusters (5). Possibly due to duplicate points in X.
  centers = km.fit(column[:, None]).cluster_centers_[:, 0]
D:\Project\flash-ticket-rca-research\environments\task-e\rcd39\lib\site-packages\sklearn\preprocessing\_discretization.py:268: ConvergenceWarning: Number of distinct clusters (4) found smaller than n_clusters (5). Possibly due to duplicate points in X.
  centers = km.fit(column[:, None]).cluster_centers_[:, 0]
D:\Project\flash-ticket-rca-research\environments\task-e\rcd39\lib\site-packages\sklearn\preprocessing\_discretization.py:268: ConvergenceWarning: Number of distinct clusters (4) found smaller than n_clusters (5). Possibly due to duplicate points in X.
  centers = km.fit(column[:, None]).cluster_centers_[:, 0]
D:\Project\flash-ticket-rca-research\environments\task-e\rcd39\lib\site-packages\sklearn\preprocessing\_discretization.py:279: UserWarning: Bins whose width are too small (i.e., <= 1e-8) in feature 0 are removed. Consider decreasing the number of bins.
  warnings.warn(
D:\Project\flash-ticket-rca-research\environments\task-e\rcd39\lib\site-packages\sklearn\preprocessing\_discretization.py:268: ConvergenceWarning: Number of distinct clusters (3) found smaller than n_clusters (5). Possibly due to duplicate points in X.
  centers = km.fit(column[:, None]).cluster_centers_[:, 0]
D:\Project\flash-ticket-rca-research\environments\task-e\rcd39\lib\site-packages\sklearn\preprocessing\_discretization.py:279: UserWarning: Bins whose width are too small (i.e., <= 1e-8) in feature 3 are removed. Consider decreasing the number of bins.
  warnings.warn(
D:\Project\flash-ticket-rca-research\environments\task-e\rcd39\lib\site-packages\sklearn\preprocessing\_discretization.py:268: ConvergenceWarning: Number of distinct clusters (4) found smaller than n_clusters (5). Possibly due to duplicate points in X.
  centers = km.fit(column[:, None]).cluster_centers_[:, 0]
D:\Project\flash-ticket-rca-research\environments\task-e\rcd39\lib\site-packages\sklearn\preprocessing\_discretization.py:268: ConvergenceWarning: Number of distinct clusters (4) found smaller than n_clusters (5). Possibly due to duplicate points in X.
  centers = km.fit(column[:, None]).cluster_centers_[:, 0]
D:\Project\flash-ticket-rca-research\environments\task-e\rcd39\lib\site-packages\sklearn\preprocessing\_discretization.py:268: ConvergenceWarning: Number of distinct clusters (4) found smaller than n_clusters (5). Possibly due to duplicate points in X.
  centers = km.fit(column[:, None]).cluster_centers_[:, 0]
D:\Project\flash-ticket-rca-research\environments\task-e\rcd39\lib\site-packages\sklearn\preprocessing\_discretization.py:279: UserWarning: Bins whose width are too small (i.e., <= 1e-8) in feature 1 are removed. Consider decreasing the number of bins.
  warnings.warn(
D:\Project\flash-ticket-rca-research\environments\task-e\rcd39\lib\site-packages\sklearn\preprocessing\_discretization.py:268: ConvergenceWarning: Number of distinct clusters (4) found smaller than n_clusters (5). Possibly due to duplicate points in X.
  centers = km.fit(column[:, None]).cluster_centers_[:, 0]
D:\Project\flash-ticket-rca-research\environments\task-e\rcd39\lib\site-packages\sklearn\preprocessing\_discretization.py:268: ConvergenceWarning: Number of distinct clusters (4) found smaller than n_clusters (5). Possibly due to duplicate points in X.
  centers = km.fit(column[:, None]).cluster_centers_[:, 0]
D:\Project\flash-ticket-rca-research\environments\task-e\rcd39\lib\site-packages\sklearn\preprocessing\_discretization.py:268: ConvergenceWarning: Number of distinct clusters (4) found smaller than n_clusters (5). Possibly due to duplicate points in X.
  centers = km.fit(column[:, None]).cluster_centers_[:, 0]
D:\Project\flash-ticket-rca-research\environments\task-e\rcd39\lib\site-packages\sklearn\preprocessing\_discretization.py:279: UserWarning: Bins whose width are too small (i.e., <= 1e-8) in feature 4 are removed. Consider decreasing the number of bins.
  warnings.warn(
D:\Project\flash-ticket-rca-research\environments\task-e\rcd39\lib\site-packages\sklearn\preprocessing\_discretization.py:268: ConvergenceWarning: Number of distinct clusters (3) found smaller than n_clusters (5). Possibly due to duplicate points in X.
  centers = km.fit(column[:, None]).cluster_centers_[:, 0]
D:\Project\flash-ticket-rca-research\environments\task-e\rcd39\lib\site-packages\sklearn\preprocessing\_discretization.py:279: UserWarning: Bins whose width are too small (i.e., <= 1e-8) in feature 1 are removed. Consider decreasing the number of bins.
  warnings.warn(
D:\Project\flash-ticket-rca-research\environments\task-e\rcd39\lib\site-packages\sklearn\preprocessing\_discretization.py:268: ConvergenceWarning: Number of distinct clusters (3) found smaller than n_clusters (5). Possibly due to duplicate points in X.
  centers = km.fit(column[:, None]).cluster_centers_[:, 0]
D:\Project\flash-ticket-rca-research\environments\task-e\rcd39\lib\site-packages\sklearn\preprocessing\_discretization.py:279: UserWarning: Bins whose width are too small (i.e., <= 1e-8) in feature 1 are removed. Consider decreasing the number of bins.
  warnings.warn(
D:\Project\flash-ticket-rca-research\environments\task-e\rcd39\lib\site-packages\sklearn\preprocessing\_discretization.py:268: ConvergenceWarning: Number of distinct clusters (4) found smaller than n_clusters (5). Possibly due to duplicate points in X.
  centers = km.fit(column[:, None]).cluster_centers_[:, 0]
D:\Project\flash-ticket-rca-research\environments\task-e\rcd39\lib\site-packages\sklearn\preprocessing\_discretization.py:268: ConvergenceWarning: Number of distinct clusters (4) found smaller than n_clusters (5). Possibly due to duplicate points in X.
  centers = km.fit(column[:, None]).cluster_centers_[:, 0]
D:\Project\flash-ticket-rca-research\environments\task-e\rcd39\lib\site-packages\sklearn\preprocessing\_discretization.py:279: UserWarning: Bins whose width are too small (i.e., <= 1e-8) in feature 0 are removed. Consider decreasing the number of bins.
  warnings.warn(
D:\Project\flash-ticket-rca-research\environments\task-e\rcd39\lib\site-packages\sklearn\preprocessing\_discretization.py:268: ConvergenceWarning: Number of distinct clusters (4) found smaller than n_clusters (5). Possibly due to duplicate points in X.
  centers = km.fit(column[:, None]).cluster_centers_[:, 0]
D:\Project\flash-ticket-rca-research\environments\task-e\rcd39\lib\site-packages\sklearn\preprocessing\_discretization.py:279: UserWarning: Bins whose width are too small (i.e., <= 1e-8) in feature 3 are removed. Consider decreasing the number of bins.
  warnings.warn(
D:\Project\flash-ticket-rca-research\environments\task-e\rcd39\lib\site-packages\sklearn\preprocessing\_discretization.py:268: ConvergenceWarning: Number of distinct clusters (4) found smaller than n_clusters (5). Possibly due to duplicate points in X.
  centers = km.fit(column[:, None]).cluster_centers_[:, 0]
D:\Project\flash-ticket-rca-research\environments\task-e\rcd39\lib\site-packages\sklearn\preprocessing\_discretization.py:268: ConvergenceWarning: Number of distinct clusters (3) found smaller than n_clusters (5). Possibly due to duplicate points in X.
  centers = km.fit(column[:, None]).cluster_centers_[:, 0]
D:\Project\flash-ticket-rca-research\environments\task-e\rcd39\lib\site-packages\sklearn\preprocessing\_discretization.py:279: UserWarning: Bins whose width are too small (i.e., <= 1e-8) in feature 3 are removed. Consider decreasing the number of bins.
  warnings.warn(
D:\Project\flash-ticket-rca-research\environments\task-e\rcd39\lib\site-packages\sklearn\preprocessing\_discretization.py:268: ConvergenceWarning: Number of distinct clusters (4) found smaller than n_clusters (5). Possibly due to duplicate points in X.
  centers = km.fit(column[:, None]).cluster_centers_[:, 0]
Timeout (0:01:00)!
Thread 0x00005328 (most recent call first):
  File "D:\Project\flash-ticket-rca-research\environments\task-e\rcd39\lib\site-packages\numpy\lib\function_base.py", line 5188 in delete
  File "<__array_function__ internals>", line 180 in delete
  File "D:\Project\flash-ticket-rca-research\environments\task-e\rcd39\lib\site-packages\causallearn\utils\PCUtils\SkeletonDiscovery.py", line 194 in local_skeleton_discovery
  File "D:\Project\flash-ticket-rca-research\baselines\upstream\rcaeval-7600283af1ea5e2e9fff6f07124951d0e989de42\RCAEval\e2e\rcd_td12.py", line 80 in run_pc
  File "D:\Project\flash-ticket-rca-research\baselines\upstream\rcaeval-7600283af1ea5e2e9fff6f07124951d0e989de42\RCAEval\e2e\rcd_td12.py", line 178 in <lambda>
  File "D:\Project\flash-ticket-rca-research\baselines\upstream\rcaeval-7600283af1ea5e2e9fff6f07124951d0e989de42\RCAEval\e2e\rcd_td12.py", line 190 in run_psi_pc
  File "D:\Project\flash-ticket-rca-research\baselines\upstream\rcaeval-7600283af1ea5e2e9fff6f07124951d0e989de42\RCAEval\e2e\rcd_td12.py", line 356 in run_level
  File "D:\Project\flash-ticket-rca-research\baselines\upstream\rcaeval-7600283af1ea5e2e9fff6f07124951d0e989de42\RCAEval\e2e\rcd_td12.py", line 411 in run_multi_phase
  File "D:\Project\flash-ticket-rca-research\baselines\upstream\rcaeval-7600283af1ea5e2e9fff6f07124951d0e989de42\RCAEval\e2e\rcd_td12.py", line 491 in rcd
  File "D:\Project\flash-ticket-rca-research\scripts\task_e\comparators.py", line 85 in rcd_run
  File "<string>", line 10 in timed
  File "D:\Project\flash-ticket-rca-research\scripts\task_e\rcd_numeric_worker.py", line 210 in run_request
  File "<string>", line 13 in observed
  File "D:\Project\flash-ticket-rca-research\scripts\task_e\rcd_numeric_worker.py", line 243 in main
  File "<string>", line 16 in <module>
D:\Project\flash-ticket-rca-research\environments\task-e\rcd39\lib\site-packages\sklearn\preprocessing\_discretization.py:268: ConvergenceWarning: Number of distinct clusters (4) found smaller than n_clusters (5). Possibly due to duplicate points in X.
  centers = km.fit(column[:, None]).cluster_centers_[:, 0]
D:\Project\flash-ticket-rca-research\environments\task-e\rcd39\lib\site-packages\sklearn\preprocessing\_discretization.py:268: ConvergenceWarning: Number of distinct clusters (4) found smaller than n_clusters (5). Possibly due to duplicate points in X.
  centers = km.fit(column[:, None]).cluster_centers_[:, 0]
D:\Project\flash-ticket-rca-research\environments\task-e\rcd39\lib\site-packages\sklearn\preprocessing\_discretization.py:279: UserWarning: Bins whose width are too small (i.e., <= 1e-8) in feature 2 are removed. Consider decreasing the number of bins.
  warnings.warn(
D:\Project\flash-ticket-rca-research\environments\task-e\rcd39\lib\site-packages\sklearn\preprocessing\_discretization.py:268: ConvergenceWarning: Number of distinct clusters (4) found smaller than n_clusters (5). Possibly due to duplicate points in X.
  centers = km.fit(column[:, None]).cluster_centers_[:, 0]
D:\Project\flash-ticket-rca-research\environments\task-e\rcd39\lib\site-packages\sklearn\preprocessing\_discretization.py:279: UserWarning: Bins whose width are too small (i.e., <= 1e-8) in feature 2 are removed. Consider decreasing the number of bins.
  warnings.warn(
D:\Project\flash-ticket-rca-research\environments\task-e\rcd39\lib\site-packages\sklearn\preprocessing\_discretization.py:268: ConvergenceWarning: Number of distinct clusters (3) found smaller than n_clusters (5). Possibly due to duplicate points in X.
  centers = km.fit(column[:, None]).cluster_centers_[:, 0]
D:\Project\flash-ticket-rca-research\environments\task-e\rcd39\lib\site-packages\sklearn\preprocessing\_discretization.py:279: UserWarning: Bins whose width are too small (i.e., <= 1e-8) in feature 1 are removed. Consider decreasing the number of bins.
  warnings.warn(
D:\Project\flash-ticket-rca-research\environments\task-e\rcd39\lib\site-packages\sklearn\preprocessing\_discretization.py:268: ConvergenceWarning: Number of distinct clusters (4) found smaller than n_clusters (5). Possibly due to duplicate points in X.
  centers = km.fit(column[:, None]).cluster_centers_[:, 0]
D:\Project\flash-ticket-rca-research\environments\task-e\rcd39\lib\site-packages\sklearn\preprocessing\_discretization.py:268: ConvergenceWarning: Number of distinct clusters (3) found smaller than n_clusters (5). Possibly due to duplicate points in X.
  centers = km.fit(column[:, None]).cluster_centers_[:, 0]
D:\Project\flash-ticket-rca-research\environments\task-e\rcd39\lib\site-packages\sklearn\preprocessing\_discretization.py:279: UserWarning: Bins whose width are too small (i.e., <= 1e-8) in feature 4 are removed. Consider decreasing the number of bins.
  warnings.warn(
D:\Project\flash-ticket-rca-research\environments\task-e\rcd39\lib\site-packages\sklearn\preprocessing\_discretization.py:268: ConvergenceWarning: Number of distinct clusters (4) found smaller than n_clusters (5). Possibly due to duplicate points in X.
  centers = km.fit(column[:, None]).cluster_centers_[:, 0]
D:\Project\flash-ticket-rca-research\environments\task-e\rcd39\lib\site-packages\sklearn\preprocessing\_discretization.py:279: UserWarning: Bins whose width are too small (i.e., <= 1e-8) in feature 3 are removed. Consider decreasing the number of bins.
  warnings.warn(
D:\Project\flash-ticket-rca-research\environments\task-e\rcd39\lib\site-packages\sklearn\preprocessing\_discretization.py:268: ConvergenceWarning: Number of distinct clusters (4) found smaller than n_clusters (5). Possibly due to duplicate points in X.
  centers = km.fit(column[:, None]).cluster_centers_[:, 0]
D:\Project\flash-ticket-rca-research\environments\task-e\rcd39\lib\site-packages\sklearn\preprocessing\_discretization.py:268: ConvergenceWarning: Number of distinct clusters (4) found smaller than n_clusters (5). Possibly due to duplicate points in X.
  centers = km.fit(column[:, None]).cluster_centers_[:, 0]
D:\Project\flash-ticket-rca-research\environments\task-e\rcd39\lib\site-packages\sklearn\preprocessing\_discretization.py:279: UserWarning: Bins whose width are too small (i.e., <= 1e-8) in feature 2 are removed. Consider decreasing the number of bins.
  warnings.warn(
D:\Project\flash-ticket-rca-research\environments\task-e\rcd39\lib\site-packages\sklearn\preprocessing\_discretization.py:268: ConvergenceWarning: Number of distinct clusters (4) found smaller than n_clusters (5). Possibly due to duplicate points in X.
  centers = km.fit(column[:, None]).cluster_centers_[:, 0]
D:\Project\flash-ticket-rca-research\environments\task-e\rcd39\lib\site-packages\sklearn\preprocessing\_discretization.py:268: ConvergenceWarning: Number of distinct clusters (4) found smaller than n_clusters (5). Possibly due to duplicate points in X.
  centers = km.fit(column[:, None]).cluster_centers_[:, 0]
D:\Project\flash-ticket-rca-research\environments\task-e\rcd39\lib\site-packages\sklearn\preprocessing\_discretization.py:268: ConvergenceWarning: Number of distinct clusters (4) found smaller than n_clusters (5). Possibly due to duplicate points in X.
  centers = km.fit(column[:, None]).cluster_centers_[:, 0]
D:\Project\flash-ticket-rca-research\environments\task-e\rcd39\lib\site-packages\sklearn\preprocessing\_discretization.py:279: UserWarning: Bins whose width are too small (i.e., <= 1e-8) in feature 3 are removed. Consider decreasing the number of bins.
  warnings.warn(
D:\Project\flash-ticket-rca-research\environments\task-e\rcd39\lib\site-packages\sklearn\preprocessing\_discretization.py:268: ConvergenceWarning: Number of distinct clusters (4) found smaller than n_clusters (5). Possibly due to duplicate points in X.
  centers = km.fit(column[:, None]).cluster_centers_[:, 0]
D:\Project\flash-ticket-rca-research\environments\task-e\rcd39\lib\site-packages\sklearn\preprocessing\_discretization.py:268: ConvergenceWarning: Number of distinct clusters (4) found smaller than n_clusters (5). Possibly due to duplicate points in X.
  centers = km.fit(column[:, None]).cluster_centers_[:, 0]
D:\Project\flash-ticket-rca-research\environments\task-e\rcd39\lib\site-packages\sklearn\preprocessing\_discretization.py:279: UserWarning: Bins whose width are too small (i.e., <= 1e-8) in feature 3 are removed. Consider decreasing the number of bins.
  warnings.warn(
D:\Project\flash-ticket-rca-research\environments\task-e\rcd39\lib\site-packages\sklearn\preprocessing\_discretization.py:268: ConvergenceWarning: Number of distinct clusters (4) found smaller than n_clusters (5). Possibly due to duplicate points in X.
  centers = km.fit(column[:, None]).cluster_centers_[:, 0]
D:\Project\flash-ticket-rca-research\environments\task-e\rcd39\lib\site-packages\sklearn\preprocessing\_discretization.py:279: UserWarning: Bins whose width are too small (i.e., <= 1e-8) in feature 2 are removed. Consider decreasing the number of bins.
  warnings.warn(
D:\Project\flash-ticket-rca-research\environments\task-e\rcd39\lib\site-packages\sklearn\preprocessing\_discretization.py:268: ConvergenceWarning: Number of distinct clusters (4) found smaller than n_clusters (5). Possibly due to duplicate points in X.
  centers = km.fit(column[:, None]).cluster_centers_[:, 0]
D:\Project\flash-ticket-rca-research\environments\task-e\rcd39\lib\site-packages\sklearn\preprocessing\_discretization.py:279: UserWarning: Bins whose width are too small (i.e., <= 1e-8) in feature 3 are removed. Consider decreasing the number of bins.
  warnings.warn(
D:\Project\flash-ticket-rca-research\environments\task-e\rcd39\lib\site-packages\sklearn\preprocessing\_discretization.py:268: ConvergenceWarning: Number of distinct clusters (4) found smaller than n_clusters (5). Possibly due to duplicate points in X.
  centers = km.fit(column[:, None]).cluster_centers_[:, 0]
D:\Project\flash-ticket-rca-research\environments\task-e\rcd39\lib\site-packages\sklearn\preprocessing\_discretization.py:268: ConvergenceWarning: Number of distinct clusters (4) found smaller than n_clusters (5). Possibly due to duplicate points in X.
  centers = km.fit(column[:, None]).cluster_centers_[:, 0]
D:\Project\flash-ticket-rca-research\environments\task-e\rcd39\lib\site-packages\sklearn\preprocessing\_discretization.py:279: UserWarning: Bins whose width are too small (i.e., <= 1e-8) in feature 4 are removed. Consider decreasing the number of bins.
  warnings.warn(
D:\Project\flash-ticket-rca-research\environments\task-e\rcd39\lib\site-packages\sklearn\preprocessing\_discretization.py:268: ConvergenceWarning: Number of distinct clusters (4) found smaller than n_clusters (5). Possibly due to duplicate points in X.
  centers = km.fit(column[:, None]).cluster_centers_[:, 0]
D:\Project\flash-ticket-rca-research\environments\task-e\rcd39\lib\site-packages\sklearn\preprocessing\_discretization.py:268: ConvergenceWarning: Number of distinct clusters (4) found smaller than n_clusters (5). Possibly due to duplicate points in X.
  centers = km.fit(column[:, None]).cluster_centers_[:, 0]
D:\Project\flash-ticket-rca-research\environments\task-e\rcd39\lib\site-packages\sklearn\preprocessing\_discretization.py:279: UserWarning: Bins whose width are too small (i.e., <= 1e-8) in feature 2 are removed. Consider decreasing the number of bins.
  warnings.warn(
D:\Project\flash-ticket-rca-research\environments\task-e\rcd39\lib\site-packages\sklearn\preprocessing\_discretization.py:268: ConvergenceWarning: Number of distinct clusters (4) found smaller than n_clusters (5). Possibly due to duplicate points in X.
  centers = km.fit(column[:, None]).cluster_centers_[:, 0]
D:\Project\flash-ticket-rca-research\environments\task-e\rcd39\lib\site-packages\sklearn\preprocessing\_discretization.py:279: UserWarning: Bins whose width are too small (i.e., <= 1e-8) in feature 1 are removed. Consider decreasing the number of bins.
  warnings.warn(
D:\Project\flash-ticket-rca-research\environments\task-e\rcd39\lib\site-packages\sklearn\preprocessing\_discretization.py:268: ConvergenceWarning: Number of distinct clusters (4) found smaller than n_clusters (5). Possibly due to duplicate points in X.
  centers = km.fit(column[:, None]).cluster_centers_[:, 0]
D:\Project\flash-ticket-rca-research\environments\task-e\rcd39\lib\site-packages\sklearn\preprocessing\_discretization.py:279: UserWarning: Bins whose width are too small (i.e., <= 1e-8) in feature 2 are removed. Consider decreasing the number of bins.
  warnings.warn(
D:\Project\flash-ticket-rca-research\environments\task-e\rcd39\lib\site-packages\sklearn\preprocessing\_discretization.py:268: ConvergenceWarning: Number of distinct clusters (4) found smaller than n_clusters (5). Possibly due to duplicate points in X.
  centers = km.fit(column[:, None]).cluster_centers_[:, 0]
D:\Project\flash-ticket-rca-research\environments\task-e\rcd39\lib\site-packages\sklearn\preprocessing\_discretization.py:268: ConvergenceWarning: Number of distinct clusters (4) found smaller than n_clusters (5). Possibly due to duplicate points in X.
  centers = km.fit(column[:, None]).cluster_centers_[:, 0]
D:\Project\flash-ticket-rca-research\environments\task-e\rcd39\lib\site-packages\sklearn\preprocessing\_discretization.py:279: UserWarning: Bins whose width are too small (i.e., <= 1e-8) in feature 2 are removed. Consider decreasing the number of bins.
  warnings.warn(
D:\Project\flash-ticket-rca-research\environments\task-e\rcd39\lib\site-packages\sklearn\preprocessing\_discretization.py:268: ConvergenceWarning: Number of distinct clusters (4) found smaller than n_clusters (5). Possibly due to duplicate points in X.
  centers = km.fit(column[:, None]).cluster_centers_[:, 0]
D:\Project\flash-ticket-rca-research\environments\task-e\rcd39\lib\site-packages\sklearn\preprocessing\_discretization.py:279: UserWarning: Bins whose width are too small (i.e., <= 1e-8) in feature 1 are removed. Consider decreasing the number of bins.
  warnings.warn(
D:\Project\flash-ticket-rca-research\environments\task-e\rcd39\lib\site-packages\sklearn\preprocessing\_discretization.py:268: ConvergenceWarning: Number of distinct clusters (4) found smaller than n_clusters (5). Possibly due to duplicate points in X.
  centers = km.fit(column[:, None]).cluster_centers_[:, 0]
D:\Project\flash-ticket-rca-research\environments\task-e\rcd39\lib\site-packages\sklearn\preprocessing\_discretization.py:268: ConvergenceWarning: Number of distinct clusters (4) found smaller than n_clusters (5). Possibly due to duplicate points in X.
  centers = km.fit(column[:, None]).cluster_centers_[:, 0]
D:\Project\flash-ticket-rca-research\environments\task-e\rcd39\lib\site-packages\sklearn\preprocessing\_discretization.py:279: UserWarning: Bins whose width are too small (i.e., <= 1e-8) in feature 2 are removed. Consider decreasing the number of bins.
  warnings.warn(
D:\Project\flash-ticket-rca-research\environments\task-e\rcd39\lib\site-packages\sklearn\preprocessing\_discretization.py:268: ConvergenceWarning: Number of distinct clusters (4) found smaller than n_clusters (5). Possibly due to duplicate points in X.
  centers = km.fit(column[:, None]).cluster_centers_[:, 0]
D:\Project\flash-ticket-rca-research\environments\task-e\rcd39\lib\site-packages\sklearn\preprocessing\_discretization.py:279: UserWarning: Bins whose width are too small (i.e., <= 1e-8) in feature 4 are removed. Consider decreasing the number of bins.
  warnings.warn(
{"event": "CONFIG_COMPLETE", "seconds": 68.2861705, "result": {"method": "RCD-RCAEval-adapted-TD12", "seed": 420, "bins": 5, "status": "SUCCESS", "ranks": ["m30", "m147", "m45", "m169", "m151", "m143", "m52", "m36", "m116"], "reason": null, "error": null, "unknown_metric_keys": []}}
{"event": "CONFIG_START", "seed": 421, "bins": 5}
D:\Project\flash-ticket-rca-research\environments\task-e\rcd39\lib\site-packages\sklearn\preprocessing\_discretization.py:268: ConvergenceWarning: Number of distinct clusters (4) found smaller than n_clusters (5). Possibly due to duplicate points in X.
  centers = km.fit(column[:, None]).cluster_centers_[:, 0]
D:\Project\flash-ticket-rca-research\environments\task-e\rcd39\lib\site-packages\sklearn\preprocessing\_discretization.py:268: ConvergenceWarning: Number of distinct clusters (4) found smaller than n_clusters (5). Possibly due to duplicate points in X.
  centers = km.fit(column[:, None]).cluster_centers_[:, 0]
D:\Project\flash-ticket-rca-research\environments\task-e\rcd39\lib\site-packages\sklearn\preprocessing\_discretization.py:279: UserWarning: Bins whose width are too small (i.e., <= 1e-8) in feature 2 are removed. Consider decreasing the number of bins.
  warnings.warn(
D:\Project\flash-ticket-rca-research\environments\task-e\rcd39\lib\site-packages\sklearn\preprocessing\_discretization.py:268: ConvergenceWarning: Number of distinct clusters (3) found smaller than n_clusters (5). Possibly due to duplicate points in X.
  centers = km.fit(column[:, None]).cluster_centers_[:, 0]
D:\Project\flash-ticket-rca-research\environments\task-e\rcd39\lib\site-packages\sklearn\preprocessing\_discretization.py:279: UserWarning: Bins whose width are too small (i.e., <= 1e-8) in feature 1 are removed. Consider decreasing the number of bins.
  warnings.warn(
D:\Project\flash-ticket-rca-research\environments\task-e\rcd39\lib\site-packages\sklearn\preprocessing\_discretization.py:268: ConvergenceWarning: Number of distinct clusters (4) found smaller than n_clusters (5). Possibly due to duplicate points in X.
  centers = km.fit(column[:, None]).cluster_centers_[:, 0]
D:\Project\flash-ticket-rca-research\environments\task-e\rcd39\lib\site-packages\sklearn\preprocessing\_discretization.py:268: ConvergenceWarning: Number of distinct clusters (3) found smaller than n_clusters (5). Possibly due to duplicate points in X.
  centers = km.fit(column[:, None]).cluster_centers_[:, 0]
D:\Project\flash-ticket-rca-research\environments\task-e\rcd39\lib\site-packages\sklearn\preprocessing\_discretization.py:279: UserWarning: Bins whose width are too small (i.e., <= 1e-8) in feature 4 are removed. Consider decreasing the number of bins.
  warnings.warn(
D:\Project\flash-ticket-rca-research\environments\task-e\rcd39\lib\site-packages\sklearn\preprocessing\_discretization.py:268: ConvergenceWarning: Number of distinct clusters (4) found smaller than n_clusters (5). Possibly due to duplicate points in X.
  centers = km.fit(column[:, None]).cluster_centers_[:, 0]
D:\Project\flash-ticket-rca-research\environments\task-e\rcd39\lib\site-packages\sklearn\preprocessing\_discretization.py:268: ConvergenceWarning: Number of distinct clusters (4) found smaller than n_clusters (5). Possibly due to duplicate points in X.
  centers = km.fit(column[:, None]).cluster_centers_[:, 0]
D:\Project\flash-ticket-rca-research\environments\task-e\rcd39\lib\site-packages\sklearn\preprocessing\_discretization.py:268: ConvergenceWarning: Number of distinct clusters (4) found smaller than n_clusters (5). Possibly due to duplicate points in X.
  centers = km.fit(column[:, None]).cluster_centers_[:, 0]
D:\Project\flash-ticket-rca-research\environments\task-e\rcd39\lib\site-packages\sklearn\preprocessing\_discretization.py:268: ConvergenceWarning: Number of distinct clusters (3) found smaller than n_clusters (5). Possibly due to duplicate points in X.
  centers = km.fit(column[:, None]).cluster_centers_[:, 0]
D:\Project\flash-ticket-rca-research\environments\task-e\rcd39\lib\site-packages\sklearn\preprocessing\_discretization.py:279: UserWarning: Bins whose width are too small (i.e., <= 1e-8) in feature 1 are removed. Consider decreasing the number of bins.
  warnings.warn(
D:\Project\flash-ticket-rca-research\environments\task-e\rcd39\lib\site-packages\sklearn\preprocessing\_discretization.py:268: ConvergenceWarning: Number of distinct clusters (4) found smaller than n_clusters (5). Possibly due to duplicate points in X.
  centers = km.fit(column[:, None]).cluster_centers_[:, 0]
D:\Project\flash-ticket-rca-research\environments\task-e\rcd39\lib\site-packages\sklearn\preprocessing\_discretization.py:279: UserWarning: Bins whose width are too small (i.e., <= 1e-8) in feature 2 are removed. Consider decreasing the number of bins.
  warnings.warn(
D:\Project\flash-ticket-rca-research\environments\task-e\rcd39\lib\site-packages\sklearn\preprocessing\_discretization.py:268: ConvergenceWarning: Number of distinct clusters (4) found smaller than n_clusters (5). Possibly due to duplicate points in X.
  centers = km.fit(column[:, None]).cluster_centers_[:, 0]
D:\Project\flash-ticket-rca-research\environments\task-e\rcd39\lib\site-packages\sklearn\preprocessing\_discretization.py:279: UserWarning: Bins whose width are too small (i.e., <= 1e-8) in feature 2 are removed. Consider decreasing the number of bins.
  warnings.warn(
D:\Project\flash-ticket-rca-research\environments\task-e\rcd39\lib\site-packages\sklearn\preprocessing\_discretization.py:268: ConvergenceWarning: Number of distinct clusters (3) found smaller than n_clusters (5). Possibly due to duplicate points in X.
  centers = km.fit(column[:, None]).cluster_centers_[:, 0]
D:\Project\flash-ticket-rca-research\environments\task-e\rcd39\lib\site-packages\sklearn\preprocessing\_discretization.py:279: UserWarning: Bins whose width are too small (i.e., <= 1e-8) in feature 3 are removed. Consider decreasing the number of bins.
  warnings.warn(
D:\Project\flash-ticket-rca-research\environments\task-e\rcd39\lib\site-packages\sklearn\preprocessing\_discretization.py:268: ConvergenceWarning: Number of distinct clusters (3) found smaller than n_clusters (5). Possibly due to duplicate points in X.
  centers = km.fit(column[:, None]).cluster_centers_[:, 0]
D:\Project\flash-ticket-rca-research\environments\task-e\rcd39\lib\site-packages\sklearn\preprocessing\_discretization.py:279: UserWarning: Bins whose width are too small (i.e., <= 1e-8) in feature 2 are removed. Consider decreasing the number of bins.
  warnings.warn(
D:\Project\flash-ticket-rca-research\environments\task-e\rcd39\lib\site-packages\sklearn\preprocessing\_discretization.py:268: ConvergenceWarning: Number of distinct clusters (4) found smaller than n_clusters (5). Possibly due to duplicate points in X.
  centers = km.fit(column[:, None]).cluster_centers_[:, 0]
D:\Project\flash-ticket-rca-research\environments\task-e\rcd39\lib\site-packages\sklearn\preprocessing\_discretization.py:268: ConvergenceWarning: Number of distinct clusters (4) found smaller than n_clusters (5). Possibly due to duplicate points in X.
  centers = km.fit(column[:, None]).cluster_centers_[:, 0]
D:\Project\flash-ticket-rca-research\environments\task-e\rcd39\lib\site-packages\sklearn\preprocessing\_discretization.py:268: ConvergenceWarning: Number of distinct clusters (4) found smaller than n_clusters (5). Possibly due to duplicate points in X.
  centers = km.fit(column[:, None]).cluster_centers_[:, 0]
D:\Project\flash-ticket-rca-research\environments\task-e\rcd39\lib\site-packages\sklearn\preprocessing\_discretization.py:268: ConvergenceWarning: Number of distinct clusters (3) found smaller than n_clusters (5). Possibly due to duplicate points in X.
  centers = km.fit(column[:, None]).cluster_centers_[:, 0]
D:\Project\flash-ticket-rca-research\environments\task-e\rcd39\lib\site-packages\sklearn\preprocessing\_discretization.py:279: UserWarning: Bins whose width are too small (i.e., <= 1e-8) in feature 1 are removed. Consider decreasing the number of bins.
  warnings.warn(
D:\Project\flash-ticket-rca-research\environments\task-e\rcd39\lib\site-packages\sklearn\preprocessing\_discretization.py:268: ConvergenceWarning: Number of distinct clusters (4) found smaller than n_clusters (5). Possibly due to duplicate points in X.
  centers = km.fit(column[:, None]).cluster_centers_[:, 0]
D:\Project\flash-ticket-rca-research\environments\task-e\rcd39\lib\site-packages\sklearn\preprocessing\_discretization.py:268: ConvergenceWarning: Number of distinct clusters (4) found smaller than n_clusters (5). Possibly due to duplicate points in X.
  centers = km.fit(column[:, None]).cluster_centers_[:, 0]
D:\Project\flash-ticket-rca-research\environments\task-e\rcd39\lib\site-packages\sklearn\preprocessing\_discretization.py:268: ConvergenceWarning: Number of distinct clusters (4) found smaller than n_clusters (5). Possibly due to duplicate points in X.
  centers = km.fit(column[:, None]).cluster_centers_[:, 0]
D:\Project\flash-ticket-rca-research\environments\task-e\rcd39\lib\site-packages\sklearn\preprocessing\_discretization.py:279: UserWarning: Bins whose width are too small (i.e., <= 1e-8) in feature 2 are removed. Consider decreasing the number of bins.
  warnings.warn(
D:\Project\flash-ticket-rca-research\environments\task-e\rcd39\lib\site-packages\sklearn\preprocessing\_discretization.py:268: ConvergenceWarning: Number of distinct clusters (4) found smaller than n_clusters (5). Possibly due to duplicate points in X.
  centers = km.fit(column[:, None]).cluster_centers_[:, 0]
D:\Project\flash-ticket-rca-research\environments\task-e\rcd39\lib\site-packages\sklearn\preprocessing\_discretization.py:279: UserWarning: Bins whose width are too small (i.e., <= 1e-8) in feature 0 are removed. Consider decreasing the number of bins.
  warnings.warn(
D:\Project\flash-ticket-rca-research\environments\task-e\rcd39\lib\site-packages\sklearn\preprocessing\_discretization.py:268: ConvergenceWarning: Number of distinct clusters (3) found smaller than n_clusters (5). Possibly due to duplicate points in X.
  centers = km.fit(column[:, None]).cluster_centers_[:, 0]
D:\Project\flash-ticket-rca-research\environments\task-e\rcd39\lib\site-packages\sklearn\preprocessing\_discretization.py:279: UserWarning: Bins whose width are too small (i.e., <= 1e-8) in feature 1 are removed. Consider decreasing the number of bins.
  warnings.warn(
D:\Project\flash-ticket-rca-research\environments\task-e\rcd39\lib\site-packages\sklearn\preprocessing\_discretization.py:268: ConvergenceWarning: Number of distinct clusters (4) found smaller than n_clusters (5). Possibly due to duplicate points in X.
  centers = km.fit(column[:, None]).cluster_centers_[:, 0]
D:\Project\flash-ticket-rca-research\environments\task-e\rcd39\lib\site-packages\sklearn\preprocessing\_discretization.py:279: UserWarning: Bins whose width are too small (i.e., <= 1e-8) in feature 0 are removed. Consider decreasing the number of bins.
  warnings.warn(
D:\Project\flash-ticket-rca-research\environments\task-e\rcd39\lib\site-packages\sklearn\preprocessing\_discretization.py:268: ConvergenceWarning: Number of distinct clusters (3) found smaller than n_clusters (5). Possibly due to duplicate points in X.
  centers = km.fit(column[:, None]).cluster_centers_[:, 0]
D:\Project\flash-ticket-rca-research\environments\task-e\rcd39\lib\site-packages\sklearn\preprocessing\_discretization.py:279: UserWarning: Bins whose width are too small (i.e., <= 1e-8) in feature 1 are removed. Consider decreasing the number of bins.
  warnings.warn(
D:\Project\flash-ticket-rca-research\environments\task-e\rcd39\lib\site-packages\sklearn\preprocessing\_discretization.py:268: ConvergenceWarning: Number of distinct clusters (3) found smaller than n_clusters (5). Possibly due to duplicate points in X.
  centers = km.fit(column[:, None]).cluster_centers_[:, 0]
D:\Project\flash-ticket-rca-research\environments\task-e\rcd39\lib\site-packages\sklearn\preprocessing\_discretization.py:279: UserWarning: Bins whose width are too small (i.e., <= 1e-8) in feature 4 are removed. Consider decreasing the number of bins.
  warnings.warn(
D:\Project\flash-ticket-rca-research\environments\task-e\rcd39\lib\site-packages\sklearn\preprocessing\_discretization.py:268: ConvergenceWarning: Number of distinct clusters (4) found smaller than n_clusters (5). Possibly due to duplicate points in X.
  centers = km.fit(column[:, None]).cluster_centers_[:, 0]
D:\Project\flash-ticket-rca-research\environments\task-e\rcd39\lib\site-packages\sklearn\preprocessing\_discretization.py:268: ConvergenceWarning: Number of distinct clusters (4) found smaller than n_clusters (5). Possibly due to duplicate points in X.
  centers = km.fit(column[:, None]).cluster_centers_[:, 0]
D:\Project\flash-ticket-rca-research\environments\task-e\rcd39\lib\site-packages\sklearn\preprocessing\_discretization.py:268: ConvergenceWarning: Number of distinct clusters (4) found smaller than n_clusters (5). Possibly due to duplicate points in X.
  centers = km.fit(column[:, None]).cluster_centers_[:, 0]
Timeout (0:01:00)!
Thread 0x00005328 (most recent call first):
  File "D:\Project\flash-ticket-rca-research\environments\task-e\rcd39\lib\site-packages\causallearn\utils\cit.py", line 184 in chisq
  File "D:\Project\flash-ticket-rca-research\environments\task-e\rcd39\lib\site-packages\causallearn\graph\GraphClass.py", line 93 in ci_test
  File "D:\Project\flash-ticket-rca-research\environments\task-e\rcd39\lib\site-packages\causallearn\utils\PCUtils\SkeletonDiscovery.py", line 194 in local_skeleton_discovery
  File "D:\Project\flash-ticket-rca-research\baselines\upstream\rcaeval-7600283af1ea5e2e9fff6f07124951d0e989de42\RCAEval\e2e\rcd_td12.py", line 80 in run_pc
  File "D:\Project\flash-ticket-rca-research\baselines\upstream\rcaeval-7600283af1ea5e2e9fff6f07124951d0e989de42\RCAEval\e2e\rcd_td12.py", line 178 in <lambda>
  File "D:\Project\flash-ticket-rca-research\baselines\upstream\rcaeval-7600283af1ea5e2e9fff6f07124951d0e989de42\RCAEval\e2e\rcd_td12.py", line 190 in run_psi_pc
  File "D:\Project\flash-ticket-rca-research\baselines\upstream\rcaeval-7600283af1ea5e2e9fff6f07124951d0e989de42\RCAEval\e2e\rcd_td12.py", line 356 in run_level
  File "D:\Project\flash-ticket-rca-research\baselines\upstream\rcaeval-7600283af1ea5e2e9fff6f07124951d0e989de42\RCAEval\e2e\rcd_td12.py", line 411 in run_multi_phase
  File "D:\Project\flash-ticket-rca-research\baselines\upstream\rcaeval-7600283af1ea5e2e9fff6f07124951d0e989de42\RCAEval\e2e\rcd_td12.py", line 491 in rcd
  File "D:\Project\flash-ticket-rca-research\scripts\task_e\comparators.py", line 85 in rcd_run
  File "<string>", line 10 in timed
  File "D:\Project\flash-ticket-rca-research\scripts\task_e\rcd_numeric_worker.py", line 210 in run_request
  File "<string>", line 13 in observed
  File "D:\Project\flash-ticket-rca-research\scripts\task_e\rcd_numeric_worker.py", line 243 in main
  File "<string>", line 16 in <module>
D:\Project\flash-ticket-rca-research\environments\task-e\rcd39\lib\site-packages\sklearn\preprocessing\_discretization.py:268: ConvergenceWarning: Number of distinct clusters (4) found smaller than n_clusters (5). Possibly due to duplicate points in X.
  centers = km.fit(column[:, None]).cluster_centers_[:, 0]
D:\Project\flash-ticket-rca-research\environments\task-e\rcd39\lib\site-packages\sklearn\preprocessing\_discretization.py:268: ConvergenceWarning: Number of distinct clusters (4) found smaller than n_clusters (5). Possibly due to duplicate points in X.
  centers = km.fit(column[:, None]).cluster_centers_[:, 0]
D:\Project\flash-ticket-rca-research\environments\task-e\rcd39\lib\site-packages\sklearn\preprocessing\_discretization.py:268: ConvergenceWarning: Number of distinct clusters (4) found smaller than n_clusters (5). Possibly due to duplicate points in X.
  centers = km.fit(column[:, None]).cluster_centers_[:, 0]
D:\Project\flash-ticket-rca-research\environments\task-e\rcd39\lib\site-packages\sklearn\preprocessing\_discretization.py:268: ConvergenceWarning: Number of distinct clusters (4) found smaller than n_clusters (5). Possibly due to duplicate points in X.
  centers = km.fit(column[:, None]).cluster_centers_[:, 0]
D:\Project\flash-ticket-rca-research\environments\task-e\rcd39\lib\site-packages\sklearn\preprocessing\_discretization.py:268: ConvergenceWarning: Number of distinct clusters (3) found smaller than n_clusters (5). Possibly due to duplicate points in X.
  centers = km.fit(column[:, None]).cluster_centers_[:, 0]
D:\Project\flash-ticket-rca-research\environments\task-e\rcd39\lib\site-packages\sklearn\preprocessing\_discretization.py:279: UserWarning: Bins whose width are too small (i.e., <= 1e-8) in feature 2 are removed. Consider decreasing the number of bins.
  warnings.warn(
D:\Project\flash-ticket-rca-research\environments\task-e\rcd39\lib\site-packages\sklearn\preprocessing\_discretization.py:268: ConvergenceWarning: Number of distinct clusters (4) found smaller than n_clusters (5). Possibly due to duplicate points in X.
  centers = km.fit(column[:, None]).cluster_centers_[:, 0]
D:\Project\flash-ticket-rca-research\environments\task-e\rcd39\lib\site-packages\sklearn\preprocessing\_discretization.py:268: ConvergenceWarning: Number of distinct clusters (3) found smaller than n_clusters (5). Possibly due to duplicate points in X.
  centers = km.fit(column[:, None]).cluster_centers_[:, 0]
D:\Project\flash-ticket-rca-research\environments\task-e\rcd39\lib\site-packages\sklearn\preprocessing\_discretization.py:279: UserWarning: Bins whose width are too small (i.e., <= 1e-8) in feature 4 are removed. Consider decreasing the number of bins.
  warnings.warn(
D:\Project\flash-ticket-rca-research\environments\task-e\rcd39\lib\site-packages\sklearn\preprocessing\_discretization.py:268: ConvergenceWarning: Number of distinct clusters (3) found smaller than n_clusters (5). Possibly due to duplicate points in X.
  centers = km.fit(column[:, None]).cluster_centers_[:, 0]
D:\Project\flash-ticket-rca-research\environments\task-e\rcd39\lib\site-packages\sklearn\preprocessing\_discretization.py:279: UserWarning: Bins whose width are too small (i.e., <= 1e-8) in feature 4 are removed. Consider decreasing the number of bins.
  warnings.warn(
D:\Project\flash-ticket-rca-research\environments\task-e\rcd39\lib\site-packages\sklearn\preprocessing\_discretization.py:268: ConvergenceWarning: Number of distinct clusters (4) found smaller than n_clusters (5). Possibly due to duplicate points in X.
  centers = km.fit(column[:, None]).cluster_centers_[:, 0]
D:\Project\flash-ticket-rca-research\environments\task-e\rcd39\lib\site-packages\sklearn\preprocessing\_discretization.py:268: ConvergenceWarning: Number of distinct clusters (3) found smaller than n_clusters (5). Possibly due to duplicate points in X.
  centers = km.fit(column[:, None]).cluster_centers_[:, 0]
D:\Project\flash-ticket-rca-research\environments\task-e\rcd39\lib\site-packages\sklearn\preprocessing\_discretization.py:279: UserWarning: Bins whose width are too small (i.e., <= 1e-8) in feature 1 are removed. Consider decreasing the number of bins.
  warnings.warn(
D:\Project\flash-ticket-rca-research\environments\task-e\rcd39\lib\site-packages\sklearn\preprocessing\_discretization.py:268: ConvergenceWarning: Number of distinct clusters (4) found smaller than n_clusters (5). Possibly due to duplicate points in X.
  centers = km.fit(column[:, None]).cluster_centers_[:, 0]
D:\Project\flash-ticket-rca-research\environments\task-e\rcd39\lib\site-packages\sklearn\preprocessing\_discretization.py:268: ConvergenceWarning: Number of distinct clusters (3) found smaller than n_clusters (5). Possibly due to duplicate points in X.
  centers = km.fit(column[:, None]).cluster_centers_[:, 0]
D:\Project\flash-ticket-rca-research\environments\task-e\rcd39\lib\site-packages\sklearn\preprocessing\_discretization.py:279: UserWarning: Bins whose width are too small (i.e., <= 1e-8) in feature 0 are removed. Consider decreasing the number of bins.
  warnings.warn(
D:\Project\flash-ticket-rca-research\environments\task-e\rcd39\lib\site-packages\sklearn\preprocessing\_discretization.py:268: ConvergenceWarning: Number of distinct clusters (3) found smaller than n_clusters (5). Possibly due to duplicate points in X.
  centers = km.fit(column[:, None]).cluster_centers_[:, 0]
D:\Project\flash-ticket-rca-research\environments\task-e\rcd39\lib\site-packages\sklearn\preprocessing\_discretization.py:279: UserWarning: Bins whose width are too small (i.e., <= 1e-8) in feature 1 are removed. Consider decreasing the number of bins.
  warnings.warn(
D:\Project\flash-ticket-rca-research\environments\task-e\rcd39\lib\site-packages\sklearn\preprocessing\_discretization.py:268: ConvergenceWarning: Number of distinct clusters (4) found smaller than n_clusters (5). Possibly due to duplicate points in X.
  centers = km.fit(column[:, None]).cluster_centers_[:, 0]
D:\Project\flash-ticket-rca-research\environments\task-e\rcd39\lib\site-packages\sklearn\preprocessing\_discretization.py:268: ConvergenceWarning: Number of distinct clusters (4) found smaller than n_clusters (5). Possibly due to duplicate points in X.
  centers = km.fit(column[:, None]).cluster_centers_[:, 0]
D:\Project\flash-ticket-rca-research\environments\task-e\rcd39\lib\site-packages\sklearn\preprocessing\_discretization.py:268: ConvergenceWarning: Number of distinct clusters (4) found smaller than n_clusters (5). Possibly due to duplicate points in X.
  centers = km.fit(column[:, None]).cluster_centers_[:, 0]
D:\Project\flash-ticket-rca-research\environments\task-e\rcd39\lib\site-packages\sklearn\preprocessing\_discretization.py:268: ConvergenceWarning: Number of distinct clusters (3) found smaller than n_clusters (5). Possibly due to duplicate points in X.
  centers = km.fit(column[:, None]).cluster_centers_[:, 0]
D:\Project\flash-ticket-rca-research\environments\task-e\rcd39\lib\site-packages\sklearn\preprocessing\_discretization.py:279: UserWarning: Bins whose width are too small (i.e., <= 1e-8) in feature 2 are removed. Consider decreasing the number of bins.
  warnings.warn(
D:\Project\flash-ticket-rca-research\environments\task-e\rcd39\lib\site-packages\sklearn\preprocessing\_discretization.py:268: ConvergenceWarning: Number of distinct clusters (4) found smaller than n_clusters (5). Possibly due to duplicate points in X.
  centers = km.fit(column[:, None]).cluster_centers_[:, 0]
D:\Project\flash-ticket-rca-research\environments\task-e\rcd39\lib\site-packages\sklearn\preprocessing\_discretization.py:268: ConvergenceWarning: Number of distinct clusters (4) found smaller than n_clusters (5). Possibly due to duplicate points in X.
  centers = km.fit(column[:, None]).cluster_centers_[:, 0]
D:\Project\flash-ticket-rca-research\environments\task-e\rcd39\lib\site-packages\sklearn\preprocessing\_discretization.py:268: ConvergenceWarning: Number of distinct clusters (4) found smaller than n_clusters (5). Possibly due to duplicate points in X.
  centers = km.fit(column[:, None]).cluster_centers_[:, 0]
D:\Project\flash-ticket-rca-research\environments\task-e\rcd39\lib\site-packages\sklearn\preprocessing\_discretization.py:268: ConvergenceWarning: Number of distinct clusters (3) found smaller than n_clusters (5). Possibly due to duplicate points in X.
  centers = km.fit(column[:, None]).cluster_centers_[:, 0]
D:\Project\flash-ticket-rca-research\environments\task-e\rcd39\lib\site-packages\sklearn\preprocessing\_discretization.py:279: UserWarning: Bins whose width are too small (i.e., <= 1e-8) in feature 3 are removed. Consider decreasing the number of bins.
  warnings.warn(
D:\Project\flash-ticket-rca-research\environments\task-e\rcd39\lib\site-packages\sklearn\preprocessing\_discretization.py:268: ConvergenceWarning: Number of distinct clusters (3) found smaller than n_clusters (5). Possibly due to duplicate points in X.
  centers = km.fit(column[:, None]).cluster_centers_[:, 0]
D:\Project\flash-ticket-rca-research\environments\task-e\rcd39\lib\site-packages\sklearn\preprocessing\_discretization.py:279: UserWarning: Bins whose width are too small (i.e., <= 1e-8) in feature 4 are removed. Consider decreasing the number of bins.
  warnings.warn(
D:\Project\flash-ticket-rca-research\environments\task-e\rcd39\lib\site-packages\sklearn\preprocessing\_discretization.py:268: ConvergenceWarning: Number of distinct clusters (4) found smaller than n_clusters (5). Possibly due to duplicate points in X.
  centers = km.fit(column[:, None]).cluster_centers_[:, 0]
D:\Project\flash-ticket-rca-research\environments\task-e\rcd39\lib\site-packages\sklearn\preprocessing\_discretization.py:268: ConvergenceWarning: Number of distinct clusters (4) found smaller than n_clusters (5). Possibly due to duplicate points in X.
  centers = km.fit(column[:, None]).cluster_centers_[:, 0]
D:\Project\flash-ticket-rca-research\environments\task-e\rcd39\lib\site-packages\sklearn\preprocessing\_discretization.py:268: ConvergenceWarning: Number of distinct clusters (4) found smaller than n_clusters (5). Possibly due to duplicate points in X.
  centers = km.fit(column[:, None]).cluster_centers_[:, 0]
D:\Project\flash-ticket-rca-research\environments\task-e\rcd39\lib\site-packages\sklearn\preprocessing\_discretization.py:268: ConvergenceWarning: Number of distinct clusters (4) found smaller than n_clusters (5). Possibly due to duplicate points in X.
  centers = km.fit(column[:, None]).cluster_centers_[:, 0]
D:\Project\flash-ticket-rca-research\environments\task-e\rcd39\lib\site-packages\sklearn\preprocessing\_discretization.py:268: ConvergenceWarning: Number of distinct clusters (3) found smaller than n_clusters (5). Possibly due to duplicate points in X.
  centers = km.fit(column[:, None]).cluster_centers_[:, 0]
D:\Project\flash-ticket-rca-research\environments\task-e\rcd39\lib\site-packages\sklearn\preprocessing\_discretization.py:279: UserWarning: Bins whose width are too small (i.e., <= 1e-8) in feature 2 are removed. Consider decreasing the number of bins.
  warnings.warn(
D:\Project\flash-ticket-rca-research\environments\task-e\rcd39\lib\site-packages\sklearn\preprocessing\_discretization.py:268: ConvergenceWarning: Number of distinct clusters (3) found smaller than n_clusters (5). Possibly due to duplicate points in X.
  centers = km.fit(column[:, None]).cluster_centers_[:, 0]
D:\Project\flash-ticket-rca-research\environments\task-e\rcd39\lib\site-packages\sklearn\preprocessing\_discretization.py:279: UserWarning: Bins whose width are too small (i.e., <= 1e-8) in feature 4 are removed. Consider decreasing the number of bins.
  warnings.warn(
D:\Project\flash-ticket-rca-research\environments\task-e\rcd39\lib\site-packages\sklearn\preprocessing\_discretization.py:268: ConvergenceWarning: Number of distinct clusters (3) found smaller than n_clusters (5). Possibly due to duplicate points in X.
  centers = km.fit(column[:, None]).cluster_centers_[:, 0]
D:\Project\flash-ticket-rca-research\environments\task-e\rcd39\lib\site-packages\sklearn\preprocessing\_discretization.py:279: UserWarning: Bins whose width are too small (i.e., <= 1e-8) in feature 2 are removed. Consider decreasing the number of bins.
  warnings.warn(
D:\Project\flash-ticket-rca-research\environments\task-e\rcd39\lib\site-packages\sklearn\preprocessing\_discretization.py:268: ConvergenceWarning: Number of distinct clusters (3) found smaller than n_clusters (5). Possibly due to duplicate points in X.
  centers = km.fit(column[:, None]).cluster_centers_[:, 0]
D:\Project\flash-ticket-rca-research\environments\task-e\rcd39\lib\site-packages\sklearn\preprocessing\_discretization.py:279: UserWarning: Bins whose width are too small (i.e., <= 1e-8) in feature 0 are removed. Consider decreasing the number of bins.
  warnings.warn(
D:\Project\flash-ticket-rca-research\environments\task-e\rcd39\lib\site-packages\sklearn\preprocessing\_discretization.py:268: ConvergenceWarning: Number of distinct clusters (4) found smaller than n_clusters (5). Possibly due to duplicate points in X.
  centers = km.fit(column[:, None]).cluster_centers_[:, 0]
D:\Project\flash-ticket-rca-research\environments\task-e\rcd39\lib\site-packages\sklearn\preprocessing\_discretization.py:268: ConvergenceWarning: Number of distinct clusters (3) found smaller than n_clusters (5). Possibly due to duplicate points in X.
  centers = km.fit(column[:, None]).cluster_centers_[:, 0]
D:\Project\flash-ticket-rca-research\environments\task-e\rcd39\lib\site-packages\sklearn\preprocessing\_discretization.py:279: UserWarning: Bins whose width are too small (i.e., <= 1e-8) in feature 0 are removed. Consider decreasing the number of bins.
  warnings.warn(
D:\Project\flash-ticket-rca-research\environments\task-e\rcd39\lib\site-packages\sklearn\preprocessing\_discretization.py:268: ConvergenceWarning: Number of distinct clusters (4) found smaller than n_clusters (5). Possibly due to duplicate points in X.
  centers = km.fit(column[:, None]).cluster_centers_[:, 0]
D:\Project\flash-ticket-rca-research\environments\task-e\rcd39\lib\site-packages\sklearn\preprocessing\_discretization.py:268: ConvergenceWarning: Number of distinct clusters (4) found smaller than n_clusters (5). Possibly due to duplicate points in X.
  centers = km.fit(column[:, None]).cluster_centers_[:, 0]
D:\Project\flash-ticket-rca-research\environments\task-e\rcd39\lib\site-packages\sklearn\preprocessing\_discretization.py:268: ConvergenceWarning: Number of distinct clusters (3) found smaller than n_clusters (5). Possibly due to duplicate points in X.
  centers = km.fit(column[:, None]).cluster_centers_[:, 0]
D:\Project\flash-ticket-rca-research\environments\task-e\rcd39\lib\site-packages\sklearn\preprocessing\_discretization.py:279: UserWarning: Bins whose width are too small (i.e., <= 1e-8) in feature 0 are removed. Consider decreasing the number of bins.
  warnings.warn(
D:\Project\flash-ticket-rca-research\environments\task-e\rcd39\lib\site-packages\sklearn\preprocessing\_discretization.py:268: ConvergenceWarning: Number of distinct clusters (3) found smaller than n_clusters (5). Possibly due to duplicate points in X.
  centers = km.fit(column[:, None]).cluster_centers_[:, 0]
D:\Project\flash-ticket-rca-research\environments\task-e\rcd39\lib\site-packages\sklearn\preprocessing\_discretization.py:279: UserWarning: Bins whose width are too small (i.e., <= 1e-8) in feature 3 are removed. Consider decreasing the number of bins.
  warnings.warn(
D:\Project\flash-ticket-rca-research\environments\task-e\rcd39\lib\site-packages\sklearn\preprocessing\_discretization.py:268: ConvergenceWarning: Number of distinct clusters (4) found smaller than n_clusters (5). Possibly due to duplicate points in X.
  centers = km.fit(column[:, None]).cluster_centers_[:, 0]
D:\Project\flash-ticket-rca-research\environments\task-e\rcd39\lib\site-packages\sklearn\preprocessing\_discretization.py:268: ConvergenceWarning: Number of distinct clusters (3) found smaller than n_clusters (5). Possibly due to duplicate points in X.
  centers = km.fit(column[:, None]).cluster_centers_[:, 0]
D:\Project\flash-ticket-rca-research\environments\task-e\rcd39\lib\site-packages\sklearn\preprocessing\_discretization.py:279: UserWarning: Bins whose width are too small (i.e., <= 1e-8) in feature 2 are removed. Consider decreasing the number of bins.
  warnings.warn(
D:\Project\flash-ticket-rca-research\environments\task-e\rcd39\lib\site-packages\sklearn\preprocessing\_discretization.py:268: ConvergenceWarning: Number of distinct clusters (3) found smaller than n_clusters (5). Possibly due to duplicate points in X.
  centers = km.fit(column[:, None]).cluster_centers_[:, 0]
D:\Project\flash-ticket-rca-research\environments\task-e\rcd39\lib\site-packages\sklearn\preprocessing\_discretization.py:279: UserWarning: Bins whose width are too small (i.e., <= 1e-8) in feature 2 are removed. Consider decreasing the number of bins.
  warnings.warn(
D:\Project\flash-ticket-rca-research\environments\task-e\rcd39\lib\site-packages\sklearn\preprocessing\_discretization.py:268: ConvergenceWarning: Number of distinct clusters (4) found smaller than n_clusters (5). Possibly due to duplicate points in X.
  centers = km.fit(column[:, None]).cluster_centers_[:, 0]
D:\Project\flash-ticket-rca-research\environments\task-e\rcd39\lib\site-packages\sklearn\preprocessing\_discretization.py:268: ConvergenceWarning: Number of distinct clusters (4) found smaller than n_clusters (5). Possibly due to duplicate points in X.
  centers = km.fit(column[:, None]).cluster_centers_[:, 0]
D:\Project\flash-ticket-rca-research\environments\task-e\rcd39\lib\site-packages\sklearn\preprocessing\_discretization.py:268: ConvergenceWarning: Number of distinct clusters (3) found smaller than n_clusters (5). Possibly due to duplicate points in X.
  centers = km.fit(column[:, None]).cluster_centers_[:, 0]
D:\Project\flash-ticket-rca-research\environments\task-e\rcd39\lib\site-packages\sklearn\preprocessing\_discretization.py:279: UserWarning: Bins whose width are too small (i.e., <= 1e-8) in feature 0 are removed. Consider decreasing the number of bins.
  warnings.warn(
D:\Project\flash-ticket-rca-research\environments\task-e\rcd39\lib\site-packages\sklearn\preprocessing\_discretization.py:268: ConvergenceWarning: Number of distinct clusters (3) found smaller than n_clusters (5). Possibly due to duplicate points in X.
  centers = km.fit(column[:, None]).cluster_centers_[:, 0]
D:\Project\flash-ticket-rca-research\environments\task-e\rcd39\lib\site-packages\sklearn\preprocessing\_discretization.py:279: UserWarning: Bins whose width are too small (i.e., <= 1e-8) in feature 4 are removed. Consider decreasing the number of bins.
  warnings.warn(
D:\Project\flash-ticket-rca-research\environments\task-e\rcd39\lib\site-packages\sklearn\preprocessing\_discretization.py:268: ConvergenceWarning: Number of distinct clusters (4) found smaller than n_clusters (5). Possibly due to duplicate points in X.
  centers = km.fit(column[:, None]).cluster_centers_[:, 0]
D:\Project\flash-ticket-rca-research\environments\task-e\rcd39\lib\site-packages\sklearn\preprocessing\_discretization.py:268: ConvergenceWarning: Number of distinct clusters (3) found smaller than n_clusters (5). Possibly due to duplicate points in X.
  centers = km.fit(column[:, None]).cluster_centers_[:, 0]
D:\Project\flash-ticket-rca-research\environments\task-e\rcd39\lib\site-packages\sklearn\preprocessing\_discretization.py:279: UserWarning: Bins whose width are too small (i.e., <= 1e-8) in feature 3 are removed. Consider decreasing the number of bins.
  warnings.warn(
D:\Project\flash-ticket-rca-research\environments\task-e\rcd39\lib\site-packages\sklearn\preprocessing\_discretization.py:268: ConvergenceWarning: Number of distinct clusters (3) found smaller than n_clusters (5). Possibly due to duplicate points in X.
  centers = km.fit(column[:, None]).cluster_centers_[:, 0]
D:\Project\flash-ticket-rca-research\environments\task-e\rcd39\lib\site-packages\sklearn\preprocessing\_discretization.py:279: UserWarning: Bins whose width are too small (i.e., <= 1e-8) in feature 4 are removed. Consider decreasing the number of bins.
  warnings.warn(
D:\Project\flash-ticket-rca-research\environments\task-e\rcd39\lib\site-packages\sklearn\preprocessing\_discretization.py:268: ConvergenceWarning: Number of distinct clusters (4) found smaller than n_clusters (5). Possibly due to duplicate points in X.
  centers = km.fit(column[:, None]).cluster_centers_[:, 0]
D:\Project\flash-ticket-rca-research\environments\task-e\rcd39\lib\site-packages\sklearn\preprocessing\_discretization.py:268: ConvergenceWarning: Number of distinct clusters (3) found smaller than n_clusters (5). Possibly due to duplicate points in X.
  centers = km.fit(column[:, None]).cluster_centers_[:, 0]
D:\Project\flash-ticket-rca-research\environments\task-e\rcd39\lib\site-packages\sklearn\preprocessing\_discretization.py:279: UserWarning: Bins whose width are too small (i.e., <= 1e-8) in feature 0 are removed. Consider decreasing the number of bins.
  warnings.warn(
D:\Project\flash-ticket-rca-research\environments\task-e\rcd39\lib\site-packages\sklearn\preprocessing\_discretization.py:268: ConvergenceWarning: Number of distinct clusters (4) found smaller than n_clusters (5). Possibly due to duplicate points in X.
  centers = km.fit(column[:, None]).cluster_centers_[:, 0]
D:\Project\flash-ticket-rca-research\environments\task-e\rcd39\lib\site-packages\sklearn\preprocessing\_discretization.py:268: ConvergenceWarning: Number of distinct clusters (3) found smaller than n_clusters (5). Possibly due to duplicate points in X.
  centers = km.fit(column[:, None]).cluster_centers_[:, 0]
D:\Project\flash-ticket-rca-research\environments\task-e\rcd39\lib\site-packages\sklearn\preprocessing\_discretization.py:279: UserWarning: Bins whose width are too small (i.e., <= 1e-8) in feature 3 are removed. Consider decreasing the number of bins.
  warnings.warn(
D:\Project\flash-ticket-rca-research\environments\task-e\rcd39\lib\site-packages\sklearn\preprocessing\_discretization.py:268: ConvergenceWarning: Number of distinct clusters (4) found smaller than n_clusters (5). Possibly due to duplicate points in X.
  centers = km.fit(column[:, None]).cluster_centers_[:, 0]
D:\Project\flash-ticket-rca-research\environments\task-e\rcd39\lib\site-packages\sklearn\preprocessing\_discretization.py:268: ConvergenceWarning: Number of distinct clusters (3) found smaller than n_clusters (5). Possibly due to duplicate points in X.
  centers = km.fit(column[:, None]).cluster_centers_[:, 0]
D:\Project\flash-ticket-rca-research\environments\task-e\rcd39\lib\site-packages\sklearn\preprocessing\_discretization.py:279: UserWarning: Bins whose width are too small (i.e., <= 1e-8) in feature 0 are removed. Consider decreasing the number of bins.
  warnings.warn(
D:\Project\flash-ticket-rca-research\environments\task-e\rcd39\lib\site-packages\sklearn\preprocessing\_discretization.py:268: ConvergenceWarning: Number of distinct clusters (3) found smaller than n_clusters (5). Possibly due to duplicate points in X.
  centers = km.fit(column[:, None]).cluster_centers_[:, 0]
D:\Project\flash-ticket-rca-research\environments\task-e\rcd39\lib\site-packages\sklearn\preprocessing\_discretization.py:279: UserWarning: Bins whose width are too small (i.e., <= 1e-8) in feature 1 are removed. Consider decreasing the number of bins.
  warnings.warn(
D:\Project\flash-ticket-rca-research\environments\task-e\rcd39\lib\site-packages\sklearn\preprocessing\_discretization.py:268: ConvergenceWarning: Number of distinct clusters (3) found smaller than n_clusters (5). Possibly due to duplicate points in X.
  centers = km.fit(column[:, None]).cluster_centers_[:, 0]
D:\Project\flash-ticket-rca-research\environments\task-e\rcd39\lib\site-packages\sklearn\preprocessing\_discretization.py:279: UserWarning: Bins whose width are too small (i.e., <= 1e-8) in feature 4 are removed. Consider decreasing the number of bins.
  warnings.warn(
D:\Project\flash-ticket-rca-research\environments\task-e\rcd39\lib\site-packages\sklearn\preprocessing\_discretization.py:268: ConvergenceWarning: Number of distinct clusters (4) found smaller than n_clusters (5). Possibly due to duplicate points in X.
  centers = km.fit(column[:, None]).cluster_centers_[:, 0]
Timeout (0:01:00)!
Thread 0x00005328 (most recent call first):
  File "D:\Project\flash-ticket-rca-research\environments\task-e\rcd39\lib\site-packages\causallearn\graph\GraphClass.py", line 102 in neighbors
  File "D:\Project\flash-ticket-rca-research\environments\task-e\rcd39\lib\site-packages\causallearn\utils\PCUtils\SkeletonDiscovery.py", line 190 in <listcomp>
  File "D:\Project\flash-ticket-rca-research\environments\task-e\rcd39\lib\site-packages\causallearn\utils\PCUtils\SkeletonDiscovery.py", line 190 in local_skeleton_discovery
  File "D:\Project\flash-ticket-rca-research\baselines\upstream\rcaeval-7600283af1ea5e2e9fff6f07124951d0e989de42\RCAEval\e2e\rcd_td12.py", line 80 in run_pc
  File "D:\Project\flash-ticket-rca-research\baselines\upstream\rcaeval-7600283af1ea5e2e9fff6f07124951d0e989de42\RCAEval\e2e\rcd_td12.py", line 178 in <lambda>
  File "D:\Project\flash-ticket-rca-research\baselines\upstream\rcaeval-7600283af1ea5e2e9fff6f07124951d0e989de42\RCAEval\e2e\rcd_td12.py", line 190 in run_psi_pc
  File "D:\Project\flash-ticket-rca-research\baselines\upstream\rcaeval-7600283af1ea5e2e9fff6f07124951d0e989de42\RCAEval\e2e\rcd_td12.py", line 356 in run_level
  File "D:\Project\flash-ticket-rca-research\baselines\upstream\rcaeval-7600283af1ea5e2e9fff6f07124951d0e989de42\RCAEval\e2e\rcd_td12.py", line 411 in run_multi_phase
  File "D:\Project\flash-ticket-rca-research\baselines\upstream\rcaeval-7600283af1ea5e2e9fff6f07124951d0e989de42\RCAEval\e2e\rcd_td12.py", line 491 in rcd
  File "D:\Project\flash-ticket-rca-research\scripts\task_e\comparators.py", line 85 in rcd_run
  File "<string>", line 10 in timed
  File "D:\Project\flash-ticket-rca-research\scripts\task_e\rcd_numeric_worker.py", line 210 in run_request
  File "<string>", line 13 in observed
  File "D:\Project\flash-ticket-rca-research\scripts\task_e\rcd_numeric_worker.py", line 243 in main
  File "<string>", line 16 in <module>
D:\Project\flash-ticket-rca-research\environments\task-e\rcd39\lib\site-packages\sklearn\preprocessing\_discretization.py:268: ConvergenceWarning: Number of distinct clusters (3) found smaller than n_clusters (5). Possibly due to duplicate points in X.
  centers = km.fit(column[:, None]).cluster_centers_[:, 0]
D:\Project\flash-ticket-rca-research\environments\task-e\rcd39\lib\site-packages\sklearn\preprocessing\_discretization.py:279: UserWarning: Bins whose width are too small (i.e., <= 1e-8) in feature 0 are removed. Consider decreasing the number of bins.
  warnings.warn(
D:\Project\flash-ticket-rca-research\environments\task-e\rcd39\lib\site-packages\sklearn\preprocessing\_discretization.py:268: ConvergenceWarning: Number of distinct clusters (3) found smaller than n_clusters (5). Possibly due to duplicate points in X.
  centers = km.fit(column[:, None]).cluster_centers_[:, 0]
D:\Project\flash-ticket-rca-research\environments\task-e\rcd39\lib\site-packages\sklearn\preprocessing\_discretization.py:279: UserWarning: Bins whose width are too small (i.e., <= 1e-8) in feature 3 are removed. Consider decreasing the number of bins.
  warnings.warn(
D:\Project\flash-ticket-rca-research\environments\task-e\rcd39\lib\site-packages\sklearn\preprocessing\_discretization.py:268: ConvergenceWarning: Number of distinct clusters (4) found smaller than n_clusters (5). Possibly due to duplicate points in X.
  centers = km.fit(column[:, None]).cluster_centers_[:, 0]
D:\Project\flash-ticket-rca-research\environments\task-e\rcd39\lib\site-packages\sklearn\preprocessing\_discretization.py:268: ConvergenceWarning: Number of distinct clusters (4) found smaller than n_clusters (5). Possibly due to duplicate points in X.
  centers = km.fit(column[:, None]).cluster_centers_[:, 0]
D:\Project\flash-ticket-rca-research\environments\task-e\rcd39\lib\site-packages\sklearn\preprocessing\_discretization.py:268: ConvergenceWarning: Number of distinct clusters (3) found smaller than n_clusters (5). Possibly due to duplicate points in X.
  centers = km.fit(column[:, None]).cluster_centers_[:, 0]
D:\Project\flash-ticket-rca-research\environments\task-e\rcd39\lib\site-packages\sklearn\preprocessing\_discretization.py:279: UserWarning: Bins whose width are too small (i.e., <= 1e-8) in feature 2 are removed. Consider decreasing the number of bins.
  warnings.warn(
D:\Project\flash-ticket-rca-research\environments\task-e\rcd39\lib\site-packages\sklearn\preprocessing\_discretization.py:268: ConvergenceWarning: Number of distinct clusters (4) found smaller than n_clusters (5). Possibly due to duplicate points in X.
  centers = km.fit(column[:, None]).cluster_centers_[:, 0]
D:\Project\flash-ticket-rca-research\environments\task-e\rcd39\lib\site-packages\sklearn\preprocessing\_discretization.py:268: ConvergenceWarning: Number of distinct clusters (4) found smaller than n_clusters (5). Possibly due to duplicate points in X.
  centers = km.fit(column[:, None]).cluster_centers_[:, 0]
D:\Project\flash-ticket-rca-research\environments\task-e\rcd39\lib\site-packages\sklearn\preprocessing\_discretization.py:268: ConvergenceWarning: Number of distinct clusters (4) found smaller than n_clusters (5). Possibly due to duplicate points in X.
  centers = km.fit(column[:, None]).cluster_centers_[:, 0]
D:\Project\flash-ticket-rca-research\environments\task-e\rcd39\lib\site-packages\sklearn\preprocessing\_discretization.py:268: ConvergenceWarning: Number of distinct clusters (3) found smaller than n_clusters (5). Possibly due to duplicate points in X.
  centers = km.fit(column[:, None]).cluster_centers_[:, 0]
D:\Project\flash-ticket-rca-research\environments\task-e\rcd39\lib\site-packages\sklearn\preprocessing\_discretization.py:279: UserWarning: Bins whose width are too small (i.e., <= 1e-8) in feature 0 are removed. Consider decreasing the number of bins.
  warnings.warn(
D:\Project\flash-ticket-rca-research\environments\task-e\rcd39\lib\site-packages\sklearn\preprocessing\_discretization.py:268: ConvergenceWarning: Number of distinct clusters (4) found smaller than n_clusters (5). Possibly due to duplicate points in X.
  centers = km.fit(column[:, None]).cluster_centers_[:, 0]
D:\Project\flash-ticket-rca-research\environments\task-e\rcd39\lib\site-packages\sklearn\preprocessing\_discretization.py:268: ConvergenceWarning: Number of distinct clusters (4) found smaller than n_clusters (5). Possibly due to duplicate points in X.
  centers = km.fit(column[:, None]).cluster_centers_[:, 0]
D:\Project\flash-ticket-rca-research\environments\task-e\rcd39\lib\site-packages\sklearn\preprocessing\_discretization.py:268: ConvergenceWarning: Number of distinct clusters (4) found smaller than n_clusters (5). Possibly due to duplicate points in X.
  centers = km.fit(column[:, None]).cluster_centers_[:, 0]
D:\Project\flash-ticket-rca-research\environments\task-e\rcd39\lib\site-packages\sklearn\preprocessing\_discretization.py:268: ConvergenceWarning: Number of distinct clusters (4) found smaller than n_clusters (5). Possibly due to duplicate points in X.
  centers = km.fit(column[:, None]).cluster_centers_[:, 0]
{"event": "CONFIG_COMPLETE", "seconds": 109.1787724, "result": {"method": "RCD-RCAEval-adapted-TD12", "seed": 421, "bins": 5, "status": "SUCCESS", "ranks": ["m30", "m45", "m147"], "reason": null, "error": null, "unknown_metric_keys": []}}
{"event": "CONFIG_START", "seed": 422, "bins": 5}
D:\Project\flash-ticket-rca-research\environments\task-e\rcd39\lib\site-packages\sklearn\preprocessing\_discretization.py:268: ConvergenceWarning: Number of distinct clusters (3) found smaller than n_clusters (5). Possibly due to duplicate points in X.
  centers = km.fit(column[:, None]).cluster_centers_[:, 0]
D:\Project\flash-ticket-rca-research\environments\task-e\rcd39\lib\site-packages\sklearn\preprocessing\_discretization.py:279: UserWarning: Bins whose width are too small (i.e., <= 1e-8) in feature 4 are removed. Consider decreasing the number of bins.
  warnings.warn(
D:\Project\flash-ticket-rca-research\environments\task-e\rcd39\lib\site-packages\sklearn\preprocessing\_discretization.py:268: ConvergenceWarning: Number of distinct clusters (3) found smaller than n_clusters (5). Possibly due to duplicate points in X.
  centers = km.fit(column[:, None]).cluster_centers_[:, 0]
D:\Project\flash-ticket-rca-research\environments\task-e\rcd39\lib\site-packages\sklearn\preprocessing\_discretization.py:279: UserWarning: Bins whose width are too small (i.e., <= 1e-8) in feature 0 are removed. Consider decreasing the number of bins.
  warnings.warn(
D:\Project\flash-ticket-rca-research\environments\task-e\rcd39\lib\site-packages\sklearn\preprocessing\_discretization.py:268: ConvergenceWarning: Number of distinct clusters (4) found smaller than n_clusters (5). Possibly due to duplicate points in X.
  centers = km.fit(column[:, None]).cluster_centers_[:, 0]
D:\Project\flash-ticket-rca-research\environments\task-e\rcd39\lib\site-packages\sklearn\preprocessing\_discretization.py:268: ConvergenceWarning: Number of distinct clusters (4) found smaller than n_clusters (5). Possibly due to duplicate points in X.
  centers = km.fit(column[:, None]).cluster_centers_[:, 0]
D:\Project\flash-ticket-rca-research\environments\task-e\rcd39\lib\site-packages\sklearn\preprocessing\_discretization.py:279: UserWarning: Bins whose width are too small (i.e., <= 1e-8) in feature 1 are removed. Consider decreasing the number of bins.
  warnings.warn(
D:\Project\flash-ticket-rca-research\environments\task-e\rcd39\lib\site-packages\sklearn\preprocessing\_discretization.py:268: ConvergenceWarning: Number of distinct clusters (4) found smaller than n_clusters (5). Possibly due to duplicate points in X.
  centers = km.fit(column[:, None]).cluster_centers_[:, 0]
D:\Project\flash-ticket-rca-research\environments\task-e\rcd39\lib\site-packages\sklearn\preprocessing\_discretization.py:268: ConvergenceWarning: Number of distinct clusters (4) found smaller than n_clusters (5). Possibly due to duplicate points in X.
  centers = km.fit(column[:, None]).cluster_centers_[:, 0]
D:\Project\flash-ticket-rca-research\environments\task-e\rcd39\lib\site-packages\sklearn\preprocessing\_discretization.py:268: ConvergenceWarning: Number of distinct clusters (4) found smaller than n_clusters (5). Possibly due to duplicate points in X.
  centers = km.fit(column[:, None]).cluster_centers_[:, 0]
D:\Project\flash-ticket-rca-research\environments\task-e\rcd39\lib\site-packages\sklearn\preprocessing\_discretization.py:268: ConvergenceWarning: Number of distinct clusters (3) found smaller than n_clusters (5). Possibly due to duplicate points in X.
  centers = km.fit(column[:, None]).cluster_centers_[:, 0]
D:\Project\flash-ticket-rca-research\environments\task-e\rcd39\lib\site-packages\sklearn\preprocessing\_discretization.py:279: UserWarning: Bins whose width are too small (i.e., <= 1e-8) in feature 4 are removed. Consider decreasing the number of bins.
  warnings.warn(
D:\Project\flash-ticket-rca-research\environments\task-e\rcd39\lib\site-packages\sklearn\preprocessing\_discretization.py:268: ConvergenceWarning: Number of distinct clusters (4) found smaller than n_clusters (5). Possibly due to duplicate points in X.
  centers = km.fit(column[:, None]).cluster_centers_[:, 0]
D:\Project\flash-ticket-rca-research\environments\task-e\rcd39\lib\site-packages\sklearn\preprocessing\_discretization.py:279: UserWarning: Bins whose width are too small (i.e., <= 1e-8) in feature 4 are removed. Consider decreasing the number of bins.
  warnings.warn(
D:\Project\flash-ticket-rca-research\environments\task-e\rcd39\lib\site-packages\sklearn\preprocessing\_discretization.py:268: ConvergenceWarning: Number of distinct clusters (4) found smaller than n_clusters (5). Possibly due to duplicate points in X.
  centers = km.fit(column[:, None]).cluster_centers_[:, 0]
D:\Project\flash-ticket-rca-research\environments\task-e\rcd39\lib\site-packages\sklearn\preprocessing\_discretization.py:268: ConvergenceWarning: Number of distinct clusters (4) found smaller than n_clusters (5). Possibly due to duplicate points in X.
  centers = km.fit(column[:, None]).cluster_centers_[:, 0]
D:\Project\flash-ticket-rca-research\environments\task-e\rcd39\lib\site-packages\sklearn\preprocessing\_discretization.py:268: ConvergenceWarning: Number of distinct clusters (4) found smaller than n_clusters (5). Possibly due to duplicate points in X.
  centers = km.fit(column[:, None]).cluster_centers_[:, 0]
D:\Project\flash-ticket-rca-research\environments\task-e\rcd39\lib\site-packages\sklearn\preprocessing\_discretization.py:268: ConvergenceWarning: Number of distinct clusters (4) found smaller than n_clusters (5). Possibly due to duplicate points in X.
  centers = km.fit(column[:, None]).cluster_centers_[:, 0]
D:\Project\flash-ticket-rca-research\environments\task-e\rcd39\lib\site-packages\sklearn\preprocessing\_discretization.py:279: UserWarning: Bins whose width are too small (i.e., <= 1e-8) in feature 1 are removed. Consider decreasing the number of bins.
  warnings.warn(
D:\Project\flash-ticket-rca-research\environments\task-e\rcd39\lib\site-packages\sklearn\preprocessing\_discretization.py:268: ConvergenceWarning: Number of distinct clusters (3) found smaller than n_clusters (5). Possibly due to duplicate points in X.
  centers = km.fit(column[:, None]).cluster_centers_[:, 0]
D:\Project\flash-ticket-rca-research\environments\task-e\rcd39\lib\site-packages\sklearn\preprocessing\_discretization.py:279: UserWarning: Bins whose width are too small (i.e., <= 1e-8) in feature 2 are removed. Consider decreasing the number of bins.
  warnings.warn(
D:\Project\flash-ticket-rca-research\environments\task-e\rcd39\lib\site-packages\sklearn\preprocessing\_discretization.py:268: ConvergenceWarning: Number of distinct clusters (3) found smaller than n_clusters (5). Possibly due to duplicate points in X.
  centers = km.fit(column[:, None]).cluster_centers_[:, 0]
D:\Project\flash-ticket-rca-research\environments\task-e\rcd39\lib\site-packages\sklearn\preprocessing\_discretization.py:279: UserWarning: Bins whose width are too small (i.e., <= 1e-8) in feature 4 are removed. Consider decreasing the number of bins.
  warnings.warn(
D:\Project\flash-ticket-rca-research\environments\task-e\rcd39\lib\site-packages\sklearn\preprocessing\_discretization.py:268: ConvergenceWarning: Number of distinct clusters (4) found smaller than n_clusters (5). Possibly due to duplicate points in X.
  centers = km.fit(column[:, None]).cluster_centers_[:, 0]
D:\Project\flash-ticket-rca-research\environments\task-e\rcd39\lib\site-packages\sklearn\preprocessing\_discretization.py:268: ConvergenceWarning: Number of distinct clusters (4) found smaller than n_clusters (5). Possibly due to duplicate points in X.
  centers = km.fit(column[:, None]).cluster_centers_[:, 0]
D:\Project\flash-ticket-rca-research\environments\task-e\rcd39\lib\site-packages\sklearn\preprocessing\_discretization.py:268: ConvergenceWarning: Number of distinct clusters (4) found smaller than n_clusters (5). Possibly due to duplicate points in X.
  centers = km.fit(column[:, None]).cluster_centers_[:, 0]
D:\Project\flash-ticket-rca-research\environments\task-e\rcd39\lib\site-packages\sklearn\preprocessing\_discretization.py:268: ConvergenceWarning: Number of distinct clusters (4) found smaller than n_clusters (5). Possibly due to duplicate points in X.
  centers = km.fit(column[:, None]).cluster_centers_[:, 0]
D:\Project\flash-ticket-rca-research\environments\task-e\rcd39\lib\site-packages\sklearn\preprocessing\_discretization.py:279: UserWarning: Bins whose width are too small (i.e., <= 1e-8) in feature 2 are removed. Consider decreasing the number of bins.
  warnings.warn(
D:\Project\flash-ticket-rca-research\environments\task-e\rcd39\lib\site-packages\sklearn\preprocessing\_discretization.py:268: ConvergenceWarning: Number of distinct clusters (4) found smaller than n_clusters (5). Possibly due to duplicate points in X.
  centers = km.fit(column[:, None]).cluster_centers_[:, 0]
D:\Project\flash-ticket-rca-research\environments\task-e\rcd39\lib\site-packages\sklearn\preprocessing\_discretization.py:268: ConvergenceWarning: Number of distinct clusters (4) found smaller than n_clusters (5). Possibly due to duplicate points in X.
  centers = km.fit(column[:, None]).cluster_centers_[:, 0]
D:\Project\flash-ticket-rca-research\environments\task-e\rcd39\lib\site-packages\sklearn\preprocessing\_discretization.py:279: UserWarning: Bins whose width are too small (i.e., <= 1e-8) in feature 2 are removed. Consider decreasing the number of bins.
  warnings.warn(
D:\Project\flash-ticket-rca-research\environments\task-e\rcd39\lib\site-packages\sklearn\preprocessing\_discretization.py:268: ConvergenceWarning: Number of distinct clusters (4) found smaller than n_clusters (5). Possibly due to duplicate points in X.
  centers = km.fit(column[:, None]).cluster_centers_[:, 0]
D:\Project\flash-ticket-rca-research\environments\task-e\rcd39\lib\site-packages\sklearn\preprocessing\_discretization.py:268: ConvergenceWarning: Number of distinct clusters (3) found smaller than n_clusters (5). Possibly due to duplicate points in X.
  centers = km.fit(column[:, None]).cluster_centers_[:, 0]
D:\Project\flash-ticket-rca-research\environments\task-e\rcd39\lib\site-packages\sklearn\preprocessing\_discretization.py:279: UserWarning: Bins whose width are too small (i.e., <= 1e-8) in feature 0 are removed. Consider decreasing the number of bins.
  warnings.warn(
D:\Project\flash-ticket-rca-research\environments\task-e\rcd39\lib\site-packages\sklearn\preprocessing\_discretization.py:268: ConvergenceWarning: Number of distinct clusters (4) found smaller than n_clusters (5). Possibly due to duplicate points in X.
  centers = km.fit(column[:, None]).cluster_centers_[:, 0]
D:\Project\flash-ticket-rca-research\environments\task-e\rcd39\lib\site-packages\sklearn\preprocessing\_discretization.py:268: ConvergenceWarning: Number of distinct clusters (4) found smaller than n_clusters (5). Possibly due to duplicate points in X.
  centers = km.fit(column[:, None]).cluster_centers_[:, 0]
D:\Project\flash-ticket-rca-research\environments\task-e\rcd39\lib\site-packages\sklearn\preprocessing\_discretization.py:268: ConvergenceWarning: Number of distinct clusters (4) found smaller than n_clusters (5). Possibly due to duplicate points in X.
  centers = km.fit(column[:, None]).cluster_centers_[:, 0]
D:\Project\flash-ticket-rca-research\environments\task-e\rcd39\lib\site-packages\sklearn\preprocessing\_discretization.py:279: UserWarning: Bins whose width are too small (i.e., <= 1e-8) in feature 1 are removed. Consider decreasing the number of bins.
  warnings.warn(
D:\Project\flash-ticket-rca-research\environments\task-e\rcd39\lib\site-packages\sklearn\preprocessing\_discretization.py:268: ConvergenceWarning: Number of distinct clusters (3) found smaller than n_clusters (5). Possibly due to duplicate points in X.
  centers = km.fit(column[:, None]).cluster_centers_[:, 0]
D:\Project\flash-ticket-rca-research\environments\task-e\rcd39\lib\site-packages\sklearn\preprocessing\_discretization.py:279: UserWarning: Bins whose width are too small (i.e., <= 1e-8) in feature 2 are removed. Consider decreasing the number of bins.
  warnings.warn(
D:\Project\flash-ticket-rca-research\environments\task-e\rcd39\lib\site-packages\sklearn\preprocessing\_discretization.py:268: ConvergenceWarning: Number of distinct clusters (4) found smaller than n_clusters (5). Possibly due to duplicate points in X.
  centers = km.fit(column[:, None]).cluster_centers_[:, 0]
D:\Project\flash-ticket-rca-research\environments\task-e\rcd39\lib\site-packages\sklearn\preprocessing\_discretization.py:268: ConvergenceWarning: Number of distinct clusters (4) found smaller than n_clusters (5). Possibly due to duplicate points in X.
  centers = km.fit(column[:, None]).cluster_centers_[:, 0]
D:\Project\flash-ticket-rca-research\environments\task-e\rcd39\lib\site-packages\sklearn\preprocessing\_discretization.py:268: ConvergenceWarning: Number of distinct clusters (4) found smaller than n_clusters (5). Possibly due to duplicate points in X.
  centers = km.fit(column[:, None]).cluster_centers_[:, 0]
D:\Project\flash-ticket-rca-research\environments\task-e\rcd39\lib\site-packages\sklearn\preprocessing\_discretization.py:268: ConvergenceWarning: Number of distinct clusters (3) found smaller than n_clusters (5). Possibly due to duplicate points in X.
  centers = km.fit(column[:, None]).cluster_centers_[:, 0]
D:\Project\flash-ticket-rca-research\environments\task-e\rcd39\lib\site-packages\sklearn\preprocessing\_discretization.py:279: UserWarning: Bins whose width are too small (i.e., <= 1e-8) in feature 1 are removed. Consider decreasing the number of bins.
  warnings.warn(
D:\Project\flash-ticket-rca-research\environments\task-e\rcd39\lib\site-packages\sklearn\preprocessing\_discretization.py:268: ConvergenceWarning: Number of distinct clusters (4) found smaller than n_clusters (5). Possibly due to duplicate points in X.
  centers = km.fit(column[:, None]).cluster_centers_[:, 0]
D:\Project\flash-ticket-rca-research\environments\task-e\rcd39\lib\site-packages\sklearn\preprocessing\_discretization.py:268: ConvergenceWarning: Number of distinct clusters (4) found smaller than n_clusters (5). Possibly due to duplicate points in X.
  centers = km.fit(column[:, None]).cluster_centers_[:, 0]
D:\Project\flash-ticket-rca-research\environments\task-e\rcd39\lib\site-packages\sklearn\preprocessing\_discretization.py:268: ConvergenceWarning: Number of distinct clusters (4) found smaller than n_clusters (5). Possibly due to duplicate points in X.
  centers = km.fit(column[:, None]).cluster_centers_[:, 0]
D:\Project\flash-ticket-rca-research\environments\task-e\rcd39\lib\site-packages\sklearn\preprocessing\_discretization.py:279: UserWarning: Bins whose width are too small (i.e., <= 1e-8) in feature 0 are removed. Consider decreasing the number of bins.
  warnings.warn(
D:\Project\flash-ticket-rca-research\environments\task-e\rcd39\lib\site-packages\sklearn\preprocessing\_discretization.py:268: ConvergenceWarning: Number of distinct clusters (4) found smaller than n_clusters (5). Possibly due to duplicate points in X.
  centers = km.fit(column[:, None]).cluster_centers_[:, 0]
D:\Project\flash-ticket-rca-research\environments\task-e\rcd39\lib\site-packages\sklearn\preprocessing\_discretization.py:279: UserWarning: Bins whose width are too small (i.e., <= 1e-8) in feature 1 are removed. Consider decreasing the number of bins.
  warnings.warn(
D:\Project\flash-ticket-rca-research\environments\task-e\rcd39\lib\site-packages\sklearn\preprocessing\_discretization.py:268: ConvergenceWarning: Number of distinct clusters (3) found smaller than n_clusters (5). Possibly due to duplicate points in X.
  centers = km.fit(column[:, None]).cluster_centers_[:, 0]
D:\Project\flash-ticket-rca-research\environments\task-e\rcd39\lib\site-packages\sklearn\preprocessing\_discretization.py:279: UserWarning: Bins whose width are too small (i.e., <= 1e-8) in feature 2 are removed. Consider decreasing the number of bins.
  warnings.warn(
Timeout (0:01:00)!
Thread 0x00005328 (most recent call first):
  File "D:\Project\flash-ticket-rca-research\environments\task-e\rcd39\lib\site-packages\causallearn\utils\cit.py", line 279 in _CalculatePValue
  File "D:\Project\flash-ticket-rca-research\environments\task-e\rcd39\lib\site-packages\causallearn\utils\cit.py", line 286 in chisq_or_gsq_test
  File "D:\Project\flash-ticket-rca-research\environments\task-e\rcd39\lib\site-packages\causallearn\utils\cit.py", line 184 in chisq
  File "D:\Project\flash-ticket-rca-research\environments\task-e\rcd39\lib\site-packages\causallearn\graph\GraphClass.py", line 93 in ci_test
  File "D:\Project\flash-ticket-rca-research\environments\task-e\rcd39\lib\site-packages\causallearn\utils\PCUtils\SkeletonDiscovery.py", line 194 in local_skeleton_discovery
  File "D:\Project\flash-ticket-rca-research\baselines\upstream\rcaeval-7600283af1ea5e2e9fff6f07124951d0e989de42\RCAEval\e2e\rcd_td12.py", line 80 in run_pc
  File "D:\Project\flash-ticket-rca-research\baselines\upstream\rcaeval-7600283af1ea5e2e9fff6f07124951d0e989de42\RCAEval\e2e\rcd_td12.py", line 178 in <lambda>
  File "D:\Project\flash-ticket-rca-research\baselines\upstream\rcaeval-7600283af1ea5e2e9fff6f07124951d0e989de42\RCAEval\e2e\rcd_td12.py", line 190 in run_psi_pc
  File "D:\Project\flash-ticket-rca-research\baselines\upstream\rcaeval-7600283af1ea5e2e9fff6f07124951d0e989de42\RCAEval\e2e\rcd_td12.py", line 356 in run_level
  File "D:\Project\flash-ticket-rca-research\baselines\upstream\rcaeval-7600283af1ea5e2e9fff6f07124951d0e989de42\RCAEval\e2e\rcd_td12.py", line 411 in run_multi_phase
  File "D:\Project\flash-ticket-rca-research\baselines\upstream\rcaeval-7600283af1ea5e2e9fff6f07124951d0e989de42\RCAEval\e2e\rcd_td12.py", line 491 in rcd
  File "D:\Project\flash-ticket-rca-research\scripts\task_e\comparators.py", line 85 in rcd_run
  File "<string>", line 10 in timed
  File "D:\Project\flash-ticket-rca-research\scripts\task_e\rcd_numeric_worker.py", line 210 in run_request
  File "<string>", line 13 in observed
  File "D:\Project\flash-ticket-rca-research\scripts\task_e\rcd_numeric_worker.py", line 243 in main
  File "<string>", line 16 in <module>
D:\Project\flash-ticket-rca-research\environments\task-e\rcd39\lib\site-packages\sklearn\preprocessing\_discretization.py:268: ConvergenceWarning: Number of distinct clusters (4) found smaller than n_clusters (5). Possibly due to duplicate points in X.
  centers = km.fit(column[:, None]).cluster_centers_[:, 0]
D:\Project\flash-ticket-rca-research\environments\task-e\rcd39\lib\site-packages\sklearn\preprocessing\_discretization.py:268: ConvergenceWarning: Number of distinct clusters (4) found smaller than n_clusters (5). Possibly due to duplicate points in X.
  centers = km.fit(column[:, None]).cluster_centers_[:, 0]
D:\Project\flash-ticket-rca-research\environments\task-e\rcd39\lib\site-packages\sklearn\preprocessing\_discretization.py:279: UserWarning: Bins whose width are too small (i.e., <= 1e-8) in feature 1 are removed. Consider decreasing the number of bins.
  warnings.warn(
D:\Project\flash-ticket-rca-research\environments\task-e\rcd39\lib\site-packages\sklearn\preprocessing\_discretization.py:268: ConvergenceWarning: Number of distinct clusters (4) found smaller than n_clusters (5). Possibly due to duplicate points in X.
  centers = km.fit(column[:, None]).cluster_centers_[:, 0]
D:\Project\flash-ticket-rca-research\environments\task-e\rcd39\lib\site-packages\sklearn\preprocessing\_discretization.py:268: ConvergenceWarning: Number of distinct clusters (4) found smaller than n_clusters (5). Possibly due to duplicate points in X.
  centers = km.fit(column[:, None]).cluster_centers_[:, 0]
D:\Project\flash-ticket-rca-research\environments\task-e\rcd39\lib\site-packages\sklearn\preprocessing\_discretization.py:268: ConvergenceWarning: Number of distinct clusters (3) found smaller than n_clusters (5). Possibly due to duplicate points in X.
  centers = km.fit(column[:, None]).cluster_centers_[:, 0]
D:\Project\flash-ticket-rca-research\environments\task-e\rcd39\lib\site-packages\sklearn\preprocessing\_discretization.py:279: UserWarning: Bins whose width are too small (i.e., <= 1e-8) in feature 0 are removed. Consider decreasing the number of bins.
  warnings.warn(
D:\Project\flash-ticket-rca-research\environments\task-e\rcd39\lib\site-packages\sklearn\preprocessing\_discretization.py:268: ConvergenceWarning: Number of distinct clusters (3) found smaller than n_clusters (5). Possibly due to duplicate points in X.
  centers = km.fit(column[:, None]).cluster_centers_[:, 0]
D:\Project\flash-ticket-rca-research\environments\task-e\rcd39\lib\site-packages\sklearn\preprocessing\_discretization.py:279: UserWarning: Bins whose width are too small (i.e., <= 1e-8) in feature 0 are removed. Consider decreasing the number of bins.
  warnings.warn(
D:\Project\flash-ticket-rca-research\environments\task-e\rcd39\lib\site-packages\sklearn\preprocessing\_discretization.py:268: ConvergenceWarning: Number of distinct clusters (4) found smaller than n_clusters (5). Possibly due to duplicate points in X.
  centers = km.fit(column[:, None]).cluster_centers_[:, 0]
D:\Project\flash-ticket-rca-research\environments\task-e\rcd39\lib\site-packages\sklearn\preprocessing\_discretization.py:268: ConvergenceWarning: Number of distinct clusters (4) found smaller than n_clusters (5). Possibly due to duplicate points in X.
  centers = km.fit(column[:, None]).cluster_centers_[:, 0]
D:\Project\flash-ticket-rca-research\environments\task-e\rcd39\lib\site-packages\sklearn\preprocessing\_discretization.py:268: ConvergenceWarning: Number of distinct clusters (4) found smaller than n_clusters (5). Possibly due to duplicate points in X.
  centers = km.fit(column[:, None]).cluster_centers_[:, 0]
D:\Project\flash-ticket-rca-research\environments\task-e\rcd39\lib\site-packages\sklearn\preprocessing\_discretization.py:279: UserWarning: Bins whose width are too small (i.e., <= 1e-8) in feature 0 are removed. Consider decreasing the number of bins.
  warnings.warn(
D:\Project\flash-ticket-rca-research\environments\task-e\rcd39\lib\site-packages\sklearn\preprocessing\_discretization.py:268: ConvergenceWarning: Number of distinct clusters (3) found smaller than n_clusters (5). Possibly due to duplicate points in X.
  centers = km.fit(column[:, None]).cluster_centers_[:, 0]
D:\Project\flash-ticket-rca-research\environments\task-e\rcd39\lib\site-packages\sklearn\preprocessing\_discretization.py:279: UserWarning: Bins whose width are too small (i.e., <= 1e-8) in feature 1 are removed. Consider decreasing the number of bins.
  warnings.warn(
D:\Project\flash-ticket-rca-research\environments\task-e\rcd39\lib\site-packages\sklearn\preprocessing\_discretization.py:268: ConvergenceWarning: Number of distinct clusters (3) found smaller than n_clusters (5). Possibly due to duplicate points in X.
  centers = km.fit(column[:, None]).cluster_centers_[:, 0]
D:\Project\flash-ticket-rca-research\environments\task-e\rcd39\lib\site-packages\sklearn\preprocessing\_discretization.py:279: UserWarning: Bins whose width are too small (i.e., <= 1e-8) in feature 2 are removed. Consider decreasing the number of bins.
  warnings.warn(
D:\Project\flash-ticket-rca-research\environments\task-e\rcd39\lib\site-packages\sklearn\preprocessing\_discretization.py:268: ConvergenceWarning: Number of distinct clusters (3) found smaller than n_clusters (5). Possibly due to duplicate points in X.
  centers = km.fit(column[:, None]).cluster_centers_[:, 0]
D:\Project\flash-ticket-rca-research\environments\task-e\rcd39\lib\site-packages\sklearn\preprocessing\_discretization.py:279: UserWarning: Bins whose width are too small (i.e., <= 1e-8) in feature 3 are removed. Consider decreasing the number of bins.
  warnings.warn(
D:\Project\flash-ticket-rca-research\environments\task-e\rcd39\lib\site-packages\sklearn\preprocessing\_discretization.py:268: ConvergenceWarning: Number of distinct clusters (4) found smaller than n_clusters (5). Possibly due to duplicate points in X.
  centers = km.fit(column[:, None]).cluster_centers_[:, 0]
D:\Project\flash-ticket-rca-research\environments\task-e\rcd39\lib\site-packages\sklearn\preprocessing\_discretization.py:279: UserWarning: Bins whose width are too small (i.e., <= 1e-8) in feature 3 are removed. Consider decreasing the number of bins.
  warnings.warn(
D:\Project\flash-ticket-rca-research\environments\task-e\rcd39\lib\site-packages\sklearn\preprocessing\_discretization.py:268: ConvergenceWarning: Number of distinct clusters (3) found smaller than n_clusters (5). Possibly due to duplicate points in X.
  centers = km.fit(column[:, None]).cluster_centers_[:, 0]
D:\Project\flash-ticket-rca-research\environments\task-e\rcd39\lib\site-packages\sklearn\preprocessing\_discretization.py:279: UserWarning: Bins whose width are too small (i.e., <= 1e-8) in feature 1 are removed. Consider decreasing the number of bins.
  warnings.warn(
D:\Project\flash-ticket-rca-research\environments\task-e\rcd39\lib\site-packages\sklearn\preprocessing\_discretization.py:268: ConvergenceWarning: Number of distinct clusters (4) found smaller than n_clusters (5). Possibly due to duplicate points in X.
  centers = km.fit(column[:, None]).cluster_centers_[:, 0]
D:\Project\flash-ticket-rca-research\environments\task-e\rcd39\lib\site-packages\sklearn\preprocessing\_discretization.py:279: UserWarning: Bins whose width are too small (i.e., <= 1e-8) in feature 3 are removed. Consider decreasing the number of bins.
  warnings.warn(
D:\Project\flash-ticket-rca-research\environments\task-e\rcd39\lib\site-packages\sklearn\preprocessing\_discretization.py:268: ConvergenceWarning: Number of distinct clusters (3) found smaller than n_clusters (5). Possibly due to duplicate points in X.
  centers = km.fit(column[:, None]).cluster_centers_[:, 0]
D:\Project\flash-ticket-rca-research\environments\task-e\rcd39\lib\site-packages\sklearn\preprocessing\_discretization.py:279: UserWarning: Bins whose width are too small (i.e., <= 1e-8) in feature 0 are removed. Consider decreasing the number of bins.
  warnings.warn(
D:\Project\flash-ticket-rca-research\environments\task-e\rcd39\lib\site-packages\sklearn\preprocessing\_discretization.py:268: ConvergenceWarning: Number of distinct clusters (3) found smaller than n_clusters (5). Possibly due to duplicate points in X.
  centers = km.fit(column[:, None]).cluster_centers_[:, 0]
D:\Project\flash-ticket-rca-research\environments\task-e\rcd39\lib\site-packages\sklearn\preprocessing\_discretization.py:279: UserWarning: Bins whose width are too small (i.e., <= 1e-8) in feature 4 are removed. Consider decreasing the number of bins.
  warnings.warn(
D:\Project\flash-ticket-rca-research\environments\task-e\rcd39\lib\site-packages\sklearn\preprocessing\_discretization.py:268: ConvergenceWarning: Number of distinct clusters (3) found smaller than n_clusters (5). Possibly due to duplicate points in X.
  centers = km.fit(column[:, None]).cluster_centers_[:, 0]
D:\Project\flash-ticket-rca-research\environments\task-e\rcd39\lib\site-packages\sklearn\preprocessing\_discretization.py:279: UserWarning: Bins whose width are too small (i.e., <= 1e-8) in feature 2 are removed. Consider decreasing the number of bins.
  warnings.warn(
D:\Project\flash-ticket-rca-research\environments\task-e\rcd39\lib\site-packages\sklearn\preprocessing\_discretization.py:268: ConvergenceWarning: Number of distinct clusters (4) found smaller than n_clusters (5). Possibly due to duplicate points in X.
  centers = km.fit(column[:, None]).cluster_centers_[:, 0]
D:\Project\flash-ticket-rca-research\environments\task-e\rcd39\lib\site-packages\sklearn\preprocessing\_discretization.py:279: UserWarning: Bins whose width are too small (i.e., <= 1e-8) in feature 1 are removed. Consider decreasing the number of bins.
  warnings.warn(
D:\Project\flash-ticket-rca-research\environments\task-e\rcd39\lib\site-packages\sklearn\preprocessing\_discretization.py:268: ConvergenceWarning: Number of distinct clusters (3) found smaller than n_clusters (5). Possibly due to duplicate points in X.
  centers = km.fit(column[:, None]).cluster_centers_[:, 0]
D:\Project\flash-ticket-rca-research\environments\task-e\rcd39\lib\site-packages\sklearn\preprocessing\_discretization.py:279: UserWarning: Bins whose width are too small (i.e., <= 1e-8) in feature 0 are removed. Consider decreasing the number of bins.
  warnings.warn(
D:\Project\flash-ticket-rca-research\environments\task-e\rcd39\lib\site-packages\sklearn\preprocessing\_discretization.py:268: ConvergenceWarning: Number of distinct clusters (4) found smaller than n_clusters (5). Possibly due to duplicate points in X.
  centers = km.fit(column[:, None]).cluster_centers_[:, 0]
D:\Project\flash-ticket-rca-research\environments\task-e\rcd39\lib\site-packages\sklearn\preprocessing\_discretization.py:279: UserWarning: Bins whose width are too small (i.e., <= 1e-8) in feature 4 are removed. Consider decreasing the number of bins.
  warnings.warn(
D:\Project\flash-ticket-rca-research\environments\task-e\rcd39\lib\site-packages\sklearn\preprocessing\_discretization.py:268: ConvergenceWarning: Number of distinct clusters (3) found smaller than n_clusters (5). Possibly due to duplicate points in X.
  centers = km.fit(column[:, None]).cluster_centers_[:, 0]
D:\Project\flash-ticket-rca-research\environments\task-e\rcd39\lib\site-packages\sklearn\preprocessing\_discretization.py:279: UserWarning: Bins whose width are too small (i.e., <= 1e-8) in feature 0 are removed. Consider decreasing the number of bins.
  warnings.warn(
D:\Project\flash-ticket-rca-research\environments\task-e\rcd39\lib\site-packages\sklearn\preprocessing\_discretization.py:268: ConvergenceWarning: Number of distinct clusters (3) found smaller than n_clusters (5). Possibly due to duplicate points in X.
  centers = km.fit(column[:, None]).cluster_centers_[:, 0]
D:\Project\flash-ticket-rca-research\environments\task-e\rcd39\lib\site-packages\sklearn\preprocessing\_discretization.py:279: UserWarning: Bins whose width are too small (i.e., <= 1e-8) in feature 2 are removed. Consider decreasing the number of bins.
  warnings.warn(
D:\Project\flash-ticket-rca-research\environments\task-e\rcd39\lib\site-packages\sklearn\preprocessing\_discretization.py:268: ConvergenceWarning: Number of distinct clusters (4) found smaller than n_clusters (5). Possibly due to duplicate points in X.
  centers = km.fit(column[:, None]).cluster_centers_[:, 0]
D:\Project\flash-ticket-rca-research\environments\task-e\rcd39\lib\site-packages\sklearn\preprocessing\_discretization.py:279: UserWarning: Bins whose width are too small (i.e., <= 1e-8) in feature 4 are removed. Consider decreasing the number of bins.
  warnings.warn(
D:\Project\flash-ticket-rca-research\environments\task-e\rcd39\lib\site-packages\sklearn\preprocessing\_discretization.py:268: ConvergenceWarning: Number of distinct clusters (4) found smaller than n_clusters (5). Possibly due to duplicate points in X.
  centers = km.fit(column[:, None]).cluster_centers_[:, 0]
D:\Project\flash-ticket-rca-research\environments\task-e\rcd39\lib\site-packages\sklearn\preprocessing\_discretization.py:279: UserWarning: Bins whose width are too small (i.e., <= 1e-8) in feature 3 are removed. Consider decreasing the number of bins.
  warnings.warn(
Timeout (0:01:00)!
Thread 0x00005328 (most recent call first):
  File "D:\Project\flash-ticket-rca-research\environments\task-e\rcd39\lib\site-packages\scipy\stats\_distn_infrastructure.py", line 2259 in sf
  File "D:\Project\flash-ticket-rca-research\environments\task-e\rcd39\lib\site-packages\causallearn\utils\cit.py", line 279 in _CalculatePValue
  File "D:\Project\flash-ticket-rca-research\environments\task-e\rcd39\lib\site-packages\causallearn\utils\cit.py", line 289 in chisq_or_gsq_test
  File "D:\Project\flash-ticket-rca-research\environments\task-e\rcd39\lib\site-packages\causallearn\utils\cit.py", line 184 in chisq
  File "D:\Project\flash-ticket-rca-research\environments\task-e\rcd39\lib\site-packages\causallearn\graph\GraphClass.py", line 93 in ci_test
  File "D:\Project\flash-ticket-rca-research\environments\task-e\rcd39\lib\site-packages\causallearn\utils\PCUtils\SkeletonDiscovery.py", line 194 in local_skeleton_discovery
  File "D:\Project\flash-ticket-rca-research\baselines\upstream\rcaeval-7600283af1ea5e2e9fff6f07124951d0e989de42\RCAEval\e2e\rcd_td12.py", line 80 in run_pc
  File "D:\Project\flash-ticket-rca-research\baselines\upstream\rcaeval-7600283af1ea5e2e9fff6f07124951d0e989de42\RCAEval\e2e\rcd_td12.py", line 178 in <lambda>
  File "D:\Project\flash-ticket-rca-research\baselines\upstream\rcaeval-7600283af1ea5e2e9fff6f07124951d0e989de42\RCAEval\e2e\rcd_td12.py", line 190 in run_psi_pc
  File "D:\Project\flash-ticket-rca-research\baselines\upstream\rcaeval-7600283af1ea5e2e9fff6f07124951d0e989de42\RCAEval\e2e\rcd_td12.py", line 356 in run_level
  File "D:\Project\flash-ticket-rca-research\baselines\upstream\rcaeval-7600283af1ea5e2e9fff6f07124951d0e989de42\RCAEval\e2e\rcd_td12.py", line 411 in run_multi_phase
  File "D:\Project\flash-ticket-rca-research\baselines\upstream\rcaeval-7600283af1ea5e2e9fff6f07124951d0e989de42\RCAEval\e2e\rcd_td12.py", line 491 in rcd
  File "D:\Project\flash-ticket-rca-research\scripts\task_e\comparators.py", line 85 in rcd_run
  File "<string>", line 10 in timed
  File "D:\Project\flash-ticket-rca-research\scripts\task_e\rcd_numeric_worker.py", line 210 in run_request
  File "<string>", line 13 in observed
  File "D:\Project\flash-ticket-rca-research\scripts\task_e\rcd_numeric_worker.py", line 243 in main
  File "<string>", line 16 in <module>
D:\Project\flash-ticket-rca-research\environments\task-e\rcd39\lib\site-packages\sklearn\preprocessing\_discretization.py:268: ConvergenceWarning: Number of distinct clusters (3) found smaller than n_clusters (5). Possibly due to duplicate points in X.
  centers = km.fit(column[:, None]).cluster_centers_[:, 0]
D:\Project\flash-ticket-rca-research\environments\task-e\rcd39\lib\site-packages\sklearn\preprocessing\_discretization.py:279: UserWarning: Bins whose width are too small (i.e., <= 1e-8) in feature 0 are removed. Consider decreasing the number of bins.
  warnings.warn(
D:\Project\flash-ticket-rca-research\environments\task-e\rcd39\lib\site-packages\sklearn\preprocessing\_discretization.py:268: ConvergenceWarning: Number of distinct clusters (4) found smaller than n_clusters (5). Possibly due to duplicate points in X.
  centers = km.fit(column[:, None]).cluster_centers_[:, 0]
D:\Project\flash-ticket-rca-research\environments\task-e\rcd39\lib\site-packages\sklearn\preprocessing\_discretization.py:279: UserWarning: Bins whose width are too small (i.e., <= 1e-8) in feature 4 are removed. Consider decreasing the number of bins.
  warnings.warn(
D:\Project\flash-ticket-rca-research\environments\task-e\rcd39\lib\site-packages\sklearn\preprocessing\_discretization.py:268: ConvergenceWarning: Number of distinct clusters (3) found smaller than n_clusters (5). Possibly due to duplicate points in X.
  centers = km.fit(column[:, None]).cluster_centers_[:, 0]
D:\Project\flash-ticket-rca-research\environments\task-e\rcd39\lib\site-packages\sklearn\preprocessing\_discretization.py:279: UserWarning: Bins whose width are too small (i.e., <= 1e-8) in feature 0 are removed. Consider decreasing the number of bins.
  warnings.warn(
D:\Project\flash-ticket-rca-research\environments\task-e\rcd39\lib\site-packages\sklearn\preprocessing\_discretization.py:268: ConvergenceWarning: Number of distinct clusters (3) found smaller than n_clusters (5). Possibly due to duplicate points in X.
  centers = km.fit(column[:, None]).cluster_centers_[:, 0]
D:\Project\flash-ticket-rca-research\environments\task-e\rcd39\lib\site-packages\sklearn\preprocessing\_discretization.py:279: UserWarning: Bins whose width are too small (i.e., <= 1e-8) in feature 4 are removed. Consider decreasing the number of bins.
  warnings.warn(
D:\Project\flash-ticket-rca-research\environments\task-e\rcd39\lib\site-packages\sklearn\preprocessing\_discretization.py:268: ConvergenceWarning: Number of distinct clusters (4) found smaller than n_clusters (5). Possibly due to duplicate points in X.
  centers = km.fit(column[:, None]).cluster_centers_[:, 0]
D:\Project\flash-ticket-rca-research\environments\task-e\rcd39\lib\site-packages\sklearn\preprocessing\_discretization.py:279: UserWarning: Bins whose width are too small (i.e., <= 1e-8) in feature 3 are removed. Consider decreasing the number of bins.
  warnings.warn(
D:\Project\flash-ticket-rca-research\environments\task-e\rcd39\lib\site-packages\sklearn\preprocessing\_discretization.py:268: ConvergenceWarning: Number of distinct clusters (4) found smaller than n_clusters (5). Possibly due to duplicate points in X.
  centers = km.fit(column[:, None]).cluster_centers_[:, 0]
D:\Project\flash-ticket-rca-research\environments\task-e\rcd39\lib\site-packages\sklearn\preprocessing\_discretization.py:279: UserWarning: Bins whose width are too small (i.e., <= 1e-8) in feature 2 are removed. Consider decreasing the number of bins.
  warnings.warn(
{"event": "CONFIG_COMPLETE", "seconds": 125.54916260000002, "result": {"method": "RCD-RCAEval-adapted-TD12", "seed": 422, "bins": 5, "status": "SUCCESS", "ranks": ["m30", "m170", "m143", "m155", "m147"], "reason": null, "error": null, "unknown_metric_keys": []}}
{"event": "CONFIG_START", "seed": 420, "bins": 3}
Timeout (0:01:00)!
Thread 0x00005328 (most recent call first):
  File "D:\Project\flash-ticket-rca-research\environments\task-e\rcd39\lib\site-packages\numpy\core\_methods.py", line 63 in _all
  File "D:\Project\flash-ticket-rca-research\environments\task-e\rcd39\lib\site-packages\causallearn\utils\cit.py", line 279 in _CalculatePValue
  File "D:\Project\flash-ticket-rca-research\environments\task-e\rcd39\lib\site-packages\causallearn\utils\cit.py", line 289 in chisq_or_gsq_test
  File "D:\Project\flash-ticket-rca-research\environments\task-e\rcd39\lib\site-packages\causallearn\utils\cit.py", line 184 in chisq
  File "D:\Project\flash-ticket-rca-research\environments\task-e\rcd39\lib\site-packages\causallearn\graph\GraphClass.py", line 93 in ci_test
  File "D:\Project\flash-ticket-rca-research\environments\task-e\rcd39\lib\site-packages\causallearn\utils\PCUtils\SkeletonDiscovery.py", line 206 in local_skeleton_discovery
  File "D:\Project\flash-ticket-rca-research\baselines\upstream\rcaeval-7600283af1ea5e2e9fff6f07124951d0e989de42\RCAEval\e2e\rcd_td12.py", line 80 in run_pc
  File "D:\Project\flash-ticket-rca-research\baselines\upstream\rcaeval-7600283af1ea5e2e9fff6f07124951d0e989de42\RCAEval\e2e\rcd_td12.py", line 178 in <lambda>
  File "D:\Project\flash-ticket-rca-research\baselines\upstream\rcaeval-7600283af1ea5e2e9fff6f07124951d0e989de42\RCAEval\e2e\rcd_td12.py", line 190 in run_psi_pc
  File "D:\Project\flash-ticket-rca-research\baselines\upstream\rcaeval-7600283af1ea5e2e9fff6f07124951d0e989de42\RCAEval\e2e\rcd_td12.py", line 356 in run_level
  File "D:\Project\flash-ticket-rca-research\baselines\upstream\rcaeval-7600283af1ea5e2e9fff6f07124951d0e989de42\RCAEval\e2e\rcd_td12.py", line 411 in run_multi_phase
  File "D:\Project\flash-ticket-rca-research\baselines\upstream\rcaeval-7600283af1ea5e2e9fff6f07124951d0e989de42\RCAEval\e2e\rcd_td12.py", line 491 in rcd
  File "D:\Project\flash-ticket-rca-research\scripts\task_e\comparators.py", line 85 in rcd_run
  File "<string>", line 10 in timed
  File "D:\Project\flash-ticket-rca-research\scripts\task_e\rcd_numeric_worker.py", line 210 in run_request
  File "<string>", line 13 in observed
  File "D:\Project\flash-ticket-rca-research\scripts\task_e\rcd_numeric_worker.py", line 243 in main
  File "<string>", line 16 in <module>
{"event": "CONFIG_COMPLETE", "seconds": 75.49002959999996, "result": {"method": "RCD-RCAEval-adapted-TD12", "seed": 420, "bins": 3, "status": "SUCCESS", "ranks": ["m30", "m170", "m147", "m51", "m112", "m167", "m113", "m31"], "reason": null, "error": null, "unknown_metric_keys": []}}
{"event": "CONFIG_START", "seed": 421, "bins": 3}
Timeout (0:01:00)!
Thread 0x00005328 (most recent call first):
  File "D:\Project\flash-ticket-rca-research\environments\task-e\rcd39\lib\site-packages\causallearn\utils\cit.py", line 279 in _CalculatePValue
  File "D:\Project\flash-ticket-rca-research\environments\task-e\rcd39\lib\site-packages\causallearn\utils\cit.py", line 284 in chisq_or_gsq_test
  File "D:\Project\flash-ticket-rca-research\environments\task-e\rcd39\lib\site-packages\causallearn\utils\cit.py", line 184 in chisq
  File "D:\Project\flash-ticket-rca-research\environments\task-e\rcd39\lib\site-packages\causallearn\graph\GraphClass.py", line 93 in ci_test
  File "D:\Project\flash-ticket-rca-research\environments\task-e\rcd39\lib\site-packages\causallearn\utils\PCUtils\SkeletonDiscovery.py", line 186 in local_skeleton_discovery
  File "D:\Project\flash-ticket-rca-research\baselines\upstream\rcaeval-7600283af1ea5e2e9fff6f07124951d0e989de42\RCAEval\e2e\rcd_td12.py", line 80 in run_pc
  File "D:\Project\flash-ticket-rca-research\baselines\upstream\rcaeval-7600283af1ea5e2e9fff6f07124951d0e989de42\RCAEval\e2e\rcd_td12.py", line 178 in <lambda>
  File "D:\Project\flash-ticket-rca-research\baselines\upstream\rcaeval-7600283af1ea5e2e9fff6f07124951d0e989de42\RCAEval\e2e\rcd_td12.py", line 190 in run_psi_pc
  File "D:\Project\flash-ticket-rca-research\baselines\upstream\rcaeval-7600283af1ea5e2e9fff6f07124951d0e989de42\RCAEval\e2e\rcd_td12.py", line 356 in run_level
  File "D:\Project\flash-ticket-rca-research\baselines\upstream\rcaeval-7600283af1ea5e2e9fff6f07124951d0e989de42\RCAEval\e2e\rcd_td12.py", line 411 in run_multi_phase
  File "D:\Project\flash-ticket-rca-research\baselines\upstream\rcaeval-7600283af1ea5e2e9fff6f07124951d0e989de42\RCAEval\e2e\rcd_td12.py", line 491 in rcd
  File "D:\Project\flash-ticket-rca-research\scripts\task_e\comparators.py", line 85 in rcd_run
  File "<string>", line 10 in timed
  File "D:\Project\flash-ticket-rca-research\scripts\task_e\rcd_numeric_worker.py", line 210 in run_request
  File "<string>", line 13 in observed
  File "D:\Project\flash-ticket-rca-research\scripts\task_e\rcd_numeric_worker.py", line 243 in main
  File "<string>", line 16 in <module>
{"event": "CONFIG_COMPLETE", "seconds": 81.73798799999997, "result": {"method": "RCD-RCAEval-adapted-TD12", "seed": 421, "bins": 3, "status": "SUCCESS", "ranks": ["m30", "m170", "m101", "m147", "m51", "m143", "m167", "m169", "m133", "m112", "m47"], "reason": null, "error": null, "unknown_metric_keys": []}}
{"event": "CONFIG_START", "seed": 422, "bins": 3}
Timeout (0:01:00)!
Thread 0x00005328 (most recent call first):
  File "D:\Project\flash-ticket-rca-research\environments\task-e\rcd39\lib\site-packages\causallearn\graph\GraphClass.py", line 93 in ci_test
  File "D:\Project\flash-ticket-rca-research\environments\task-e\rcd39\lib\site-packages\causallearn\utils\PCUtils\SkeletonDiscovery.py", line 194 in local_skeleton_discovery
  File "D:\Project\flash-ticket-rca-research\baselines\upstream\rcaeval-7600283af1ea5e2e9fff6f07124951d0e989de42\RCAEval\e2e\rcd_td12.py", line 80 in run_pc
  File "D:\Project\flash-ticket-rca-research\baselines\upstream\rcaeval-7600283af1ea5e2e9fff6f07124951d0e989de42\RCAEval\e2e\rcd_td12.py", line 178 in <lambda>
  File "D:\Project\flash-ticket-rca-research\baselines\upstream\rcaeval-7600283af1ea5e2e9fff6f07124951d0e989de42\RCAEval\e2e\rcd_td12.py", line 190 in run_psi_pc
  File "D:\Project\flash-ticket-rca-research\baselines\upstream\rcaeval-7600283af1ea5e2e9fff6f07124951d0e989de42\RCAEval\e2e\rcd_td12.py", line 356 in run_level
  File "D:\Project\flash-ticket-rca-research\baselines\upstream\rcaeval-7600283af1ea5e2e9fff6f07124951d0e989de42\RCAEval\e2e\rcd_td12.py", line 411 in run_multi_phase
  File "D:\Project\flash-ticket-rca-research\baselines\upstream\rcaeval-7600283af1ea5e2e9fff6f07124951d0e989de42\RCAEval\e2e\rcd_td12.py", line 491 in rcd
  File "D:\Project\flash-ticket-rca-research\scripts\task_e\comparators.py", line 85 in rcd_run
  File "<string>", line 10 in timed
  File "D:\Project\flash-ticket-rca-research\scripts\task_e\rcd_numeric_worker.py", line 210 in run_request
  File "<string>", line 13 in observed
  File "D:\Project\flash-ticket-rca-research\scripts\task_e\rcd_numeric_worker.py", line 243 in main
  File "<string>", line 16 in <module>
Timeout (0:01:00)!
Thread 0x00005328 (most recent call first):
  File "<__array_function__ internals>", line 180 in dot
  File "D:\Project\flash-ticket-rca-research\environments\task-e\rcd39\lib\site-packages\causallearn\utils\cit.py", line 245 in _Fill3DCountTable
  File "D:\Project\flash-ticket-rca-research\environments\task-e\rcd39\lib\site-packages\causallearn\utils\cit.py", line 289 in chisq_or_gsq_test
  File "D:\Project\flash-ticket-rca-research\environments\task-e\rcd39\lib\site-packages\causallearn\utils\cit.py", line 184 in chisq
  File "D:\Project\flash-ticket-rca-research\environments\task-e\rcd39\lib\site-packages\causallearn\graph\GraphClass.py", line 93 in ci_test
  File "D:\Project\flash-ticket-rca-research\environments\task-e\rcd39\lib\site-packages\causallearn\utils\PCUtils\SkeletonDiscovery.py", line 194 in local_skeleton_discovery
  File "D:\Project\flash-ticket-rca-research\baselines\upstream\rcaeval-7600283af1ea5e2e9fff6f07124951d0e989de42\RCAEval\e2e\rcd_td12.py", line 80 in run_pc
  File "D:\Project\flash-ticket-rca-research\baselines\upstream\rcaeval-7600283af1ea5e2e9fff6f07124951d0e989de42\RCAEval\e2e\rcd_td12.py", line 178 in <lambda>
  File "D:\Project\flash-ticket-rca-research\baselines\upstream\rcaeval-7600283af1ea5e2e9fff6f07124951d0e989de42\RCAEval\e2e\rcd_td12.py", line 190 in run_psi_pc
  File "D:\Project\flash-ticket-rca-research\baselines\upstream\rcaeval-7600283af1ea5e2e9fff6f07124951d0e989de42\RCAEval\e2e\rcd_td12.py", line 356 in run_level
  File "D:\Project\flash-ticket-rca-research\baselines\upstream\rcaeval-7600283af1ea5e2e9fff6f07124951d0e989de42\RCAEval\e2e\rcd_td12.py", line 411 in run_multi_phase
  File "D:\Project\flash-ticket-rca-research\baselines\upstream\rcaeval-7600283af1ea5e2e9fff6f07124951d0e989de42\RCAEval\e2e\rcd_td12.py", line 491 in rcd
  File "D:\Project\flash-ticket-rca-research\scripts\task_e\comparators.py", line 85 in rcd_run
  File "<string>", line 10 in timed
  File "D:\Project\flash-ticket-rca-research\scripts\task_e\rcd_numeric_worker.py", line 210 in run_request
  File "<string>", line 13 in observed
  File "D:\Project\flash-ticket-rca-research\scripts\task_e\rcd_numeric_worker.py", line 243 in main
  File "<string>", line 16 in <module>
{"event": "CONFIG_COMPLETE", "seconds": 107.96750350000002, "result": {"method": "RCD-RCAEval-adapted-TD12", "seed": 422, "bins": 3, "status": "SUCCESS", "ranks": ["m30", "m170", "m167", "m147", "m31", "m84", "m47", "m165"], "reason": null, "error": null, "unknown_metric_keys": []}}
{"event": "CONFIG_START", "seed": 420, "bins": 7}
D:\Project\flash-ticket-rca-research\environments\task-e\rcd39\lib\site-packages\sklearn\preprocessing\_discretization.py:268: ConvergenceWarning: Number of distinct clusters (4) found smaller than n_clusters (7). Possibly due to duplicate points in X.
  centers = km.fit(column[:, None]).cluster_centers_[:, 0]
D:\Project\flash-ticket-rca-research\environments\task-e\rcd39\lib\site-packages\sklearn\preprocessing\_discretization.py:279: UserWarning: Bins whose width are too small (i.e., <= 1e-8) in feature 0 are removed. Consider decreasing the number of bins.
  warnings.warn(
D:\Project\flash-ticket-rca-research\environments\task-e\rcd39\lib\site-packages\sklearn\preprocessing\_discretization.py:268: ConvergenceWarning: Number of distinct clusters (6) found smaller than n_clusters (7). Possibly due to duplicate points in X.
  centers = km.fit(column[:, None]).cluster_centers_[:, 0]
D:\Project\flash-ticket-rca-research\environments\task-e\rcd39\lib\site-packages\sklearn\preprocessing\_discretization.py:279: UserWarning: Bins whose width are too small (i.e., <= 1e-8) in feature 1 are removed. Consider decreasing the number of bins.
  warnings.warn(
D:\Project\flash-ticket-rca-research\environments\task-e\rcd39\lib\site-packages\sklearn\preprocessing\_discretization.py:268: ConvergenceWarning: Number of distinct clusters (4) found smaller than n_clusters (7). Possibly due to duplicate points in X.
  centers = km.fit(column[:, None]).cluster_centers_[:, 0]
D:\Project\flash-ticket-rca-research\environments\task-e\rcd39\lib\site-packages\sklearn\preprocessing\_discretization.py:279: UserWarning: Bins whose width are too small (i.e., <= 1e-8) in feature 0 are removed. Consider decreasing the number of bins.
  warnings.warn(
D:\Project\flash-ticket-rca-research\environments\task-e\rcd39\lib\site-packages\sklearn\preprocessing\_discretization.py:268: ConvergenceWarning: Number of distinct clusters (4) found smaller than n_clusters (7). Possibly due to duplicate points in X.
  centers = km.fit(column[:, None]).cluster_centers_[:, 0]
D:\Project\flash-ticket-rca-research\environments\task-e\rcd39\lib\site-packages\sklearn\preprocessing\_discretization.py:279: UserWarning: Bins whose width are too small (i.e., <= 1e-8) in feature 4 are removed. Consider decreasing the number of bins.
  warnings.warn(
D:\Project\flash-ticket-rca-research\environments\task-e\rcd39\lib\site-packages\sklearn\preprocessing\_discretization.py:268: ConvergenceWarning: Number of distinct clusters (5) found smaller than n_clusters (7). Possibly due to duplicate points in X.
  centers = km.fit(column[:, None]).cluster_centers_[:, 0]
D:\Project\flash-ticket-rca-research\environments\task-e\rcd39\lib\site-packages\sklearn\preprocessing\_discretization.py:279: UserWarning: Bins whose width are too small (i.e., <= 1e-8) in feature 2 are removed. Consider decreasing the number of bins.
  warnings.warn(
D:\Project\flash-ticket-rca-research\environments\task-e\rcd39\lib\site-packages\sklearn\preprocessing\_discretization.py:268: ConvergenceWarning: Number of distinct clusters (5) found smaller than n_clusters (7). Possibly due to duplicate points in X.
  centers = km.fit(column[:, None]).cluster_centers_[:, 0]
D:\Project\flash-ticket-rca-research\environments\task-e\rcd39\lib\site-packages\sklearn\preprocessing\_discretization.py:279: UserWarning: Bins whose width are too small (i.e., <= 1e-8) in feature 3 are removed. Consider decreasing the number of bins.
  warnings.warn(
D:\Project\flash-ticket-rca-research\environments\task-e\rcd39\lib\site-packages\sklearn\preprocessing\_discretization.py:268: ConvergenceWarning: Number of distinct clusters (6) found smaller than n_clusters (7). Possibly due to duplicate points in X.
  centers = km.fit(column[:, None]).cluster_centers_[:, 0]
D:\Project\flash-ticket-rca-research\environments\task-e\rcd39\lib\site-packages\sklearn\preprocessing\_discretization.py:279: UserWarning: Bins whose width are too small (i.e., <= 1e-8) in feature 0 are removed. Consider decreasing the number of bins.
  warnings.warn(
D:\Project\flash-ticket-rca-research\environments\task-e\rcd39\lib\site-packages\sklearn\preprocessing\_discretization.py:268: ConvergenceWarning: Number of distinct clusters (4) found smaller than n_clusters (7). Possibly due to duplicate points in X.
  centers = km.fit(column[:, None]).cluster_centers_[:, 0]
D:\Project\flash-ticket-rca-research\environments\task-e\rcd39\lib\site-packages\sklearn\preprocessing\_discretization.py:279: UserWarning: Bins whose width are too small (i.e., <= 1e-8) in feature 0 are removed. Consider decreasing the number of bins.
  warnings.warn(
D:\Project\flash-ticket-rca-research\environments\task-e\rcd39\lib\site-packages\sklearn\preprocessing\_discretization.py:268: ConvergenceWarning: Number of distinct clusters (3) found smaller than n_clusters (7). Possibly due to duplicate points in X.
  centers = km.fit(column[:, None]).cluster_centers_[:, 0]
D:\Project\flash-ticket-rca-research\environments\task-e\rcd39\lib\site-packages\sklearn\preprocessing\_discretization.py:279: UserWarning: Bins whose width are too small (i.e., <= 1e-8) in feature 4 are removed. Consider decreasing the number of bins.
  warnings.warn(
D:\Project\flash-ticket-rca-research\environments\task-e\rcd39\lib\site-packages\sklearn\preprocessing\_discretization.py:268: ConvergenceWarning: Number of distinct clusters (4) found smaller than n_clusters (7). Possibly due to duplicate points in X.
  centers = km.fit(column[:, None]).cluster_centers_[:, 0]
D:\Project\flash-ticket-rca-research\environments\task-e\rcd39\lib\site-packages\sklearn\preprocessing\_discretization.py:279: UserWarning: Bins whose width are too small (i.e., <= 1e-8) in feature 3 are removed. Consider decreasing the number of bins.
  warnings.warn(
D:\Project\flash-ticket-rca-research\environments\task-e\rcd39\lib\site-packages\sklearn\preprocessing\_discretization.py:268: ConvergenceWarning: Number of distinct clusters (6) found smaller than n_clusters (7). Possibly due to duplicate points in X.
  centers = km.fit(column[:, None]).cluster_centers_[:, 0]
D:\Project\flash-ticket-rca-research\environments\task-e\rcd39\lib\site-packages\sklearn\preprocessing\_discretization.py:268: ConvergenceWarning: Number of distinct clusters (6) found smaller than n_clusters (7). Possibly due to duplicate points in X.
  centers = km.fit(column[:, None]).cluster_centers_[:, 0]
D:\Project\flash-ticket-rca-research\environments\task-e\rcd39\lib\site-packages\sklearn\preprocessing\_discretization.py:268: ConvergenceWarning: Number of distinct clusters (4) found smaller than n_clusters (7). Possibly due to duplicate points in X.
  centers = km.fit(column[:, None]).cluster_centers_[:, 0]
D:\Project\flash-ticket-rca-research\environments\task-e\rcd39\lib\site-packages\sklearn\preprocessing\_discretization.py:279: UserWarning: Bins whose width are too small (i.e., <= 1e-8) in feature 0 are removed. Consider decreasing the number of bins.
  warnings.warn(
D:\Project\flash-ticket-rca-research\environments\task-e\rcd39\lib\site-packages\sklearn\preprocessing\_discretization.py:268: ConvergenceWarning: Number of distinct clusters (6) found smaller than n_clusters (7). Possibly due to duplicate points in X.
  centers = km.fit(column[:, None]).cluster_centers_[:, 0]
D:\Project\flash-ticket-rca-research\environments\task-e\rcd39\lib\site-packages\sklearn\preprocessing\_discretization.py:268: ConvergenceWarning: Number of distinct clusters (3) found smaller than n_clusters (7). Possibly due to duplicate points in X.
  centers = km.fit(column[:, None]).cluster_centers_[:, 0]
D:\Project\flash-ticket-rca-research\environments\task-e\rcd39\lib\site-packages\sklearn\preprocessing\_discretization.py:279: UserWarning: Bins whose width are too small (i.e., <= 1e-8) in feature 3 are removed. Consider decreasing the number of bins.
  warnings.warn(
D:\Project\flash-ticket-rca-research\environments\task-e\rcd39\lib\site-packages\sklearn\preprocessing\_discretization.py:268: ConvergenceWarning: Number of distinct clusters (6) found smaller than n_clusters (7). Possibly due to duplicate points in X.
  centers = km.fit(column[:, None]).cluster_centers_[:, 0]
D:\Project\flash-ticket-rca-research\environments\task-e\rcd39\lib\site-packages\sklearn\preprocessing\_discretization.py:279: UserWarning: Bins whose width are too small (i.e., <= 1e-8) in feature 2 are removed. Consider decreasing the number of bins.
  warnings.warn(
D:\Project\flash-ticket-rca-research\environments\task-e\rcd39\lib\site-packages\sklearn\preprocessing\_discretization.py:268: ConvergenceWarning: Number of distinct clusters (3) found smaller than n_clusters (7). Possibly due to duplicate points in X.
  centers = km.fit(column[:, None]).cluster_centers_[:, 0]
D:\Project\flash-ticket-rca-research\environments\task-e\rcd39\lib\site-packages\sklearn\preprocessing\_discretization.py:279: UserWarning: Bins whose width are too small (i.e., <= 1e-8) in feature 0 are removed. Consider decreasing the number of bins.
  warnings.warn(
D:\Project\flash-ticket-rca-research\environments\task-e\rcd39\lib\site-packages\sklearn\preprocessing\_discretization.py:268: ConvergenceWarning: Number of distinct clusters (3) found smaller than n_clusters (7). Possibly due to duplicate points in X.
  centers = km.fit(column[:, None]).cluster_centers_[:, 0]
D:\Project\flash-ticket-rca-research\environments\task-e\rcd39\lib\site-packages\sklearn\preprocessing\_discretization.py:279: UserWarning: Bins whose width are too small (i.e., <= 1e-8) in feature 0 are removed. Consider decreasing the number of bins.
  warnings.warn(
D:\Project\flash-ticket-rca-research\environments\task-e\rcd39\lib\site-packages\sklearn\preprocessing\_discretization.py:268: ConvergenceWarning: Number of distinct clusters (6) found smaller than n_clusters (7). Possibly due to duplicate points in X.
  centers = km.fit(column[:, None]).cluster_centers_[:, 0]
D:\Project\flash-ticket-rca-research\environments\task-e\rcd39\lib\site-packages\sklearn\preprocessing\_discretization.py:268: ConvergenceWarning: Number of distinct clusters (6) found smaller than n_clusters (7). Possibly due to duplicate points in X.
  centers = km.fit(column[:, None]).cluster_centers_[:, 0]
D:\Project\flash-ticket-rca-research\environments\task-e\rcd39\lib\site-packages\sklearn\preprocessing\_discretization.py:279: UserWarning: Bins whose width are too small (i.e., <= 1e-8) in feature 2 are removed. Consider decreasing the number of bins.
  warnings.warn(
D:\Project\flash-ticket-rca-research\environments\task-e\rcd39\lib\site-packages\sklearn\preprocessing\_discretization.py:268: ConvergenceWarning: Number of distinct clusters (3) found smaller than n_clusters (7). Possibly due to duplicate points in X.
  centers = km.fit(column[:, None]).cluster_centers_[:, 0]
D:\Project\flash-ticket-rca-research\environments\task-e\rcd39\lib\site-packages\sklearn\preprocessing\_discretization.py:279: UserWarning: Bins whose width are too small (i.e., <= 1e-8) in feature 1 are removed. Consider decreasing the number of bins.
  warnings.warn(
D:\Project\flash-ticket-rca-research\environments\task-e\rcd39\lib\site-packages\sklearn\preprocessing\_discretization.py:268: ConvergenceWarning: Number of distinct clusters (4) found smaller than n_clusters (7). Possibly due to duplicate points in X.
  centers = km.fit(column[:, None]).cluster_centers_[:, 0]
D:\Project\flash-ticket-rca-research\environments\task-e\rcd39\lib\site-packages\sklearn\preprocessing\_discretization.py:279: UserWarning: Bins whose width are too small (i.e., <= 1e-8) in feature 4 are removed. Consider decreasing the number of bins.
  warnings.warn(
D:\Project\flash-ticket-rca-research\environments\task-e\rcd39\lib\site-packages\sklearn\preprocessing\_discretization.py:268: ConvergenceWarning: Number of distinct clusters (3) found smaller than n_clusters (7). Possibly due to duplicate points in X.
  centers = km.fit(column[:, None]).cluster_centers_[:, 0]
D:\Project\flash-ticket-rca-research\environments\task-e\rcd39\lib\site-packages\sklearn\preprocessing\_discretization.py:279: UserWarning: Bins whose width are too small (i.e., <= 1e-8) in feature 0 are removed. Consider decreasing the number of bins.
  warnings.warn(
D:\Project\flash-ticket-rca-research\environments\task-e\rcd39\lib\site-packages\sklearn\preprocessing\_discretization.py:268: ConvergenceWarning: Number of distinct clusters (6) found smaller than n_clusters (7). Possibly due to duplicate points in X.
  centers = km.fit(column[:, None]).cluster_centers_[:, 0]
D:\Project\flash-ticket-rca-research\environments\task-e\rcd39\lib\site-packages\sklearn\preprocessing\_discretization.py:279: UserWarning: Bins whose width are too small (i.e., <= 1e-8) in feature 4 are removed. Consider decreasing the number of bins.
  warnings.warn(
D:\Project\flash-ticket-rca-research\environments\task-e\rcd39\lib\site-packages\sklearn\preprocessing\_discretization.py:268: ConvergenceWarning: Number of distinct clusters (5) found smaller than n_clusters (7). Possibly due to duplicate points in X.
  centers = km.fit(column[:, None]).cluster_centers_[:, 0]
D:\Project\flash-ticket-rca-research\environments\task-e\rcd39\lib\site-packages\sklearn\preprocessing\_discretization.py:279: UserWarning: Bins whose width are too small (i.e., <= 1e-8) in feature 2 are removed. Consider decreasing the number of bins.
  warnings.warn(
D:\Project\flash-ticket-rca-research\environments\task-e\rcd39\lib\site-packages\sklearn\preprocessing\_discretization.py:268: ConvergenceWarning: Number of distinct clusters (4) found smaller than n_clusters (7). Possibly due to duplicate points in X.
  centers = km.fit(column[:, None]).cluster_centers_[:, 0]
D:\Project\flash-ticket-rca-research\environments\task-e\rcd39\lib\site-packages\sklearn\preprocessing\_discretization.py:279: UserWarning: Bins whose width are too small (i.e., <= 1e-8) in feature 2 are removed. Consider decreasing the number of bins.
  warnings.warn(
D:\Project\flash-ticket-rca-research\environments\task-e\rcd39\lib\site-packages\sklearn\preprocessing\_discretization.py:268: ConvergenceWarning: Number of distinct clusters (4) found smaller than n_clusters (7). Possibly due to duplicate points in X.
  centers = km.fit(column[:, None]).cluster_centers_[:, 0]
D:\Project\flash-ticket-rca-research\environments\task-e\rcd39\lib\site-packages\sklearn\preprocessing\_discretization.py:279: UserWarning: Bins whose width are too small (i.e., <= 1e-8) in feature 1 are removed. Consider decreasing the number of bins.
  warnings.warn(
D:\Project\flash-ticket-rca-research\environments\task-e\rcd39\lib\site-packages\sklearn\preprocessing\_discretization.py:268: ConvergenceWarning: Number of distinct clusters (4) found smaller than n_clusters (7). Possibly due to duplicate points in X.
  centers = km.fit(column[:, None]).cluster_centers_[:, 0]
D:\Project\flash-ticket-rca-research\environments\task-e\rcd39\lib\site-packages\sklearn\preprocessing\_discretization.py:279: UserWarning: Bins whose width are too small (i.e., <= 1e-8) in feature 2 are removed. Consider decreasing the number of bins.
  warnings.warn(
D:\Project\flash-ticket-rca-research\environments\task-e\rcd39\lib\site-packages\sklearn\preprocessing\_discretization.py:268: ConvergenceWarning: Number of distinct clusters (6) found smaller than n_clusters (7). Possibly due to duplicate points in X.
  centers = km.fit(column[:, None]).cluster_centers_[:, 0]
D:\Project\flash-ticket-rca-research\environments\task-e\rcd39\lib\site-packages\sklearn\preprocessing\_discretization.py:279: UserWarning: Bins whose width are too small (i.e., <= 1e-8) in feature 2 are removed. Consider decreasing the number of bins.
  warnings.warn(
D:\Project\flash-ticket-rca-research\environments\task-e\rcd39\lib\site-packages\sklearn\preprocessing\_discretization.py:268: ConvergenceWarning: Number of distinct clusters (4) found smaller than n_clusters (7). Possibly due to duplicate points in X.
  centers = km.fit(column[:, None]).cluster_centers_[:, 0]
D:\Project\flash-ticket-rca-research\environments\task-e\rcd39\lib\site-packages\sklearn\preprocessing\_discretization.py:279: UserWarning: Bins whose width are too small (i.e., <= 1e-8) in feature 4 are removed. Consider decreasing the number of bins.
  warnings.warn(
D:\Project\flash-ticket-rca-research\environments\task-e\rcd39\lib\site-packages\sklearn\preprocessing\_discretization.py:268: ConvergenceWarning: Number of distinct clusters (4) found smaller than n_clusters (7). Possibly due to duplicate points in X.
  centers = km.fit(column[:, None]).cluster_centers_[:, 0]
D:\Project\flash-ticket-rca-research\environments\task-e\rcd39\lib\site-packages\sklearn\preprocessing\_discretization.py:279: UserWarning: Bins whose width are too small (i.e., <= 1e-8) in feature 0 are removed. Consider decreasing the number of bins.
  warnings.warn(
D:\Project\flash-ticket-rca-research\environments\task-e\rcd39\lib\site-packages\sklearn\preprocessing\_discretization.py:268: ConvergenceWarning: Number of distinct clusters (6) found smaller than n_clusters (7). Possibly due to duplicate points in X.
  centers = km.fit(column[:, None]).cluster_centers_[:, 0]
D:\Project\flash-ticket-rca-research\environments\task-e\rcd39\lib\site-packages\sklearn\preprocessing\_discretization.py:268: ConvergenceWarning: Number of distinct clusters (6) found smaller than n_clusters (7). Possibly due to duplicate points in X.
  centers = km.fit(column[:, None]).cluster_centers_[:, 0]
D:\Project\flash-ticket-rca-research\environments\task-e\rcd39\lib\site-packages\sklearn\preprocessing\_discretization.py:268: ConvergenceWarning: Number of distinct clusters (6) found smaller than n_clusters (7). Possibly due to duplicate points in X.
  centers = km.fit(column[:, None]).cluster_centers_[:, 0]
D:\Project\flash-ticket-rca-research\environments\task-e\rcd39\lib\site-packages\sklearn\preprocessing\_discretization.py:279: UserWarning: Bins whose width are too small (i.e., <= 1e-8) in feature 3 are removed. Consider decreasing the number of bins.
  warnings.warn(
D:\Project\flash-ticket-rca-research\environments\task-e\rcd39\lib\site-packages\sklearn\preprocessing\_discretization.py:268: ConvergenceWarning: Number of distinct clusters (5) found smaller than n_clusters (7). Possibly due to duplicate points in X.
  centers = km.fit(column[:, None]).cluster_centers_[:, 0]
D:\Project\flash-ticket-rca-research\environments\task-e\rcd39\lib\site-packages\sklearn\preprocessing\_discretization.py:279: UserWarning: Bins whose width are too small (i.e., <= 1e-8) in feature 4 are removed. Consider decreasing the number of bins.
  warnings.warn(
D:\Project\flash-ticket-rca-research\environments\task-e\rcd39\lib\site-packages\sklearn\preprocessing\_discretization.py:268: ConvergenceWarning: Number of distinct clusters (6) found smaller than n_clusters (7). Possibly due to duplicate points in X.
  centers = km.fit(column[:, None]).cluster_centers_[:, 0]
D:\Project\flash-ticket-rca-research\environments\task-e\rcd39\lib\site-packages\sklearn\preprocessing\_discretization.py:268: ConvergenceWarning: Number of distinct clusters (4) found smaller than n_clusters (7). Possibly due to duplicate points in X.
  centers = km.fit(column[:, None]).cluster_centers_[:, 0]
D:\Project\flash-ticket-rca-research\environments\task-e\rcd39\lib\site-packages\sklearn\preprocessing\_discretization.py:279: UserWarning: Bins whose width are too small (i.e., <= 1e-8) in feature 1 are removed. Consider decreasing the number of bins.
  warnings.warn(
D:\Project\flash-ticket-rca-research\environments\task-e\rcd39\lib\site-packages\sklearn\preprocessing\_discretization.py:268: ConvergenceWarning: Number of distinct clusters (3) found smaller than n_clusters (7). Possibly due to duplicate points in X.
  centers = km.fit(column[:, None]).cluster_centers_[:, 0]
D:\Project\flash-ticket-rca-research\environments\task-e\rcd39\lib\site-packages\sklearn\preprocessing\_discretization.py:279: UserWarning: Bins whose width are too small (i.e., <= 1e-8) in feature 1 are removed. Consider decreasing the number of bins.
  warnings.warn(
D:\Project\flash-ticket-rca-research\environments\task-e\rcd39\lib\site-packages\sklearn\preprocessing\_discretization.py:268: ConvergenceWarning: Number of distinct clusters (4) found smaller than n_clusters (7). Possibly due to duplicate points in X.
  centers = km.fit(column[:, None]).cluster_centers_[:, 0]
D:\Project\flash-ticket-rca-research\environments\task-e\rcd39\lib\site-packages\sklearn\preprocessing\_discretization.py:279: UserWarning: Bins whose width are too small (i.e., <= 1e-8) in feature 0 are removed. Consider decreasing the number of bins.
  warnings.warn(
D:\Project\flash-ticket-rca-research\environments\task-e\rcd39\lib\site-packages\sklearn\preprocessing\_discretization.py:268: ConvergenceWarning: Number of distinct clusters (4) found smaller than n_clusters (7). Possibly due to duplicate points in X.
  centers = km.fit(column[:, None]).cluster_centers_[:, 0]
D:\Project\flash-ticket-rca-research\environments\task-e\rcd39\lib\site-packages\sklearn\preprocessing\_discretization.py:279: UserWarning: Bins whose width are too small (i.e., <= 1e-8) in feature 0 are removed. Consider decreasing the number of bins.
  warnings.warn(
D:\Project\flash-ticket-rca-research\environments\task-e\rcd39\lib\site-packages\sklearn\preprocessing\_discretization.py:268: ConvergenceWarning: Number of distinct clusters (4) found smaller than n_clusters (7). Possibly due to duplicate points in X.
  centers = km.fit(column[:, None]).cluster_centers_[:, 0]
D:\Project\flash-ticket-rca-research\environments\task-e\rcd39\lib\site-packages\sklearn\preprocessing\_discretization.py:279: UserWarning: Bins whose width are too small (i.e., <= 1e-8) in feature 1 are removed. Consider decreasing the number of bins.
  warnings.warn(
D:\Project\flash-ticket-rca-research\environments\task-e\rcd39\lib\site-packages\sklearn\preprocessing\_discretization.py:268: ConvergenceWarning: Number of distinct clusters (6) found smaller than n_clusters (7). Possibly due to duplicate points in X.
  centers = km.fit(column[:, None]).cluster_centers_[:, 0]
D:\Project\flash-ticket-rca-research\environments\task-e\rcd39\lib\site-packages\sklearn\preprocessing\_discretization.py:268: ConvergenceWarning: Number of distinct clusters (4) found smaller than n_clusters (7). Possibly due to duplicate points in X.
  centers = km.fit(column[:, None]).cluster_centers_[:, 0]
D:\Project\flash-ticket-rca-research\environments\task-e\rcd39\lib\site-packages\sklearn\preprocessing\_discretization.py:279: UserWarning: Bins whose width are too small (i.e., <= 1e-8) in feature 1 are removed. Consider decreasing the number of bins.
  warnings.warn(
D:\Project\flash-ticket-rca-research\environments\task-e\rcd39\lib\site-packages\sklearn\preprocessing\_discretization.py:268: ConvergenceWarning: Number of distinct clusters (6) found smaller than n_clusters (7). Possibly due to duplicate points in X.
  centers = km.fit(column[:, None]).cluster_centers_[:, 0]
D:\Project\flash-ticket-rca-research\environments\task-e\rcd39\lib\site-packages\sklearn\preprocessing\_discretization.py:268: ConvergenceWarning: Number of distinct clusters (6) found smaller than n_clusters (7). Possibly due to duplicate points in X.
  centers = km.fit(column[:, None]).cluster_centers_[:, 0]
D:\Project\flash-ticket-rca-research\environments\task-e\rcd39\lib\site-packages\sklearn\preprocessing\_discretization.py:279: UserWarning: Bins whose width are too small (i.e., <= 1e-8) in feature 1 are removed. Consider decreasing the number of bins.
  warnings.warn(
D:\Project\flash-ticket-rca-research\environments\task-e\rcd39\lib\site-packages\sklearn\preprocessing\_discretization.py:268: ConvergenceWarning: Number of distinct clusters (6) found smaller than n_clusters (7). Possibly due to duplicate points in X.
  centers = km.fit(column[:, None]).cluster_centers_[:, 0]
D:\Project\flash-ticket-rca-research\environments\task-e\rcd39\lib\site-packages\sklearn\preprocessing\_discretization.py:279: UserWarning: Bins whose width are too small (i.e., <= 1e-8) in feature 2 are removed. Consider decreasing the number of bins.
  warnings.warn(
D:\Project\flash-ticket-rca-research\environments\task-e\rcd39\lib\site-packages\sklearn\preprocessing\_discretization.py:268: ConvergenceWarning: Number of distinct clusters (4) found smaller than n_clusters (7). Possibly due to duplicate points in X.
  centers = km.fit(column[:, None]).cluster_centers_[:, 0]
D:\Project\flash-ticket-rca-research\environments\task-e\rcd39\lib\site-packages\sklearn\preprocessing\_discretization.py:279: UserWarning: Bins whose width are too small (i.e., <= 1e-8) in feature 4 are removed. Consider decreasing the number of bins.
  warnings.warn(
D:\Project\flash-ticket-rca-research\environments\task-e\rcd39\lib\site-packages\sklearn\preprocessing\_discretization.py:268: ConvergenceWarning: Number of distinct clusters (4) found smaller than n_clusters (7). Possibly due to duplicate points in X.
  centers = km.fit(column[:, None]).cluster_centers_[:, 0]
D:\Project\flash-ticket-rca-research\environments\task-e\rcd39\lib\site-packages\sklearn\preprocessing\_discretization.py:279: UserWarning: Bins whose width are too small (i.e., <= 1e-8) in feature 0 are removed. Consider decreasing the number of bins.
  warnings.warn(
D:\Project\flash-ticket-rca-research\environments\task-e\rcd39\lib\site-packages\sklearn\preprocessing\_discretization.py:268: ConvergenceWarning: Number of distinct clusters (4) found smaller than n_clusters (7). Possibly due to duplicate points in X.
  centers = km.fit(column[:, None]).cluster_centers_[:, 0]
D:\Project\flash-ticket-rca-research\environments\task-e\rcd39\lib\site-packages\sklearn\preprocessing\_discretization.py:279: UserWarning: Bins whose width are too small (i.e., <= 1e-8) in feature 4 are removed. Consider decreasing the number of bins.
  warnings.warn(
D:\Project\flash-ticket-rca-research\environments\task-e\rcd39\lib\site-packages\sklearn\preprocessing\_discretization.py:268: ConvergenceWarning: Number of distinct clusters (5) found smaller than n_clusters (7). Possibly due to duplicate points in X.
  centers = km.fit(column[:, None]).cluster_centers_[:, 0]
D:\Project\flash-ticket-rca-research\environments\task-e\rcd39\lib\site-packages\sklearn\preprocessing\_discretization.py:279: UserWarning: Bins whose width are too small (i.e., <= 1e-8) in feature 2 are removed. Consider decreasing the number of bins.
  warnings.warn(
D:\Project\flash-ticket-rca-research\environments\task-e\rcd39\lib\site-packages\sklearn\preprocessing\_discretization.py:268: ConvergenceWarning: Number of distinct clusters (3) found smaller than n_clusters (7). Possibly due to duplicate points in X.
  centers = km.fit(column[:, None]).cluster_centers_[:, 0]
D:\Project\flash-ticket-rca-research\environments\task-e\rcd39\lib\site-packages\sklearn\preprocessing\_discretization.py:279: UserWarning: Bins whose width are too small (i.e., <= 1e-8) in feature 3 are removed. Consider decreasing the number of bins.
  warnings.warn(
D:\Project\flash-ticket-rca-research\environments\task-e\rcd39\lib\site-packages\sklearn\preprocessing\_discretization.py:268: ConvergenceWarning: Number of distinct clusters (6) found smaller than n_clusters (7). Possibly due to duplicate points in X.
  centers = km.fit(column[:, None]).cluster_centers_[:, 0]
Timeout (0:01:00)!
Thread 0x00005328 (most recent call first):
  File "D:\Project\flash-ticket-rca-research\environments\task-e\rcd39\lib\site-packages\numpy\core\_methods.py", line 48 in _sum
  File "D:\Project\flash-ticket-rca-research\environments\task-e\rcd39\lib\site-packages\causallearn\utils\cit.py", line 279 in _CalculatePValue
  File "D:\Project\flash-ticket-rca-research\environments\task-e\rcd39\lib\site-packages\causallearn\utils\cit.py", line 289 in chisq_or_gsq_test
  File "D:\Project\flash-ticket-rca-research\environments\task-e\rcd39\lib\site-packages\causallearn\utils\cit.py", line 184 in chisq
  File "D:\Project\flash-ticket-rca-research\environments\task-e\rcd39\lib\site-packages\causallearn\graph\GraphClass.py", line 97 in ci_test
  File "D:\Project\flash-ticket-rca-research\environments\task-e\rcd39\lib\site-packages\causallearn\utils\PCUtils\SkeletonDiscovery.py", line 194 in local_skeleton_discovery
  File "D:\Project\flash-ticket-rca-research\baselines\upstream\rcaeval-7600283af1ea5e2e9fff6f07124951d0e989de42\RCAEval\e2e\rcd_td12.py", line 80 in run_pc
  File "D:\Project\flash-ticket-rca-research\baselines\upstream\rcaeval-7600283af1ea5e2e9fff6f07124951d0e989de42\RCAEval\e2e\rcd_td12.py", line 178 in <lambda>
  File "D:\Project\flash-ticket-rca-research\baselines\upstream\rcaeval-7600283af1ea5e2e9fff6f07124951d0e989de42\RCAEval\e2e\rcd_td12.py", line 190 in run_psi_pc
  File "D:\Project\flash-ticket-rca-research\baselines\upstream\rcaeval-7600283af1ea5e2e9fff6f07124951d0e989de42\RCAEval\e2e\rcd_td12.py", line 356 in run_level
  File "D:\Project\flash-ticket-rca-research\baselines\upstream\rcaeval-7600283af1ea5e2e9fff6f07124951d0e989de42\RCAEval\e2e\rcd_td12.py", line 411 in run_multi_phase
  File "D:\Project\flash-ticket-rca-research\baselines\upstream\rcaeval-7600283af1ea5e2e9fff6f07124951d0e989de42\RCAEval\e2e\rcd_td12.py", line 491 in rcd
  File "D:\Project\flash-ticket-rca-research\scripts\task_e\comparators.py", line 85 in rcd_run
  File "<string>", line 10 in timed
  File "D:\Project\flash-ticket-rca-research\scripts\task_e\rcd_numeric_worker.py", line 210 in run_request
  File "<string>", line 13 in observed
  File "D:\Project\flash-ticket-rca-research\scripts\task_e\rcd_numeric_worker.py", line 243 in main
  File "<string>", line 16 in <module>
