diagnostic_label,efficacy_label,selection_label,method_change_label,variant,profile,case_id,root_service,fault,handle,arm,modality,lambda,relative_floor,residual_floor,bin_seconds,fit_bins,cal_bins,lag,min_fit_rows,min_cal_rows,qualifying_scalers,qualifying_metric,qualifying_trace_count,qualifying_log_count,scale_1e12,scale_1e12_metric,scale_1e12_trace_count,scale_1e12_log_count,affected_support_median,affected_support_min,affected_support_max,affected_positive_count_median,affected_constant,affected_singleton,model_count,affected_model_count,normal_eligible_ids,normal_affected_eligible_ids,normal_abs_loss,normal_affected_abs_loss,scored_bins,max_affected_only,max_mixed_tie,max_unaffected_only,max_unavailable,max_affected_metric_bins,max_affected_trace_count_bins,max_affected_log_count_bins,oof_threshold,full_threshold,case_f1,case_precision,case_recall
POST-HOC DEVELOPMENT DIAGNOSTIC,NOT FINAL EFFICACY,NOT PARAMETER SELECTION,NO METHOD CHANGE AUTHORIZED,primary,primary,re2tt_ts-auth-service_cpu_1,ts-auth-service,cpu,96538c0c0d6a11d8,G,MTL,10.0,0.01,0.01,5,24,12,1,18,9,229,202,27,0,13,13,0,0,24.0,24,24,,13,0,229,13,24684,1404,20369.62716974115,0.0,252,3,0,249,0,3,0,0,5263.157894736852,5300.844353103079,0.14193548387096774,1.0,0.0763888888888889
POST-HOC DEVELOPMENT DIAGNOSTIC,NOT FINAL EFFICACY,NOT PARAMETER SELECTION,NO METHOD CHANGE AUTHORIZED,primary,primary,re2tt_ts-auth-service_cpu_1,ts-auth-service,cpu,96538c0c0d6a11d8,L,MTL,10.0,0.01,0.01,5,24,12,1,18,9,229,202,27,0,13,13,0,0,24.0,24,24,,13,0,229,13,24684,1404,20449.953558645397,0.0,252,3,0,249,0,3,0,0,221694927196937.78,221694927196937.78,0.0,0.0,0.0
POST-HOC DEVELOPMENT DIAGNOSTIC,NOT FINAL EFFICACY,NOT PARAMETER SELECTION,NO METHOD CHANGE AUTHORIZED,primary,primary,re2tt_ts-auth-service_cpu_1,ts-auth-service,cpu,96538c0c0d6a11d8,ALL,MTL,10.0,0.01,0.01,5,24,12,1,18,9,229,202,27,0,13,13,0,0,24.0,24,24,,13,0,229,13,24684,1404,20426.187958373386,0.0,252,3,0,249,0,3,0,0,3829.7872340425683,4361.702127659585,0.15286624203821655,0.9230769230769231,0.08333333333333333
POST-HOC DEVELOPMENT DIAGNOSTIC,NOT FINAL EFFICACY,NOT PARAMETER SELECTION,NO METHOD CHANGE AUTHORIZED,primary,primary,re2tt_ts-auth-service_cpu_1,ts-auth-service,cpu,96538c0c0d6a11d8,G,MT,10.0,0.01,0.01,5,24,12,1,18,9,229,202,27,0,13,13,0,0,24.0,24,24,,13,0,229,13,24684,1404,,,252,3,0,249,0,3,0,0,3829.7872340425683,4361.702127659583,0.15286624203821655,0.9230769230769231,0.08333333333333333
POST-HOC DEVELOPMENT DIAGNOSTIC,NOT FINAL EFFICACY,NOT PARAMETER SELECTION,NO METHOD CHANGE AUTHORIZED,primary,primary,re2tt_ts-auth-service_cpu_1,ts-auth-service,cpu,96538c0c0d6a11d8,L,MT,10.0,0.01,0.01,5,24,12,1,18,9,229,202,27,0,13,13,0,0,24.0,24,24,,13,0,229,13,24684,1404,,,252,3,0,249,0,3,0,0,153372350762147.56,158890826408975.88,0.0,0.0,0.0
POST-HOC DEVELOPMENT DIAGNOSTIC,NOT FINAL EFFICACY,NOT PARAMETER SELECTION,NO METHOD CHANGE AUTHORIZED,primary,primary,re2tt_ts-auth-service_cpu_1,ts-auth-service,cpu,96538c0c0d6a11d8,ALL,MT,10.0,0.01,0.01,5,24,12,1,18,9,229,202,27,0,13,13,0,0,24.0,24,24,,13,0,229,13,24684,1404,,,252,3,0,249,0,3,0,0,3829.7872340425683,4361.702127659583,0.15286624203821655,0.9230769230769231,0.08333333333333333
POST-HOC DEVELOPMENT DIAGNOSTIC,NOT FINAL EFFICACY,NOT PARAMETER SELECTION,NO METHOD CHANGE AUTHORIZED,primary,primary,re2tt_ts-auth-service_cpu_2,ts-auth-service,cpu,63f914383963739b,G,MTL,10.0,0.01,0.01,5,24,12,1,18,9,241,194,27,20,7,5,1,1,24.0,24,24,4.5,5,0,241,7,25908,756,176311239586453.03,176311239562164.03,252,35,0,217,0,0,2,33,5263.157894736852,5300.844353103079,0.45045045045045046,0.6410256410256411,0.3472222222222222
POST-HOC DEVELOPMENT DIAGNOSTIC,NOT FINAL EFFICACY,NOT PARAMETER SELECTION,NO METHOD CHANGE AUTHORIZED,primary,primary,re2tt_ts-auth-service_cpu_2,ts-auth-service,cpu,63f914383963739b,L,MTL,10.0,0.01,0.01,5,24,12,1,18,9,241,194,27,20,7,5,1,1,24.0,24,24,4.5,5,0,241,7,25908,756,176293600207676.44,176293600183431.78,252,89,0,163,0,0,9,80,221694927196937.78,221694927196937.78,0.20809248554913296,0.6206896551724138,0.125
POST-HOC DEVELOPMENT DIAGNOSTIC,NOT FINAL EFFICACY,NOT PARAMETER SELECTION,NO METHOD CHANGE AUTHORIZED,primary,primary,re2tt_ts-auth-service_cpu_2,ts-auth-service,cpu,63f914383963739b,ALL,MTL,10.0,0.01,0.01,5,24,12,1,18,9,241,194,27,20,7,5,1,1,24.0,24,24,4.5,5,0,241,7,25908,756,176373312913266.16,176373312888848.03,252,37,0,215,0,0,1,36,3829.7872340425683,4361.702127659585,0.5572519083969466,0.6186440677966102,0.5069444444444444
POST-HOC DEVELOPMENT DIAGNOSTIC,NOT FINAL EFFICACY,NOT PARAMETER SELECTION,NO METHOD CHANGE AUTHORIZED,primary,primary,re2tt_ts-auth-service_cpu_2,ts-auth-service,cpu,63f914383963739b,G,MT,10.0,0.01,0.01,5,24,12,1,18,9,221,194,27,0,6,5,1,0,24.0,24,24,4.0,5,0,221,6,23748,648,,,252,13,0,239,0,0,13,0,3829.7872340425683,4361.702127659583,0.46551724137931033,0.6136363636363636,0.375
POST-HOC DEVELOPMENT DIAGNOSTIC,NOT FINAL EFFICACY,NOT PARAMETER SELECTION,NO METHOD CHANGE AUTHORIZED,primary,primary,re2tt_ts-auth-service_cpu_2,ts-auth-service,cpu,63f914383963739b,L,MT,10.0,0.01,0.01,5,24,12,1,18,9,221,194,27,0,6,5,1,0,24.0,24,24,4.0,5,0,221,6,23748,648,,,252,49,0,203,0,0,49,0,153372350762147.56,158890826408975.88,0.2702702702702703,0.6097560975609756,0.1736111111111111
POST-HOC DEVELOPMENT DIAGNOSTIC,NOT FINAL EFFICACY,NOT PARAMETER SELECTION,NO METHOD CHANGE AUTHORIZED,primary,primary,re2tt_ts-auth-service_cpu_2,ts-auth-service,cpu,63f914383963739b,ALL,MT,10.0,0.01,0.01,5,24,12,1,18,9,221,194,27,0,6,5,1,0,24.0,24,24,4.0,5,0,221,6,23748,648,,,252,4,0,248,0,0,4,0,3829.7872340425683,4361.702127659583,0.46551724137931033,0.6136363636363636,0.375
POST-HOC DEVELOPMENT DIAGNOSTIC,NOT FINAL EFFICACY,NOT PARAMETER SELECTION,NO METHOD CHANGE AUTHORIZED,primary,primary,re2tt_ts-auth-service_cpu_3,ts-auth-service,cpu,45e43770afa33cef,G,MTL,10.0,0.01,0.01,5,24,12,1,18,9,247,200,27,20,18,11,4,3,24.0,24,24,5.0,11,0,247,18,26600,1944,628817188013051.8,628817187989269.8,252,71,0,181,0,0,3,68,5263.157894736852,5300.844353103079,0.0,0.0,0.0
POST-HOC DEVELOPMENT DIAGNOSTIC,NOT FINAL EFFICACY,NOT PARAMETER SELECTION,NO METHOD CHANGE AUTHORIZED,primary,primary,re2tt_ts-auth-service_cpu_3,ts-auth-service,cpu,45e43770afa33cef,L,MTL,10.0,0.01,0.01,5,24,12,1,18,9,247,200,27,20,18,11,4,3,24.0,24,24,5.0,11,0,247,18,26600,1944,631819036304537.4,631819036280711.6,252,79,0,173,0,0,9,70,221694927196937.78,221694927196937.78,0.4056603773584906,0.6323529411764706,0.2986111111111111
POST-HOC DEVELOPMENT DIAGNOSTIC,NOT FINAL EFFICACY,NOT PARAMETER SELECTION,NO METHOD CHANGE AUTHORIZED,primary,primary,re2tt_ts-auth-service_cpu_3,ts-auth-service,cpu,45e43770afa33cef,ALL,MTL,10.0,0.01,0.01,5,24,12,1,18,9,247,200,27,20,18,11,4,3,24.0,24,24,5.0,11,0,247,18,26600,1944,646771843120684.1,646771843096785.5,252,0,0,252,0,0,0,0,3829.7872340425683,4361.702127659585,0.0,0.0,0.0
POST-HOC DEVELOPMENT DIAGNOSTIC,NOT FINAL EFFICACY,NOT PARAMETER SELECTION,NO METHOD CHANGE AUTHORIZED,primary,primary,re2tt_ts-auth-service_cpu_3,ts-auth-service,cpu,45e43770afa33cef,G,MT,10.0,0.01,0.01,5,24,12,1,18,9,227,200,27,0,15,11,4,0,24.0,24,24,4.0,11,0,227,15,24440,1620,,,252,61,0,191,0,0,61,0,3829.7872340425683,4361.702127659583,0.0,0.0,0.0
POST-HOC DEVELOPMENT DIAGNOSTIC,NOT FINAL EFFICACY,NOT PARAMETER SELECTION,NO METHOD CHANGE AUTHORIZED,primary,primary,re2tt_ts-auth-service_cpu_3,ts-auth-service,cpu,45e43770afa33cef,L,MT,10.0,0.01,0.01,5,24,12,1,18,9,227,200,27,0,15,11,4,0,24.0,24,24,4.0,11,0,227,15,24440,1620,,,252,73,0,179,0,0,73,0,153372350762147.56,158890826408975.88,0.3981042654028436,0.6268656716417911,0.2916666666666667
POST-HOC DEVELOPMENT DIAGNOSTIC,NOT FINAL EFFICACY,NOT PARAMETER SELECTION,NO METHOD CHANGE AUTHORIZED,primary,primary,re2tt_ts-auth-service_cpu_3,ts-auth-service,cpu,45e43770afa33cef,ALL,MT,10.0,0.01,0.01,5,24,12,1,18,9,227,200,27,0,15,11,4,0,24.0,24,24,4.0,11,0,227,15,24440,1620,,,252,0,0,252,0,0,0,0,3829.7872340425683,4361.702127659583,0.0,0.0,0.0
POST-HOC DEVELOPMENT DIAGNOSTIC,NOT FINAL EFFICACY,NOT PARAMETER SELECTION,NO METHOD CHANGE AUTHORIZED,primary,primary,re2tt_ts-auth-service_delay_1,ts-auth-service,delay,87443a2d6d14434c,G,MTL,10.0,0.01,0.01,5,24,12,1,18,9,252,204,27,21,18,15,2,1,24.0,1,24,5.0,13,1,251,17,27048,1836,192842515517304.3,192842515493492.25,252,5,0,247,0,5,0,0,5623.116867144075,5300.844353103079,0.06711409395973154,1.0,0.034722222222222224
POST-HOC DEVELOPMENT DIAGNOSTIC,NOT FINAL EFFICACY,NOT PARAMETER SELECTION,NO METHOD CHANGE AUTHORIZED,primary,primary,re2tt_ts-auth-service_delay_1,ts-auth-service,delay,87443a2d6d14434c,L,MTL,10.0,0.01,0.01,5,24,12,1,18,9,252,204,27,21,18,15,2,1,24.0,1,24,5.0,13,1,251,17,27048,1836,192842294530408.28,192842294507231.94,252,5,0,247,0,5,0,0,222899715457592.28,221694927196937.78,0.0,0.0,0.0
POST-HOC DEVELOPMENT DIAGNOSTIC,NOT FINAL EFFICACY,NOT PARAMETER SELECTION,NO METHOD CHANGE AUTHORIZED,primary,primary,re2tt_ts-auth-service_delay_1,ts-auth-service,delay,87443a2d6d14434c,ALL,MTL,10.0,0.01,0.01,5,24,12,1,18,9,252,204,27,21,18,15,2,1,24.0,1,24,5.0,13,1,251,17,27048,1836,192537920554756.38,192537920531532.75,252,6,0,246,0,6,0,0,4361.702127659585,4361.702127659585,0.08,1.0,0.041666666666666664
POST-HOC DEVELOPMENT DIAGNOSTIC,NOT FINAL EFFICACY,NOT PARAMETER SELECTION,NO METHOD CHANGE AUTHORIZED,primary,primary,re2tt_ts-auth-service_delay_1,ts-auth-service,delay,87443a2d6d14434c,G,MT,10.0,0.01,0.01,5,24,12,1,18,9,231,204,27,0,17,15,2,0,24.0,1,24,5.0,13,1,230,16,24780,1728,,,252,5,0,247,0,5,0,0,4361.702127659583,4361.702127659583,0.06711409395973154,1.0,0.034722222222222224
POST-HOC DEVELOPMENT DIAGNOSTIC,NOT FINAL EFFICACY,NOT PARAMETER SELECTION,NO METHOD CHANGE AUTHORIZED,primary,primary,re2tt_ts-auth-service_delay_1,ts-auth-service,delay,87443a2d6d14434c,L,MT,10.0,0.01,0.01,5,24,12,1,18,9,231,204,27,0,17,15,2,0,24.0,1,24,5.0,13,1,230,16,24780,1728,,,252,5,0,247,0,5,0,0,162111571025395.47,158890826408975.88,0.0,0.0,0.0
POST-HOC DEVELOPMENT DIAGNOSTIC,NOT FINAL EFFICACY,NOT PARAMETER SELECTION,NO METHOD CHANGE AUTHORIZED,primary,primary,re2tt_ts-auth-service_delay_1,ts-auth-service,delay,87443a2d6d14434c,ALL,MT,10.0,0.01,0.01,5,24,12,1,18,9,231,204,27,0,17,15,2,0,24.0,1,24,5.0,13,1,230,16,24780,1728,,,252,6,0,246,0,6,0,0,4361.702127659583,4361.702127659583,0.08,1.0,0.041666666666666664
POST-HOC DEVELOPMENT DIAGNOSTIC,NOT FINAL EFFICACY,NOT PARAMETER SELECTION,NO METHOD CHANGE AUTHORIZED,primary,primary,re2tt_ts-auth-service_delay_2,ts-auth-service,delay,24851f5149e4321a,G,MTL,10.0,0.01,0.01,5,24,12,1,18,9,238,191,27,20,5,2,2,1,24.0,24,24,4.0,2,0,226,5,24408,540,233412954923543.34,233412954880926.62,252,0,0,252,0,0,0,0,5623.116867144075,5300.844353103079,0.07643312101910828,0.46153846153846156,0.041666666666666664
POST-HOC DEVELOPMENT DIAGNOSTIC,NOT FINAL EFFICACY,NOT PARAMETER SELECTION,NO METHOD CHANGE AUTHORIZED,primary,primary,re2tt_ts-auth-service_delay_2,ts-auth-service,delay,24851f5149e4321a,L,MTL,10.0,0.01,0.01,5,24,12,1,18,9,238,191,27,20,5,2,2,1,24.0,24,24,4.0,2,0,226,5,24408,540,233565835089503.3,233565835046237.9,252,0,0,252,0,0,0,0,222899715457592.28,221694927196937.78,0.0,0.0,0.0
POST-HOC DEVELOPMENT DIAGNOSTIC,NOT FINAL EFFICACY,NOT PARAMETER SELECTION,NO METHOD CHANGE AUTHORIZED,primary,primary,re2tt_ts-auth-service_delay_2,ts-auth-service,delay,24851f5149e4321a,ALL,MTL,10.0,0.01,0.01,5,24,12,1,18,9,238,191,27,20,5,2,2,1,24.0,24,24,4.0,2,0,226,5,24408,540,237153634455476.56,237153634413144.0,252,0,0,252,0,0,0,0,4361.702127659585,4361.702127659585,0.4577114427860697,0.8070175438596491,0.3194444444444444
POST-HOC DEVELOPMENT DIAGNOSTIC,NOT FINAL EFFICACY,NOT PARAMETER SELECTION,NO METHOD CHANGE AUTHORIZED,primary,primary,re2tt_ts-auth-service_delay_2,ts-auth-service,delay,24851f5149e4321a,G,MT,10.0,0.01,0.01,5,24,12,1,18,9,218,191,27,0,4,2,2,0,24.0,24,24,3.5,2,0,206,4,22248,432,,,252,0,0,252,0,0,0,0,4361.702127659583,4361.702127659583,0.4577114427860697,0.8070175438596491,0.3194444444444444
POST-HOC DEVELOPMENT DIAGNOSTIC,NOT FINAL EFFICACY,NOT PARAMETER SELECTION,NO METHOD CHANGE AUTHORIZED,primary,primary,re2tt_ts-auth-service_delay_2,ts-auth-service,delay,24851f5149e4321a,L,MT,10.0,0.01,0.01,5,24,12,1,18,9,218,191,27,0,4,2,2,0,24.0,24,24,3.5,2,0,206,4,22248,432,,,252,0,0,252,0,0,0,0,162111571025395.47,158890826408975.88,0.0,0.0,0.0
POST-HOC DEVELOPMENT DIAGNOSTIC,NOT FINAL EFFICACY,NOT PARAMETER SELECTION,NO METHOD CHANGE AUTHORIZED,primary,primary,re2tt_ts-auth-service_delay_2,ts-auth-service,delay,24851f5149e4321a,ALL,MT,10.0,0.01,0.01,5,24,12,1,18,9,218,191,27,0,4,2,2,0,24.0,24,24,3.5,2,0,206,4,22248,432,,,252,0,0,252,0,0,0,0,4361.702127659583,4361.702127659583,0.4577114427860697,0.8070175438596491,0.3194444444444444
POST-HOC DEVELOPMENT DIAGNOSTIC,NOT FINAL EFFICACY,NOT PARAMETER SELECTION,NO METHOD CHANGE AUTHORIZED,primary,primary,re2tt_ts-auth-service_delay_3,ts-auth-service,delay,549b2f655fc55fd1,G,MTL,10.0,0.01,0.01,5,24,12,1,18,9,239,192,27,20,4,3,1,0,24.0,24,24,3.0,3,0,239,4,25744,432,69082252239888.15,69082252210464.86,252,0,0,252,0,0,0,0,5623.116867144075,5300.844353103079,0.0,0.0,0.0
POST-HOC DEVELOPMENT DIAGNOSTIC,NOT FINAL EFFICACY,NOT PARAMETER SELECTION,NO METHOD CHANGE AUTHORIZED,primary,primary,re2tt_ts-auth-service_delay_3,ts-auth-service,delay,549b2f655fc55fd1,L,MTL,10.0,0.01,0.01,5,24,12,1,18,9,239,192,27,20,4,3,1,0,24.0,24,24,3.0,3,0,239,4,25744,432,69083557208970.875,69083557178873.484,252,0,0,252,0,0,0,0,222899715457592.28,221694927196937.78,0.0,0.0,0.0
POST-HOC DEVELOPMENT DIAGNOSTIC,NOT FINAL EFFICACY,NOT PARAMETER SELECTION,NO METHOD CHANGE AUTHORIZED,primary,primary,re2tt_ts-auth-service_delay_3,ts-auth-service,delay,549b2f655fc55fd1,ALL,MTL,10.0,0.01,0.01,5,24,12,1,18,9,239,192,27,20,4,3,1,0,24.0,24,24,3.0,3,0,239,4,25744,432,69080531935442.63,69080531905971.69,252,0,0,252,0,0,0,0,4361.702127659585,4361.702127659585,0.0,0.0,0.0
POST-HOC DEVELOPMENT DIAGNOSTIC,NOT FINAL EFFICACY,NOT PARAMETER SELECTION,NO METHOD CHANGE AUTHORIZED,primary,primary,re2tt_ts-auth-service_delay_3,ts-auth-service,delay,549b2f655fc55fd1,G,MT,10.0,0.01,0.01,5,24,12,1,18,9,219,192,27,0,4,3,1,0,24.0,24,24,3.0,3,0,219,4,23584,432,,,252,0,0,252,0,0,0,0,4361.702127659583,4361.702127659583,0.0,0.0,0.0
POST-HOC DEVELOPMENT DIAGNOSTIC,NOT FINAL EFFICACY,NOT PARAMETER SELECTION,NO METHOD CHANGE AUTHORIZED,primary,primary,re2tt_ts-auth-service_delay_3,ts-auth-service,delay,549b2f655fc55fd1,L,MT,10.0,0.01,0.01,5,24,12,1,18,9,219,192,27,0,4,3,1,0,24.0,24,24,3.0,3,0,219,4,23584,432,,,252,0,0,252,0,0,0,0,162111571025395.47,158890826408975.88,0.0,0.0,0.0
POST-HOC DEVELOPMENT DIAGNOSTIC,NOT FINAL EFFICACY,NOT PARAMETER SELECTION,NO METHOD CHANGE AUTHORIZED,primary,primary,re2tt_ts-auth-service_delay_3,ts-auth-service,delay,549b2f655fc55fd1,ALL,MT,10.0,0.01,0.01,5,24,12,1,18,9,219,192,27,0,4,3,1,0,24.0,24,24,3.0,3,0,219,4,23584,432,,,252,0,0,252,0,0,0,0,4361.702127659583,4361.702127659583,0.0,0.0,0.0
POST-HOC DEVELOPMENT DIAGNOSTIC,NOT FINAL EFFICACY,NOT PARAMETER SELECTION,NO METHOD CHANGE AUTHORIZED,primary,primary,re2tt_ts-order-service_disk_1,ts-order-service,disk,4bdb62f38b122bbc,G,MTL,10.0,0.01,0.01,5,24,12,1,18,9,250,203,27,20,17,11,4,2,24.0,24,24,3.5,11,0,236,17,25476,1836,607107323059644.4,607107323038023.5,252,0,0,252,0,0,0,0,5263.157894736852,5300.844353103079,0.9894736842105263,1.0,0.9791666666666666
POST-HOC DEVELOPMENT DIAGNOSTIC,NOT FINAL EFFICACY,NOT PARAMETER SELECTION,NO METHOD CHANGE AUTHORIZED,primary,primary,re2tt_ts-order-service_disk_1,ts-order-service,disk,4bdb62f38b122bbc,L,MTL,10.0,0.01,0.01,5,24,12,1,18,9,250,203,27,20,17,11,4,2,24.0,24,24,3.5,11,0,236,17,25476,1836,588901387391667.2,588901387370225.8,252,0,0,252,0,0,0,0,221694927196937.78,221694927196937.78,0.0,0.0,0.0
POST-HOC DEVELOPMENT DIAGNOSTIC,NOT FINAL EFFICACY,NOT PARAMETER SELECTION,NO METHOD CHANGE AUTHORIZED,primary,primary,re2tt_ts-order-service_disk_1,ts-order-service,disk,4bdb62f38b122bbc,ALL,MTL,10.0,0.01,0.01,5,24,12,1,18,9,250,203,27,20,17,11,4,2,24.0,24,24,3.5,11,0,236,17,25476,1836,642506380449581.6,642506380427987.0,252,0,0,252,0,0,0,0,3829.7872340425683,4361.702127659585,0.9965156794425087,1.0,0.9930555555555556
POST-HOC DEVELOPMENT DIAGNOSTIC,NOT FINAL EFFICACY,NOT PARAMETER SELECTION,NO METHOD CHANGE AUTHORIZED,primary,primary,re2tt_ts-order-service_disk_1,ts-order-service,disk,4bdb62f38b122bbc,G,MT,10.0,0.01,0.01,5,24,12,1,18,9,230,203,27,0,15,11,4,0,24.0,24,24,3.5,11,0,216,15,23316,1620,,,252,0,0,252,0,0,0,0,3829.7872340425683,4361.702127659583,0.9965156794425087,1.0,0.9930555555555556
POST-HOC DEVELOPMENT DIAGNOSTIC,NOT FINAL EFFICACY,NOT PARAMETER SELECTION,NO METHOD CHANGE AUTHORIZED,primary,primary,re2tt_ts-order-service_disk_1,ts-order-service,disk,4bdb62f38b122bbc,L,MT,10.0,0.01,0.01,5,24,12,1,18,9,230,203,27,0,15,11,4,0,24.0,24,24,3.5,11,0,216,15,23316,1620,,,252,0,0,252,0,0,0,0,153372350762147.56,158890826408975.88,0.0,0.0,0.0
POST-HOC DEVELOPMENT DIAGNOSTIC,NOT FINAL EFFICACY,NOT PARAMETER SELECTION,NO METHOD CHANGE AUTHORIZED,primary,primary,re2tt_ts-order-service_disk_1,ts-order-service,disk,4bdb62f38b122bbc,ALL,MT,10.0,0.01,0.01,5,24,12,1,18,9,230,203,27,0,15,11,4,0,24.0,24,24,3.5,11,0,216,15,23316,1620,,,252,0,0,252,0,0,0,0,3829.7872340425683,4361.702127659583,0.9965156794425087,1.0,0.9930555555555556
POST-HOC DEVELOPMENT DIAGNOSTIC,NOT FINAL EFFICACY,NOT PARAMETER SELECTION,NO METHOD CHANGE AUTHORIZED,primary,primary,re2tt_ts-order-service_disk_2,ts-order-service,disk,b0a2dcc878eeefa3,G,MTL,10.0,0.01,0.01,5,24,12,1,18,9,176,142,20,14,2,2,0,0,24.0,24,24,,2,0,176,2,19008,216,27409.005343617257,0.0,252,0,0,252,0,0,0,0,5263.157894736852,5300.844353103079,0.975609756097561,0.9790209790209791,0.9722222222222222
POST-HOC DEVELOPMENT DIAGNOSTIC,NOT FINAL EFFICACY,NOT PARAMETER SELECTION,NO METHOD CHANGE AUTHORIZED,primary,primary,re2tt_ts-order-service_disk_2,ts-order-service,disk,b0a2dcc878eeefa3,L,MTL,10.0,0.01,0.01,5,24,12,1,18,9,176,142,20,14,2,2,0,0,24.0,24,24,,2,0,176,2,19008,216,27354.87027447805,0.0,252,0,0,252,0,0,0,0,221694927196937.78,221694927196937.78,0.0,0.0,0.0
POST-HOC DEVELOPMENT DIAGNOSTIC,NOT FINAL EFFICACY,NOT PARAMETER SELECTION,NO METHOD CHANGE AUTHORIZED,primary,primary,re2tt_ts-order-service_disk_2,ts-order-service,disk,b0a2dcc878eeefa3,ALL,MTL,10.0,0.01,0.01,5,24,12,1,18,9,176,142,20,14,2,2,0,0,24.0,24,24,,2,0,176,2,19008,216,27324.779126746052,0.0,252,0,0,252,0,0,0,0,3829.7872340425683,4361.702127659585,0.9688581314878892,0.9655172413793104,0.9722222222222222
POST-HOC DEVELOPMENT DIAGNOSTIC,NOT FINAL EFFICACY,NOT PARAMETER SELECTION,NO METHOD CHANGE AUTHORIZED,primary,primary,re2tt_ts-order-service_disk_2,ts-order-service,disk,b0a2dcc878eeefa3,G,MT,10.0,0.01,0.01,5,24,12,1,18,9,162,142,20,0,2,2,0,0,24.0,24,24,,2,0,162,2,17496,216,,,252,0,0,252,0,0,0,0,3829.7872340425683,4361.702127659583,0.9688581314878892,0.9655172413793104,0.9722222222222222
POST-HOC DEVELOPMENT DIAGNOSTIC,NOT FINAL EFFICACY,NOT PARAMETER SELECTION,NO METHOD CHANGE AUTHORIZED,primary,primary,re2tt_ts-order-service_disk_2,ts-order-service,disk,b0a2dcc878eeefa3,L,MT,10.0,0.01,0.01,5,24,12,1,18,9,162,142,20,0,2,2,0,0,24.0,24,24,,2,0,162,2,17496,216,,,252,0,0,252,0,0,0,0,153372350762147.56,158890826408975.88,0.0,0.0,0.0
POST-HOC DEVELOPMENT DIAGNOSTIC,NOT FINAL EFFICACY,NOT PARAMETER SELECTION,NO METHOD CHANGE AUTHORIZED,primary,primary,re2tt_ts-order-service_disk_2,ts-order-service,disk,b0a2dcc878eeefa3,ALL,MT,10.0,0.01,0.01,5,24,12,1,18,9,162,142,20,0,2,2,0,0,24.0,24,24,,2,0,162,2,17496,216,,,252,0,0,252,0,0,0,0,3829.7872340425683,4361.702127659583,0.9688581314878892,0.9655172413793104,0.9722222222222222
POST-HOC DEVELOPMENT DIAGNOSTIC,NOT FINAL EFFICACY,NOT PARAMETER SELECTION,NO METHOD CHANGE AUTHORIZED,primary,primary,re2tt_ts-order-service_disk_3,ts-order-service,disk,9b847bd8f23c07af,G,MTL,10.0,0.01,0.01,5,24,12,1,18,9,176,142,20,14,2,2,0,0,24.0,24,24,,2,0,176,2,18996,216,21243.838492495717,0.0,252,0,0,252,0,0,0,0,5263.157894736852,5300.844353103079,0.9655172413793104,0.958904109589041,0.9722222222222222
POST-HOC DEVELOPMENT DIAGNOSTIC,NOT FINAL EFFICACY,NOT PARAMETER SELECTION,NO METHOD CHANGE AUTHORIZED,primary,primary,re2tt_ts-order-service_disk_3,ts-order-service,disk,9b847bd8f23c07af,L,MTL,10.0,0.01,0.01,5,24,12,1,18,9,176,142,20,14,2,2,0,0,24.0,24,24,,2,0,176,2,18996,216,21316.93580028418,0.0,252,0,0,252,0,0,0,0,221694927196937.78,221694927196937.78,0.0,0.0,0.0
POST-HOC DEVELOPMENT DIAGNOSTIC,NOT FINAL EFFICACY,NOT PARAMETER SELECTION,NO METHOD CHANGE AUTHORIZED,primary,primary,re2tt_ts-order-service_disk_3,ts-order-service,disk,9b847bd8f23c07af,ALL,MTL,10.0,0.01,0.01,5,24,12,1,18,9,176,142,20,14,2,2,0,0,24.0,24,24,,2,0,176,2,18996,216,21325.168251795913,0.0,252,0,0,252,0,0,0,0,3829.7872340425683,4361.702127659585,0.9364548494983278,0.9032258064516129,0.9722222222222222
POST-HOC DEVELOPMENT DIAGNOSTIC,NOT FINAL EFFICACY,NOT PARAMETER SELECTION,NO METHOD CHANGE AUTHORIZED,primary,primary,re2tt_ts-order-service_disk_3,ts-order-service,disk,9b847bd8f23c07af,G,MT,10.0,0.01,0.01,5,24,12,1,18,9,162,142,20,0,2,2,0,0,24.0,24,24,,2,0,162,2,17484,216,,,252,0,0,252,0,0,0,0,3829.7872340425683,4361.702127659583,0.9364548494983278,0.9032258064516129,0.9722222222222222
POST-HOC DEVELOPMENT DIAGNOSTIC,NOT FINAL EFFICACY,NOT PARAMETER SELECTION,NO METHOD CHANGE AUTHORIZED,primary,primary,re2tt_ts-order-service_disk_3,ts-order-service,disk,9b847bd8f23c07af,L,MT,10.0,0.01,0.01,5,24,12,1,18,9,162,142,20,0,2,2,0,0,24.0,24,24,,2,0,162,2,17484,216,,,252,0,0,252,0,0,0,0,153372350762147.56,158890826408975.88,0.0,0.0,0.0
POST-HOC DEVELOPMENT DIAGNOSTIC,NOT FINAL EFFICACY,NOT PARAMETER SELECTION,NO METHOD CHANGE AUTHORIZED,primary,primary,re2tt_ts-order-service_disk_3,ts-order-service,disk,9b847bd8f23c07af,ALL,MT,10.0,0.01,0.01,5,24,12,1,18,9,162,142,20,0,2,2,0,0,24.0,24,24,,2,0,162,2,17484,216,,,252,0,0,252,0,0,0,0,3829.7872340425683,4361.702127659583,0.9364548494983278,0.9032258064516129,0.9722222222222222
POST-HOC DEVELOPMENT DIAGNOSTIC,NOT FINAL EFFICACY,NOT PARAMETER SELECTION,NO METHOD CHANGE AUTHORIZED,primary,primary,re2tt_ts-order-service_loss_1,ts-order-service,loss,cea480a087995c2a,G,MTL,10.0,0.01,0.01,5,24,12,1,18,9,252,205,27,20,20,16,2,2,24.0,24,24,5.0,16,0,252,20,27190,2160,422113767790911.75,422113767764639.0,252,62,0,190,0,8,13,41,4361.702127659583,5300.844353103079,0.9537366548042705,0.9781021897810219,0.9305555555555556
POST-HOC DEVELOPMENT DIAGNOSTIC,NOT FINAL EFFICACY,NOT PARAMETER SELECTION,NO METHOD CHANGE AUTHORIZED,primary,primary,re2tt_ts-order-service_loss_1,ts-order-service,loss,cea480a087995c2a,L,MTL,10.0,0.01,0.01,5,24,12,1,18,9,252,205,27,20,20,16,2,2,24.0,24,24,5.0,16,0,252,20,27190,2160,421750649082076.8,421750649055955.4,252,164,0,88,0,0,46,118,169200491270591.94,221694927196937.78,0.2885572139303483,0.5087719298245614,0.2013888888888889
POST-HOC DEVELOPMENT DIAGNOSTIC,NOT FINAL EFFICACY,NOT PARAMETER SELECTION,NO METHOD CHANGE AUTHORIZED,primary,primary,re2tt_ts-order-service_loss_1,ts-order-service,loss,cea480a087995c2a,ALL,MTL,10.0,0.01,0.01,5,24,12,1,18,9,252,205,27,20,20,16,2,2,24.0,24,24,5.0,16,0,252,20,27190,2160,426016468839701.25,426016468813465.0,252,8,0,244,0,8,0,0,4361.702127659585,4361.702127659585,0.9640287769784173,1.0,0.9305555555555556
POST-HOC DEVELOPMENT DIAGNOSTIC,NOT FINAL EFFICACY,NOT PARAMETER SELECTION,NO METHOD CHANGE AUTHORIZED,primary,primary,re2tt_ts-order-service_loss_1,ts-order-service,loss,cea480a087995c2a,G,MT,10.0,0.01,0.01,5,24,12,1,18,9,232,205,27,0,18,16,2,0,24.0,24,24,4.0,16,0,232,18,25030,1944,,,252,27,0,225,0,8,19,0,4361.702127659583,4361.702127659583,0.9537366548042705,0.9781021897810219,0.9305555555555556
POST-HOC DEVELOPMENT DIAGNOSTIC,NOT FINAL EFFICACY,NOT PARAMETER SELECTION,NO METHOD CHANGE AUTHORIZED,primary,primary,re2tt_ts-order-service_loss_1,ts-order-service,loss,cea480a087995c2a,L,MT,10.0,0.01,0.01,5,24,12,1,18,9,232,205,27,0,18,16,2,0,24.0,24,24,4.0,16,0,232,18,25030,1944,,,252,64,0,188,0,5,59,0,145047195127985.4,158890826408975.88,0.13496932515337423,0.5789473684210527,0.0763888888888889
POST-HOC DEVELOPMENT DIAGNOSTIC,NOT FINAL EFFICACY,NOT PARAMETER SELECTION,NO METHOD CHANGE AUTHORIZED,primary,primary,re2tt_ts-order-service_loss_1,ts-order-service,loss,cea480a087995c2a,ALL,MT,10.0,0.01,0.01,5,24,12,1,18,9,232,205,27,0,18,16,2,0,24.0,24,24,4.0,16,0,232,18,25030,1944,,,252,8,0,244,0,8,0,0,4361.702127659583,4361.702127659583,0.9537366548042705,0.9781021897810219,0.9305555555555556
POST-HOC DEVELOPMENT DIAGNOSTIC,NOT FINAL EFFICACY,NOT PARAMETER SELECTION,NO METHOD CHANGE AUTHORIZED,primary,primary,re2tt_ts-order-service_loss_2,ts-order-service,loss,f900792c9a1f5622,G,MTL,10.0,0.01,0.01,5,24,12,1,18,9,181,147,20,14,7,7,0,0,24.0,24,24,,7,0,181,7,19542,756,18216.276939184405,0.0,252,0,0,252,0,0,0,0,4361.702127659583,5300.844353103079,0.4055299539170507,0.6027397260273972,0.3055555555555556
POST-HOC DEVELOPMENT DIAGNOSTIC,NOT FINAL EFFICACY,NOT PARAMETER SELECTION,NO METHOD CHANGE AUTHORIZED,primary,primary,re2tt_ts-order-service_loss_2,ts-order-service,loss,f900792c9a1f5622,L,MTL,10.0,0.01,0.01,5,24,12,1,18,9,181,147,20,14,7,7,0,0,24.0,24,24,,7,0,181,7,19542,756,18261.503509993647,0.0,252,0,0,252,0,0,0,0,169200491270591.94,221694927196937.78,0.0,0.0,0.0
POST-HOC DEVELOPMENT DIAGNOSTIC,NOT FINAL EFFICACY,NOT PARAMETER SELECTION,NO METHOD CHANGE AUTHORIZED,primary,primary,re2tt_ts-order-service_loss_2,ts-order-service,loss,f900792c9a1f5622,ALL,MTL,10.0,0.01,0.01,5,24,12,1,18,9,181,147,20,14,7,7,0,0,24.0,24,24,,7,0,181,7,19542,756,18248.93564770598,0.0,252,0,0,252,0,0,0,0,4361.702127659585,4361.702127659585,0.4055299539170507,0.6027397260273972,0.3055555555555556
POST-HOC DEVELOPMENT DIAGNOSTIC,NOT FINAL EFFICACY,NOT PARAMETER SELECTION,NO METHOD CHANGE AUTHORIZED,primary,primary,re2tt_ts-order-service_loss_2,ts-order-service,loss,f900792c9a1f5622,G,MT,10.0,0.01,0.01,5,24,12,1,18,9,167,147,20,0,7,7,0,0,24.0,24,24,,7,0,167,7,18030,756,,,252,0,0,252,0,0,0,0,4361.702127659583,4361.702127659583,0.4055299539170507,0.6027397260273972,0.3055555555555556
POST-HOC DEVELOPMENT DIAGNOSTIC,NOT FINAL EFFICACY,NOT PARAMETER SELECTION,NO METHOD CHANGE AUTHORIZED,primary,primary,re2tt_ts-order-service_loss_2,ts-order-service,loss,f900792c9a1f5622,L,MT,10.0,0.01,0.01,5,24,12,1,18,9,167,147,20,0,7,7,0,0,24.0,24,24,,7,0,167,7,18030,756,,,252,0,0,252,0,0,0,0,145047195127985.4,158890826408975.88,0.0,0.0,0.0
POST-HOC DEVELOPMENT DIAGNOSTIC,NOT FINAL EFFICACY,NOT PARAMETER SELECTION,NO METHOD CHANGE AUTHORIZED,primary,primary,re2tt_ts-order-service_loss_2,ts-order-service,loss,f900792c9a1f5622,ALL,MT,10.0,0.01,0.01,5,24,12,1,18,9,167,147,20,0,7,7,0,0,24.0,24,24,,7,0,167,7,18030,756,,,252,0,0,252,0,0,0,0,4361.702127659583,4361.702127659583,0.4055299539170507,0.6027397260273972,0.3055555555555556
POST-HOC DEVELOPMENT DIAGNOSTIC,NOT FINAL EFFICACY,NOT PARAMETER SELECTION,NO METHOD CHANGE AUTHORIZED,primary,primary,re2tt_ts-order-service_loss_3,ts-order-service,loss,9d1464b4fb8a49c0,G,MTL,10.0,0.01,0.01,5,24,12,1,18,9,181,147,20,14,7,7,0,0,24.0,24,24,,7,0,181,7,19548,756,17186.889951060988,0.0,252,0,0,252,0,0,0,0,4361.702127659583,5300.844353103079,0.2545454545454545,1.0,0.14583333333333334
POST-HOC DEVELOPMENT DIAGNOSTIC,NOT FINAL EFFICACY,NOT PARAMETER SELECTION,NO METHOD CHANGE AUTHORIZED,primary,primary,re2tt_ts-order-service_loss_3,ts-order-service,loss,9d1464b4fb8a49c0,L,MTL,10.0,0.01,0.01,5,24,12,1,18,9,181,147,20,14,7,7,0,0,24.0,24,24,,7,0,181,7,19548,756,17254.29002654329,0.0,252,0,0,252,0,0,0,0,169200491270591.94,221694927196937.78,0.0,0.0,0.0
POST-HOC DEVELOPMENT DIAGNOSTIC,NOT FINAL EFFICACY,NOT PARAMETER SELECTION,NO METHOD CHANGE AUTHORIZED,primary,primary,re2tt_ts-order-service_loss_3,ts-order-service,loss,9d1464b4fb8a49c0,ALL,MTL,10.0,0.01,0.01,5,24,12,1,18,9,181,147,20,14,7,7,0,0,24.0,24,24,,7,0,181,7,19548,756,17265.179379393838,0.0,252,0,0,252,0,0,0,0,4361.702127659585,4361.702127659585,0.2,1.0,0.1111111111111111
POST-HOC DEVELOPMENT DIAGNOSTIC,NOT FINAL EFFICACY,NOT PARAMETER SELECTION,NO METHOD CHANGE AUTHORIZED,primary,primary,re2tt_ts-order-service_loss_3,ts-order-service,loss,9d1464b4fb8a49c0,G,MT,10.0,0.01,0.01,5,24,12,1,18,9,167,147,20,0,7,7,0,0,24.0,24,24,,7,0,167,7,18036,756,,,252,0,0,252,0,0,0,0,4361.702127659583,4361.702127659583,0.2545454545454545,1.0,0.14583333333333334
POST-HOC DEVELOPMENT DIAGNOSTIC,NOT FINAL EFFICACY,NOT PARAMETER SELECTION,NO METHOD CHANGE AUTHORIZED,primary,primary,re2tt_ts-order-service_loss_3,ts-order-service,loss,9d1464b4fb8a49c0,L,MT,10.0,0.01,0.01,5,24,12,1,18,9,167,147,20,0,7,7,0,0,24.0,24,24,,7,0,167,7,18036,756,,,252,0,0,252,0,0,0,0,145047195127985.4,158890826408975.88,0.0,0.0,0.0
POST-HOC DEVELOPMENT DIAGNOSTIC,NOT FINAL EFFICACY,NOT PARAMETER SELECTION,NO METHOD CHANGE AUTHORIZED,primary,primary,re2tt_ts-order-service_loss_3,ts-order-service,loss,9d1464b4fb8a49c0,ALL,MT,10.0,0.01,0.01,5,24,12,1,18,9,167,147,20,0,7,7,0,0,24.0,24,24,,7,0,167,7,18036,756,,,252,0,0,252,0,0,0,0,4361.702127659583,4361.702127659583,0.2,1.0,0.1111111111111111
POST-HOC DEVELOPMENT DIAGNOSTIC,NOT FINAL EFFICACY,NOT PARAMETER SELECTION,NO METHOD CHANGE AUTHORIZED,primary,primary,re2tt_ts-route-service_mem_1,ts-route-service,mem,58e365eed32084b4,G,MTL,10.0,0.01,0.01,5,24,12,1,18,9,246,199,27,20,12,10,1,1,24.0,24,24,3.5,9,0,242,12,26056,1296,212712724528024.7,212712724496567.06,252,17,0,235,0,17,0,0,6842.105263157896,5300.844353103079,0.9965156794425087,1.0,0.9930555555555556
POST-HOC DEVELOPMENT DIAGNOSTIC,NOT FINAL EFFICACY,NOT PARAMETER SELECTION,NO METHOD CHANGE AUTHORIZED,primary,primary,re2tt_ts-route-service_mem_1,ts-route-service,mem,58e365eed32084b4,L,MTL,10.0,0.01,0.01,5,24,12,1,18,9,246,199,27,20,12,10,1,1,24.0,24,24,3.5,9,0,242,12,26056,1296,212707070849212.7,212707070817631.84,252,17,0,235,0,17,0,0,221694927196937.78,221694927196937.78,0.0,0.0,0.0
POST-HOC DEVELOPMENT DIAGNOSTIC,NOT FINAL EFFICACY,NOT PARAMETER SELECTION,NO METHOD CHANGE AUTHORIZED,primary,primary,re2tt_ts-route-service_mem_1,ts-route-service,mem,58e365eed32084b4,ALL,MTL,10.0,0.01,0.01,5,24,12,1,18,9,246,199,27,20,12,10,1,1,24.0,24,24,3.5,9,0,242,12,26056,1296,212951660948302.44,212951660916636.38,252,17,0,235,0,17,0,0,5000.0,4361.702127659585,0.9965156794425087,1.0,0.9930555555555556
POST-HOC DEVELOPMENT DIAGNOSTIC,NOT FINAL EFFICACY,NOT PARAMETER SELECTION,NO METHOD CHANGE AUTHORIZED,primary,primary,re2tt_ts-route-service_mem_1,ts-route-service,mem,58e365eed32084b4,G,MT,10.0,0.01,0.01,5,24,12,1,18,9,226,199,27,0,11,10,1,0,24.0,24,24,3.0,9,0,222,11,23896,1188,,,252,17,0,235,0,17,0,0,4893.6170212766,4361.702127659583,0.9965156794425087,1.0,0.9930555555555556
POST-HOC DEVELOPMENT DIAGNOSTIC,NOT FINAL EFFICACY,NOT PARAMETER SELECTION,NO METHOD CHANGE AUTHORIZED,primary,primary,re2tt_ts-route-service_mem_1,ts-route-service,mem,58e365eed32084b4,L,MT,10.0,0.01,0.01,5,24,12,1,18,9,226,199,27,0,11,10,1,0,24.0,24,24,3.0,9,0,222,11,23896,1188,,,252,17,0,235,0,17,0,0,155212936820844.28,158890826408975.88,0.0,0.0,0.0
POST-HOC DEVELOPMENT DIAGNOSTIC,NOT FINAL EFFICACY,NOT PARAMETER SELECTION,NO METHOD CHANGE AUTHORIZED,primary,primary,re2tt_ts-route-service_mem_1,ts-route-service,mem,58e365eed32084b4,ALL,MT,10.0,0.01,0.01,5,24,12,1,18,9,226,199,27,0,11,10,1,0,24.0,24,24,3.0,9,0,222,11,23896,1188,,,252,17,0,235,0,17,0,0,4893.6170212766,4361.702127659583,0.9965156794425087,1.0,0.9930555555555556
POST-HOC DEVELOPMENT DIAGNOSTIC,NOT FINAL EFFICACY,NOT PARAMETER SELECTION,NO METHOD CHANGE AUTHORIZED,primary,primary,re2tt_ts-route-service_mem_2,ts-route-service,mem,15fa2ad3a7eecebd,G,MTL,10.0,0.01,0.01,5,24,12,1,18,9,240,193,27,20,9,4,3,2,24.0,24,24,2.0,4,0,233,9,25164,972,417549449548309.7,417549449515402.25,252,37,0,215,0,0,35,2,6842.105263157896,5300.844353103079,0.0,0.0,0.0
POST-HOC DEVELOPMENT DIAGNOSTIC,NOT FINAL EFFICACY,NOT PARAMETER SELECTION,NO METHOD CHANGE AUTHORIZED,primary,primary,re2tt_ts-route-service_mem_2,ts-route-service,mem,15fa2ad3a7eecebd,L,MTL,10.0,0.01,0.01,5,24,12,1,18,9,240,193,27,20,9,4,3,2,24.0,24,24,2.0,4,0,233,9,25164,972,415664793977368.9,415664793943861.0,252,64,0,188,0,0,4,60,221694927196937.78,221694927196937.78,0.26732673267326734,0.46551724137931033,0.1875
POST-HOC DEVELOPMENT DIAGNOSTIC,NOT FINAL EFFICACY,NOT PARAMETER SELECTION,NO METHOD CHANGE AUTHORIZED,primary,primary,re2tt_ts-route-service_mem_2,ts-route-service,mem,15fa2ad3a7eecebd,ALL,MTL,10.0,0.01,0.01,5,24,12,1,18,9,240,193,27,20,9,4,3,2,24.0,24,24,2.0,4,0,233,9,25164,972,429460364538674.0,429460364505573.25,252,32,0,220,0,0,0,32,5000.0,4361.702127659585,0.0,0.0,0.0
POST-HOC DEVELOPMENT DIAGNOSTIC,NOT FINAL EFFICACY,NOT PARAMETER SELECTION,NO METHOD CHANGE AUTHORIZED,primary,primary,re2tt_ts-route-service_mem_2,ts-route-service,mem,15fa2ad3a7eecebd,G,MT,10.0,0.01,0.01,5,24,12,1,18,9,220,193,27,0,7,4,3,0,24.0,24,24,2.0,4,0,213,7,23004,756,,,252,37,0,215,0,0,37,0,4893.6170212766,4361.702127659583,0.0,0.0,0.0
POST-HOC DEVELOPMENT DIAGNOSTIC,NOT FINAL EFFICACY,NOT PARAMETER SELECTION,NO METHOD CHANGE AUTHORIZED,primary,primary,re2tt_ts-route-service_mem_2,ts-route-service,mem,15fa2ad3a7eecebd,L,MT,10.0,0.01,0.01,5,24,12,1,18,9,220,193,27,0,7,4,3,0,24.0,24,24,2.0,4,0,213,7,23004,756,,,252,60,0,192,0,0,60,0,155212936820844.28,158890826408975.88,0.2358974358974359,0.45098039215686275,0.1597222222222222
POST-HOC DEVELOPMENT DIAGNOSTIC,NOT FINAL EFFICACY,NOT PARAMETER SELECTION,NO METHOD CHANGE AUTHORIZED,primary,primary,re2tt_ts-route-service_mem_2,ts-route-service,mem,15fa2ad3a7eecebd,ALL,MT,10.0,0.01,0.01,5,24,12,1,18,9,220,193,27,0,7,4,3,0,24.0,24,24,2.0,4,0,213,7,23004,756,,,252,28,0,224,0,0,28,0,4893.6170212766,4361.702127659583,0.0,0.0,0.0
POST-HOC DEVELOPMENT DIAGNOSTIC,NOT FINAL EFFICACY,NOT PARAMETER SELECTION,NO METHOD CHANGE AUTHORIZED,primary,primary,re2tt_ts-route-service_mem_3,ts-route-service,mem,c60cff817fc2d5cf,G,MTL,10.0,0.01,0.01,5,24,12,1,18,9,241,194,27,20,6,5,1,0,24.0,24,24,5.0,5,0,241,6,25980,648,69931735438201.914,69931735413888.06,252,14,0,238,0,0,14,0,6842.105263157896,5300.844353103079,0.927007299270073,0.9769230769230769,0.8819444444444444
POST-HOC DEVELOPMENT DIAGNOSTIC,NOT FINAL EFFICACY,NOT PARAMETER SELECTION,NO METHOD CHANGE AUTHORIZED,primary,primary,re2tt_ts-route-service_mem_3,ts-route-service,mem,c60cff817fc2d5cf,L,MTL,10.0,0.01,0.01,5,24,12,1,18,9,241,194,27,20,6,5,1,0,24.0,24,24,5.0,5,0,241,6,25980,648,69928908905019.55,69928908880687.03,252,63,0,189,0,0,63,0,221694927196937.78,221694927196937.78,0.0,0.0,0.0
POST-HOC DEVELOPMENT DIAGNOSTIC,NOT FINAL EFFICACY,NOT PARAMETER SELECTION,NO METHOD CHANGE AUTHORIZED,primary,primary,re2tt_ts-route-service_mem_3,ts-route-service,mem,c60cff817fc2d5cf,ALL,MTL,10.0,0.01,0.01,5,24,12,1,18,9,241,194,27,20,6,5,1,0,24.0,24,24,5.0,5,0,241,6,25980,648,69938934107752.64,69938934083393.734,252,22,0,230,0,0,22,0,5000.0,4361.702127659585,0.952054794520548,0.9391891891891891,0.9652777777777778
POST-HOC DEVELOPMENT DIAGNOSTIC,NOT FINAL EFFICACY,NOT PARAMETER SELECTION,NO METHOD CHANGE AUTHORIZED,primary,primary,re2tt_ts-route-service_mem_3,ts-route-service,mem,c60cff817fc2d5cf,G,MT,10.0,0.01,0.01,5,24,12,1,18,9,221,194,27,0,6,5,1,0,24.0,24,24,5.0,5,0,221,6,23820,648,,,252,14,0,238,0,0,14,0,4893.6170212766,4361.702127659583,0.9556313993174061,0.9395973154362416,0.9722222222222222
POST-HOC DEVELOPMENT DIAGNOSTIC,NOT FINAL EFFICACY,NOT PARAMETER SELECTION,NO METHOD CHANGE AUTHORIZED,primary,primary,re2tt_ts-route-service_mem_3,ts-route-service,mem,c60cff817fc2d5cf,L,MT,10.0,0.01,0.01,5,24,12,1,18,9,221,194,27,0,6,5,1,0,24.0,24,24,5.0,5,0,221,6,23820,648,,,252,63,0,189,0,0,63,0,155212936820844.28,158890826408975.88,0.0136986301369863,0.5,0.006944444444444444
POST-HOC DEVELOPMENT DIAGNOSTIC,NOT FINAL EFFICACY,NOT PARAMETER SELECTION,NO METHOD CHANGE AUTHORIZED,primary,primary,re2tt_ts-route-service_mem_3,ts-route-service,mem,c60cff817fc2d5cf,ALL,MT,10.0,0.01,0.01,5,24,12,1,18,9,221,194,27,0,6,5,1,0,24.0,24,24,5.0,5,0,221,6,23820,648,,,252,22,0,230,0,0,22,0,4893.6170212766,4361.702127659583,0.9556313993174061,0.9395973154362416,0.9722222222222222
POST-HOC DEVELOPMENT DIAGNOSTIC,NOT FINAL EFFICACY,NOT PARAMETER SELECTION,NO METHOD CHANGE AUTHORIZED,primary,primary,re2tt_ts-route-service_socket_1,ts-route-service,socket,0f1447a5823d8a23,G,MTL,10.0,0.01,0.01,5,24,12,1,18,9,254,207,27,20,20,18,1,1,24.0,24,24,3.0,18,0,250,20,26990,2160,173289285511776.47,173289285480364.44,252,18,0,234,0,6,12,0,4361.702127659583,5300.844353103079,0.9399293286219081,0.9568345323741008,0.9236111111111112
POST-HOC DEVELOPMENT DIAGNOSTIC,NOT FINAL EFFICACY,NOT PARAMETER SELECTION,NO METHOD CHANGE AUTHORIZED,primary,primary,re2tt_ts-route-service_socket_1,ts-route-service,socket,0f1447a5823d8a23,L,MTL,10.0,0.01,0.01,5,24,12,1,18,9,254,207,27,20,20,18,1,1,24.0,24,24,3.0,18,0,250,20,26990,2160,173353192992280.75,173353192961013.0,252,65,0,187,0,6,4,55,169200491270591.94,221694927196937.78,0.3333333333333333,0.6111111111111112,0.22916666666666666
POST-HOC DEVELOPMENT DIAGNOSTIC,NOT FINAL EFFICACY,NOT PARAMETER SELECTION,NO METHOD CHANGE AUTHORIZED,primary,primary,re2tt_ts-route-service_socket_1,ts-route-service,socket,0f1447a5823d8a23,ALL,MTL,10.0,0.01,0.01,5,24,12,1,18,9,254,207,27,20,20,18,1,1,24.0,24,24,3.0,18,0,250,20,26990,2160,173060170718394.97,173060170687076.88,252,18,0,234,0,6,12,0,4361.702127659585,4361.702127659585,0.9399293286219081,0.9568345323741008,0.9236111111111112
POST-HOC DEVELOPMENT DIAGNOSTIC,NOT FINAL EFFICACY,NOT PARAMETER SELECTION,NO METHOD CHANGE AUTHORIZED,primary,primary,re2tt_ts-route-service_socket_1,ts-route-service,socket,0f1447a5823d8a23,G,MT,10.0,0.01,0.01,5,24,12,1,18,9,234,207,27,0,19,18,1,0,24.0,24,24,3.0,18,0,230,19,24830,2052,,,252,18,0,234,0,6,12,0,4361.702127659583,4361.702127659583,0.9399293286219081,0.9568345323741008,0.9236111111111112
POST-HOC DEVELOPMENT DIAGNOSTIC,NOT FINAL EFFICACY,NOT PARAMETER SELECTION,NO METHOD CHANGE AUTHORIZED,primary,primary,re2tt_ts-route-service_socket_1,ts-route-service,socket,0f1447a5823d8a23,L,MT,10.0,0.01,0.01,5,24,12,1,18,9,234,207,27,0,19,18,1,0,24.0,24,24,3.0,18,0,230,19,24830,2052,,,252,61,0,191,0,6,55,0,145047195127985.4,158890826408975.88,0.3350253807106599,0.6226415094339622,0.22916666666666666
POST-HOC DEVELOPMENT DIAGNOSTIC,NOT FINAL EFFICACY,NOT PARAMETER SELECTION,NO METHOD CHANGE AUTHORIZED,primary,primary,re2tt_ts-route-service_socket_1,ts-route-service,socket,0f1447a5823d8a23,ALL,MT,10.0,0.01,0.01,5,24,12,1,18,9,234,207,27,0,19,18,1,0,24.0,24,24,3.0,18,0,230,19,24830,2052,,,252,18,0,234,0,6,12,0,4361.702127659583,4361.702127659583,0.9399293286219081,0.9568345323741008,0.9236111111111112
POST-HOC DEVELOPMENT DIAGNOSTIC,NOT FINAL EFFICACY,NOT PARAMETER SELECTION,NO METHOD CHANGE AUTHORIZED,primary,primary,re2tt_ts-route-service_socket_2,ts-route-service,socket,5bf54b9f116a5fa1,G,MTL,10.0,0.01,0.01,5,24,12,1,18,9,241,194,27,20,8,6,1,1,24.0,24,24,4.0,5,0,237,8,25588,864,226601240490225.9,226601240456266.84,252,1,0,251,0,1,0,0,4361.702127659583,5300.844353103079,0.0,0.0,0.0
POST-HOC DEVELOPMENT DIAGNOSTIC,NOT FINAL EFFICACY,NOT PARAMETER SELECTION,NO METHOD CHANGE AUTHORIZED,primary,primary,re2tt_ts-route-service_socket_2,ts-route-service,socket,5bf54b9f116a5fa1,L,MTL,10.0,0.01,0.01,5,24,12,1,18,9,241,194,27,20,8,6,1,1,24.0,24,24,4.0,5,0,237,8,25588,864,226577747389818.9,226577747355720.62,252,1,0,251,0,1,0,0,169200491270591.94,221694927196937.78,0.0,0.0,0.0
POST-HOC DEVELOPMENT DIAGNOSTIC,NOT FINAL EFFICACY,NOT PARAMETER SELECTION,NO METHOD CHANGE AUTHORIZED,primary,primary,re2tt_ts-route-service_socket_2,ts-route-service,socket,5bf54b9f116a5fa1,ALL,MTL,10.0,0.01,0.01,5,24,12,1,18,9,241,194,27,20,8,6,1,1,24.0,24,24,4.0,5,0,237,8,25588,864,226567460855123.38,226567460821336.34,252,1,0,251,0,1,0,0,4361.702127659585,4361.702127659585,0.0,0.0,0.0
POST-HOC DEVELOPMENT DIAGNOSTIC,NOT FINAL EFFICACY,NOT PARAMETER SELECTION,NO METHOD CHANGE AUTHORIZED,primary,primary,re2tt_ts-route-service_socket_2,ts-route-service,socket,5bf54b9f116a5fa1,G,MT,10.0,0.01,0.01,5,24,12,1,18,9,221,194,27,0,7,6,1,0,24.0,24,24,4.0,5,0,217,7,23428,756,,,252,1,0,251,0,1,0,0,4361.702127659583,4361.702127659583,0.0,0.0,0.0
POST-HOC DEVELOPMENT DIAGNOSTIC,NOT FINAL EFFICACY,NOT PARAMETER SELECTION,NO METHOD CHANGE AUTHORIZED,primary,primary,re2tt_ts-route-service_socket_2,ts-route-service,socket,5bf54b9f116a5fa1,L,MT,10.0,0.01,0.01,5,24,12,1,18,9,221,194,27,0,7,6,1,0,24.0,24,24,4.0,5,0,217,7,23428,756,,,252,1,0,251,0,1,0,0,145047195127985.4,158890826408975.88,0.0,0.0,0.0
POST-HOC DEVELOPMENT DIAGNOSTIC,NOT FINAL EFFICACY,NOT PARAMETER SELECTION,NO METHOD CHANGE AUTHORIZED,primary,primary,re2tt_ts-route-service_socket_2,ts-route-service,socket,5bf54b9f116a5fa1,ALL,MT,10.0,0.01,0.01,5,24,12,1,18,9,221,194,27,0,7,6,1,0,24.0,24,24,4.0,5,0,217,7,23428,756,,,252,1,0,251,0,1,0,0,4361.702127659583,4361.702127659583,0.0,0.0,0.0
POST-HOC DEVELOPMENT DIAGNOSTIC,NOT FINAL EFFICACY,NOT PARAMETER SELECTION,NO METHOD CHANGE AUTHORIZED,primary,primary,re2tt_ts-route-service_socket_3,ts-route-service,socket,47f193d58b233d8a,G,MTL,10.0,0.01,0.01,5,24,12,1,18,9,241,194,27,20,7,5,1,1,24.0,24,24,3.5,5,0,239,7,25804,756,208212797249446.5,208212797222750.25,252,51,0,201,0,0,3,48,4361.702127659583,5300.844353103079,0.8554216867469879,0.7553191489361702,0.9861111111111112
POST-HOC DEVELOPMENT DIAGNOSTIC,NOT FINAL EFFICACY,NOT PARAMETER SELECTION,NO METHOD CHANGE AUTHORIZED,primary,primary,re2tt_ts-route-service_socket_3,ts-route-service,socket,47f193d58b233d8a,L,MTL,10.0,0.01,0.01,5,24,12,1,18,9,241,194,27,20,7,5,1,1,24.0,24,24,3.5,5,0,239,7,25804,756,208216307598646.62,208216307571938.75,252,106,0,146,0,0,16,90,169200491270591.94,221694927196937.78,0.2653061224489796,0.5,0.18055555555555555
POST-HOC DEVELOPMENT DIAGNOSTIC,NOT FINAL EFFICACY,NOT PARAMETER SELECTION,NO METHOD CHANGE AUTHORIZED,primary,primary,re2tt_ts-route-service_socket_3,ts-route-service,socket,47f193d58b233d8a,ALL,MTL,10.0,0.01,0.01,5,24,12,1,18,9,241,194,27,20,7,5,1,1,24.0,24,24,3.5,5,0,239,7,25804,756,208208935406165.6,208208935379315.3,252,28,0,224,0,0,3,25,4361.702127659585,4361.702127659585,0.9859154929577465,1.0,0.9722222222222222
POST-HOC DEVELOPMENT DIAGNOSTIC,NOT FINAL EFFICACY,NOT PARAMETER SELECTION,NO METHOD CHANGE AUTHORIZED,primary,primary,re2tt_ts-route-service_socket_3,ts-route-service,socket,47f193d58b233d8a,G,MT,10.0,0.01,0.01,5,24,12,1,18,9,221,194,27,0,6,5,1,0,24.0,24,24,3.0,5,0,219,6,23644,648,,,252,31,0,221,0,0,31,0,4361.702127659583,4361.702127659583,0.9859154929577465,1.0,0.9722222222222222
POST-HOC DEVELOPMENT DIAGNOSTIC,NOT FINAL EFFICACY,NOT PARAMETER SELECTION,NO METHOD CHANGE AUTHORIZED,primary,primary,re2tt_ts-route-service_socket_3,ts-route-service,socket,47f193d58b233d8a,L,MT,10.0,0.01,0.01,5,24,12,1,18,9,221,194,27,0,6,5,1,0,24.0,24,24,3.0,5,0,219,6,23644,648,,,252,63,0,189,0,0,63,0,145047195127985.4,158890826408975.88,0.26666666666666666,0.5098039215686274,0.18055555555555555
POST-HOC DEVELOPMENT DIAGNOSTIC,NOT FINAL EFFICACY,NOT PARAMETER SELECTION,NO METHOD CHANGE AUTHORIZED,primary,primary,re2tt_ts-route-service_socket_3,ts-route-service,socket,47f193d58b233d8a,ALL,MT,10.0,0.01,0.01,5,24,12,1,18,9,221,194,27,0,6,5,1,0,24.0,24,24,3.0,5,0,219,6,23644,648,,,252,16,0,236,0,0,16,0,4361.702127659583,4361.702127659583,0.9859154929577465,1.0,0.9722222222222222
POST-HOC DEVELOPMENT DIAGNOSTIC,NOT FINAL EFFICACY,NOT PARAMETER SELECTION,NO METHOD CHANGE AUTHORIZED,primary,primary,re2tt_ts-train-service_cpu_1,ts-train-service,cpu,f13a01ab09a3962b,G,MTL,10.0,0.01,0.01,5,24,12,1,18,9,248,201,27,20,14,12,1,1,24.0,24,24,3.0,12,0,246,14,26538,1512,175419290730267.12,175419290707581.5,252,11,0,241,0,11,0,0,6842.105263157896,5300.844353103079,0.9823321554770318,1.0,0.9652777777777778
POST-HOC DEVELOPMENT DIAGNOSTIC,NOT FINAL EFFICACY,NOT PARAMETER SELECTION,NO METHOD CHANGE AUTHORIZED,primary,primary,re2tt_ts-train-service_cpu_1,ts-train-service,cpu,f13a01ab09a3962b,L,MTL,10.0,0.01,0.01,5,24,12,1,18,9,248,201,27,20,14,12,1,1,24.0,24,24,3.0,12,0,246,14,26538,1512,175751000278036.2,175751000255297.3,252,11,0,241,0,11,0,0,221694927196937.78,221694927196937.78,0.0,0.0,0.0
POST-HOC DEVELOPMENT DIAGNOSTIC,NOT FINAL EFFICACY,NOT PARAMETER SELECTION,NO METHOD CHANGE AUTHORIZED,primary,primary,re2tt_ts-train-service_cpu_1,ts-train-service,cpu,f13a01ab09a3962b,ALL,MTL,10.0,0.01,0.01,5,24,12,1,18,9,248,201,27,20,14,12,1,1,24.0,24,24,3.0,12,0,246,14,26538,1512,175354210442001.1,175354210419233.66,252,11,0,241,0,11,0,0,5000.0,4361.702127659585,0.9894736842105263,1.0,0.9791666666666666
POST-HOC DEVELOPMENT DIAGNOSTIC,NOT FINAL EFFICACY,NOT PARAMETER SELECTION,NO METHOD CHANGE AUTHORIZED,primary,primary,re2tt_ts-train-service_cpu_1,ts-train-service,cpu,f13a01ab09a3962b,G,MT,10.0,0.01,0.01,5,24,12,1,18,9,228,201,27,0,13,12,1,0,24.0,24,24,3.0,12,0,226,13,24378,1404,,,252,11,0,241,0,11,0,0,4893.6170212766,4361.702127659583,0.9894736842105263,1.0,0.9791666666666666
POST-HOC DEVELOPMENT DIAGNOSTIC,NOT FINAL EFFICACY,NOT PARAMETER SELECTION,NO METHOD CHANGE AUTHORIZED,primary,primary,re2tt_ts-train-service_cpu_1,ts-train-service,cpu,f13a01ab09a3962b,L,MT,10.0,0.01,0.01,5,24,12,1,18,9,228,201,27,0,13,12,1,0,24.0,24,24,3.0,12,0,226,13,24378,1404,,,252,11,0,241,0,11,0,0,155212936820844.28,158890826408975.88,0.0,0.0,0.0
POST-HOC DEVELOPMENT DIAGNOSTIC,NOT FINAL EFFICACY,NOT PARAMETER SELECTION,NO METHOD CHANGE AUTHORIZED,primary,primary,re2tt_ts-train-service_cpu_1,ts-train-service,cpu,f13a01ab09a3962b,ALL,MT,10.0,0.01,0.01,5,24,12,1,18,9,228,201,27,0,13,12,1,0,24.0,24,24,3.0,12,0,226,13,24378,1404,,,252,11,0,241,0,11,0,0,4893.6170212766,4361.702127659583,0.9894736842105263,1.0,0.9791666666666666
POST-HOC DEVELOPMENT DIAGNOSTIC,NOT FINAL EFFICACY,NOT PARAMETER SELECTION,NO METHOD CHANGE AUTHORIZED,primary,primary,re2tt_ts-train-service_cpu_2,ts-train-service,cpu,b4f7da80e26ff729,G,MTL,10.0,0.01,0.01,5,24,12,1,18,9,245,198,27,20,10,9,1,0,24.0,24,24,2.0,9,0,243,10,26212,1080,51633967763531.945,51633967739781.91,252,24,0,228,0,15,9,0,6842.105263157896,5300.844353103079,0.9859154929577465,1.0,0.9722222222222222
POST-HOC DEVELOPMENT DIAGNOSTIC,NOT FINAL EFFICACY,NOT PARAMETER SELECTION,NO METHOD CHANGE AUTHORIZED,primary,primary,re2tt_ts-train-service_cpu_2,ts-train-service,cpu,b4f7da80e26ff729,L,MTL,10.0,0.01,0.01,5,24,12,1,18,9,245,198,27,20,10,9,1,0,24.0,24,24,2.0,9,0,243,10,26212,1080,51544889061658.59,51544889037911.65,252,67,0,185,0,11,56,0,221694927196937.78,221694927196937.78,0.013793103448275862,1.0,0.006944444444444444
POST-HOC DEVELOPMENT DIAGNOSTIC,NOT FINAL EFFICACY,NOT PARAMETER SELECTION,NO METHOD CHANGE AUTHORIZED,primary,primary,re2tt_ts-train-service_cpu_2,ts-train-service,cpu,b4f7da80e26ff729,ALL,MTL,10.0,0.01,0.01,5,24,12,1,18,9,245,198,27,20,10,9,1,0,24.0,24,24,2.0,9,0,243,10,26212,1080,51620258565461.62,51620258541717.36,252,25,0,227,0,15,10,0,5000.0,4361.702127659585,0.9859154929577465,1.0,0.9722222222222222
POST-HOC DEVELOPMENT DIAGNOSTIC,NOT FINAL EFFICACY,NOT PARAMETER SELECTION,NO METHOD CHANGE AUTHORIZED,primary,primary,re2tt_ts-train-service_cpu_2,ts-train-service,cpu,b4f7da80e26ff729,G,MT,10.0,0.01,0.01,5,24,12,1,18,9,225,198,27,0,10,9,1,0,24.0,24,24,2.0,9,0,223,10,24052,1080,,,252,24,0,228,0,15,9,0,4893.6170212766,4361.702127659583,0.9859154929577465,1.0,0.9722222222222222
POST-HOC DEVELOPMENT DIAGNOSTIC,NOT FINAL EFFICACY,NOT PARAMETER SELECTION,NO METHOD CHANGE AUTHORIZED,primary,primary,re2tt_ts-train-service_cpu_2,ts-train-service,cpu,b4f7da80e26ff729,L,MT,10.0,0.01,0.01,5,24,12,1,18,9,225,198,27,0,10,9,1,0,24.0,24,24,2.0,9,0,223,10,24052,1080,,,252,67,0,185,0,11,56,0,155212936820844.28,158890826408975.88,0.07643312101910828,0.46153846153846156,0.041666666666666664
POST-HOC DEVELOPMENT DIAGNOSTIC,NOT FINAL EFFICACY,NOT PARAMETER SELECTION,NO METHOD CHANGE AUTHORIZED,primary,primary,re2tt_ts-train-service_cpu_2,ts-train-service,cpu,b4f7da80e26ff729,ALL,MT,10.0,0.01,0.01,5,24,12,1,18,9,225,198,27,0,10,9,1,0,24.0,24,24,2.0,9,0,223,10,24052,1080,,,252,25,0,227,0,15,10,0,4893.6170212766,4361.702127659583,0.9859154929577465,1.0,0.9722222222222222
POST-HOC DEVELOPMENT DIAGNOSTIC,NOT FINAL EFFICACY,NOT PARAMETER SELECTION,NO METHOD CHANGE AUTHORIZED,primary,primary,re2tt_ts-train-service_cpu_3,ts-train-service,cpu,8fe6a000483edc0e,G,MTL,10.0,0.01,0.01,5,24,12,1,18,9,248,201,27,20,14,12,1,1,24.0,24,24,5.0,12,0,248,14,26744,1512,196458532400474.34,196458532368303.75,252,9,0,243,0,9,0,0,6842.105263157896,5300.844353103079,0.9894736842105263,1.0,0.9791666666666666
POST-HOC DEVELOPMENT DIAGNOSTIC,NOT FINAL EFFICACY,NOT PARAMETER SELECTION,NO METHOD CHANGE AUTHORIZED,primary,primary,re2tt_ts-train-service_cpu_3,ts-train-service,cpu,8fe6a000483edc0e,L,MTL,10.0,0.01,0.01,5,24,12,1,18,9,248,201,27,20,14,12,1,1,24.0,24,24,5.0,12,0,248,14,26744,1512,196465930221934.72,196465930189855.7,252,9,0,243,0,9,0,0,221694927196937.78,221694927196937.78,0.0,0.0,0.0
POST-HOC DEVELOPMENT DIAGNOSTIC,NOT FINAL EFFICACY,NOT PARAMETER SELECTION,NO METHOD CHANGE AUTHORIZED,primary,primary,re2tt_ts-train-service_cpu_3,ts-train-service,cpu,8fe6a000483edc0e,ALL,MTL,10.0,0.01,0.01,5,24,12,1,18,9,248,201,27,20,14,12,1,1,24.0,24,24,5.0,12,0,248,14,26744,1512,195958753513987.62,195958753481873.03,252,9,0,243,0,9,0,0,5000.0,4361.702127659585,0.9894736842105263,1.0,0.9791666666666666
POST-HOC DEVELOPMENT DIAGNOSTIC,NOT FINAL EFFICACY,NOT PARAMETER SELECTION,NO METHOD CHANGE AUTHORIZED,primary,primary,re2tt_ts-train-service_cpu_3,ts-train-service,cpu,8fe6a000483edc0e,G,MT,10.0,0.01,0.01,5,24,12,1,18,9,228,201,27,0,13,12,1,0,24.0,24,24,5.0,12,0,228,13,24584,1404,,,252,9,0,243,0,9,0,0,4893.6170212766,4361.702127659583,0.9894736842105263,1.0,0.9791666666666666
POST-HOC DEVELOPMENT DIAGNOSTIC,NOT FINAL EFFICACY,NOT PARAMETER SELECTION,NO METHOD CHANGE AUTHORIZED,primary,primary,re2tt_ts-train-service_cpu_3,ts-train-service,cpu,8fe6a000483edc0e,L,MT,10.0,0.01,0.01,5,24,12,1,18,9,228,201,27,0,13,12,1,0,24.0,24,24,5.0,12,0,228,13,24584,1404,,,252,9,0,243,0,9,0,0,155212936820844.28,158890826408975.88,0.0,0.0,0.0
POST-HOC DEVELOPMENT DIAGNOSTIC,NOT FINAL EFFICACY,NOT PARAMETER SELECTION,NO METHOD CHANGE AUTHORIZED,primary,primary,re2tt_ts-train-service_cpu_3,ts-train-service,cpu,8fe6a000483edc0e,ALL,MT,10.0,0.01,0.01,5,24,12,1,18,9,228,201,27,0,13,12,1,0,24.0,24,24,5.0,12,0,228,13,24584,1404,,,252,9,0,243,0,9,0,0,4893.6170212766,4361.702127659583,0.9894736842105263,1.0,0.9791666666666666
POST-HOC DEVELOPMENT DIAGNOSTIC,NOT FINAL EFFICACY,NOT PARAMETER SELECTION,NO METHOD CHANGE AUTHORIZED,primary,primary,re2tt_ts-train-service_delay_1,ts-train-service,delay,8534e6237bee1618,G,MTL,10.0,0.01,0.01,5,24,12,1,18,9,250,203,27,20,15,14,1,0,24.0,24,24,5.0,14,0,248,15,26764,1620,69273001859255.22,69273001836489.79,252,4,0,248,0,4,0,0,5957.446808510638,5300.844353103079,0.9894736842105263,1.0,0.9791666666666666
POST-HOC DEVELOPMENT DIAGNOSTIC,NOT FINAL EFFICACY,NOT PARAMETER SELECTION,NO METHOD CHANGE AUTHORIZED,primary,primary,re2tt_ts-train-service_delay_1,ts-train-service,delay,8534e6237bee1618,L,MTL,10.0,0.01,0.01,5,24,12,1,18,9,250,203,27,20,15,14,1,0,24.0,24,24,5.0,14,0,248,15,26764,1620,69313935872519.16,69313935849741.66,252,4,0,248,0,4,0,0,225569991807719.12,221694927196937.78,0.0,0.0,0.0
POST-HOC DEVELOPMENT DIAGNOSTIC,NOT FINAL EFFICACY,NOT PARAMETER SELECTION,NO METHOD CHANGE AUTHORIZED,primary,primary,re2tt_ts-train-service_delay_1,ts-train-service,delay,8534e6237bee1618,ALL,MTL,10.0,0.01,0.01,5,24,12,1,18,9,250,203,27,20,15,14,1,0,24.0,24,24,5.0,14,0,248,15,26764,1620,69377457228694.375,69377457205862.46,252,4,0,248,0,4,0,0,4893.617021276593,4361.702127659585,0.9894736842105263,1.0,0.9791666666666666
POST-HOC DEVELOPMENT DIAGNOSTIC,NOT FINAL EFFICACY,NOT PARAMETER SELECTION,NO METHOD CHANGE AUTHORIZED,primary,primary,re2tt_ts-train-service_delay_1,ts-train-service,delay,8534e6237bee1618,G,MT,10.0,0.01,0.01,5,24,12,1,18,9,230,203,27,0,15,14,1,0,24.0,24,24,5.0,14,0,228,15,24604,1620,,,252,4,0,248,0,4,0,0,4361.702127659585,4361.702127659583,0.9894736842105263,1.0,0.9791666666666666
POST-HOC DEVELOPMENT DIAGNOSTIC,NOT FINAL EFFICACY,NOT PARAMETER SELECTION,NO METHOD CHANGE AUTHORIZED,primary,primary,re2tt_ts-train-service_delay_1,ts-train-service,delay,8534e6237bee1618,L,MT,10.0,0.01,0.01,5,24,12,1,18,9,230,203,27,0,15,14,1,0,24.0,24,24,5.0,14,0,228,15,24604,1620,,,252,4,0,248,0,4,0,0,166115523335903.66,158890826408975.88,0.0,0.0,0.0
POST-HOC DEVELOPMENT DIAGNOSTIC,NOT FINAL EFFICACY,NOT PARAMETER SELECTION,NO METHOD CHANGE AUTHORIZED,primary,primary,re2tt_ts-train-service_delay_1,ts-train-service,delay,8534e6237bee1618,ALL,MT,10.0,0.01,0.01,5,24,12,1,18,9,230,203,27,0,15,14,1,0,24.0,24,24,5.0,14,0,228,15,24604,1620,,,252,4,0,248,0,4,0,0,4361.702127659585,4361.702127659583,0.9894736842105263,1.0,0.9791666666666666
POST-HOC DEVELOPMENT DIAGNOSTIC,NOT FINAL EFFICACY,NOT PARAMETER SELECTION,NO METHOD CHANGE AUTHORIZED,primary,primary,re2tt_ts-train-service_delay_2,ts-train-service,delay,84c4c18e60502036,G,MTL,10.0,0.01,0.01,5,24,12,1,18,9,238,191,27,20,5,2,2,1,24.0,24,24,4.0,2,0,238,5,25654,540,306223263623872.6,306223263597740.8,252,0,0,252,0,0,0,0,5957.446808510638,5300.844353103079,0.9894736842105263,1.0,0.9791666666666666
POST-HOC DEVELOPMENT DIAGNOSTIC,NOT FINAL EFFICACY,NOT PARAMETER SELECTION,NO METHOD CHANGE AUTHORIZED,primary,primary,re2tt_ts-train-service_delay_2,ts-train-service,delay,84c4c18e60502036,L,MTL,10.0,0.01,0.01,5,24,12,1,18,9,238,191,27,20,5,2,2,1,24.0,24,24,4.0,2,0,238,5,25654,540,306172225568391.8,306172225542269.75,252,0,0,252,0,0,0,0,225569991807719.12,221694927196937.78,0.0,0.0,0.0
POST-HOC DEVELOPMENT DIAGNOSTIC,NOT FINAL EFFICACY,NOT PARAMETER SELECTION,NO METHOD CHANGE AUTHORIZED,primary,primary,re2tt_ts-train-service_delay_2,ts-train-service,delay,84c4c18e60502036,ALL,MTL,10.0,0.01,0.01,5,24,12,1,18,9,238,191,27,20,5,2,2,1,24.0,24,24,4.0,2,0,238,5,25654,540,310367792051456.5,310367792025289.3,252,0,0,252,0,0,0,0,4893.617021276593,4361.702127659585,0.9527027027027027,0.9276315789473685,0.9791666666666666
POST-HOC DEVELOPMENT DIAGNOSTIC,NOT FINAL EFFICACY,NOT PARAMETER SELECTION,NO METHOD CHANGE AUTHORIZED,primary,primary,re2tt_ts-train-service_delay_2,ts-train-service,delay,84c4c18e60502036,G,MT,10.0,0.01,0.01,5,24,12,1,18,9,218,191,27,0,4,2,2,0,24.0,24,24,4.0,2,0,218,4,23494,432,,,252,0,0,252,0,0,0,0,4361.702127659585,4361.702127659583,0.9527027027027027,0.9276315789473685,0.9791666666666666
POST-HOC DEVELOPMENT DIAGNOSTIC,NOT FINAL EFFICACY,NOT PARAMETER SELECTION,NO METHOD CHANGE AUTHORIZED,primary,primary,re2tt_ts-train-service_delay_2,ts-train-service,delay,84c4c18e60502036,L,MT,10.0,0.01,0.01,5,24,12,1,18,9,218,191,27,0,4,2,2,0,24.0,24,24,4.0,2,0,218,4,23494,432,,,252,0,0,252,0,0,0,0,166115523335903.66,158890826408975.88,0.0,0.0,0.0
POST-HOC DEVELOPMENT DIAGNOSTIC,NOT FINAL EFFICACY,NOT PARAMETER SELECTION,NO METHOD CHANGE AUTHORIZED,primary,primary,re2tt_ts-train-service_delay_2,ts-train-service,delay,84c4c18e60502036,ALL,MT,10.0,0.01,0.01,5,24,12,1,18,9,218,191,27,0,4,2,2,0,24.0,24,24,4.0,2,0,218,4,23494,432,,,252,0,0,252,0,0,0,0,4361.702127659585,4361.702127659583,0.9527027027027027,0.9276315789473685,0.9791666666666666
POST-HOC DEVELOPMENT DIAGNOSTIC,NOT FINAL EFFICACY,NOT PARAMETER SELECTION,NO METHOD CHANGE AUTHORIZED,primary,primary,re2tt_ts-train-service_delay_3,ts-train-service,delay,0868b9b567cd44c8,G,MTL,10.0,0.01,0.01,5,24,12,1,18,9,238,191,27,20,4,2,1,1,24.0,24,24,4.0,2,0,238,4,25646,432,185774713711792.75,185774713677807.56,252,13,0,239,0,0,0,13,5957.446808510638,5300.844353103079,0.9757785467128027,0.9724137931034482,0.9791666666666666
POST-HOC DEVELOPMENT DIAGNOSTIC,NOT FINAL EFFICACY,NOT PARAMETER SELECTION,NO METHOD CHANGE AUTHORIZED,primary,primary,re2tt_ts-train-service_delay_3,ts-train-service,delay,0868b9b567cd44c8,L,MTL,10.0,0.01,0.01,5,24,12,1,18,9,238,191,27,20,4,2,1,1,24.0,24,24,4.0,2,0,238,4,25646,432,185679719580733.9,185679719547015.88,252,54,0,198,0,0,2,52,225569991807719.12,221694927196937.78,0.02564102564102564,0.16666666666666666,0.013888888888888888
POST-HOC DEVELOPMENT DIAGNOSTIC,NOT FINAL EFFICACY,NOT PARAMETER SELECTION,NO METHOD CHANGE AUTHORIZED,primary,primary,re2tt_ts-train-service_delay_3,ts-train-service,delay,0868b9b567cd44c8,ALL,MTL,10.0,0.01,0.01,5,24,12,1,18,9,238,191,27,20,4,2,1,1,24.0,24,24,4.0,2,0,238,4,25646,432,186216660483079.28,186216660449285.12,252,12,0,240,0,0,0,12,4893.617021276593,4361.702127659585,0.9690721649484536,0.9591836734693877,0.9791666666666666
POST-HOC DEVELOPMENT DIAGNOSTIC,NOT FINAL EFFICACY,NOT PARAMETER SELECTION,NO METHOD CHANGE AUTHORIZED,primary,primary,re2tt_ts-train-service_delay_3,ts-train-service,delay,0868b9b567cd44c8,G,MT,10.0,0.01,0.01,5,24,12,1,18,9,218,191,27,0,3,2,1,0,24.0,24,24,4.0,2,0,218,3,23486,324,,,252,13,0,239,0,0,13,0,4361.702127659585,4361.702127659583,0.9690721649484536,0.9591836734693877,0.9791666666666666
POST-HOC DEVELOPMENT DIAGNOSTIC,NOT FINAL EFFICACY,NOT PARAMETER SELECTION,NO METHOD CHANGE AUTHORIZED,primary,primary,re2tt_ts-train-service_delay_3,ts-train-service,delay,0868b9b567cd44c8,L,MT,10.0,0.01,0.01,5,24,12,1,18,9,218,191,27,0,3,2,1,0,24.0,24,24,4.0,2,0,218,3,23486,324,,,252,49,0,203,0,0,49,0,166115523335903.66,158890826408975.88,0.050314465408805034,0.26666666666666666,0.027777777777777776
POST-HOC DEVELOPMENT DIAGNOSTIC,NOT FINAL EFFICACY,NOT PARAMETER SELECTION,NO METHOD CHANGE AUTHORIZED,primary,primary,re2tt_ts-train-service_delay_3,ts-train-service,delay,0868b9b567cd44c8,ALL,MT,10.0,0.01,0.01,5,24,12,1,18,9,218,191,27,0,3,2,1,0,24.0,24,24,4.0,2,0,218,3,23486,324,,,252,0,0,252,0,0,0,0,4361.702127659585,4361.702127659583,0.9690721649484536,0.9591836734693877,0.9791666666666666
POST-HOC DEVELOPMENT DIAGNOSTIC,NOT FINAL EFFICACY,NOT PARAMETER SELECTION,NO METHOD CHANGE AUTHORIZED,primary,primary,re2tt_ts-travel-service_disk_1,ts-travel-service,disk,27afdc4e5ac07b32,G,MTL,10.0,0.01,0.01,5,24,12,1,18,9,232,186,26,20,7,2,2,3,24.0,24,24,5.0,2,0,226,7,24408,756,446437101902884.75,446437101874820.25,252,0,0,252,0,0,0,0,5957.446808510638,5300.844353103079,0.9657534246575342,0.9527027027027027,0.9791666666666666
POST-HOC DEVELOPMENT DIAGNOSTIC,NOT FINAL EFFICACY,NOT PARAMETER SELECTION,NO METHOD CHANGE AUTHORIZED,primary,primary,re2tt_ts-travel-service_disk_1,ts-travel-service,disk,27afdc4e5ac07b32,L,MTL,10.0,0.01,0.01,5,24,12,1,18,9,232,186,26,20,7,2,2,3,24.0,24,24,5.0,2,0,226,7,24408,756,454515317462196.7,454515317434471.25,252,0,0,252,0,0,0,0,225569991807719.12,221694927196937.78,0.0,0.0,0.0
POST-HOC DEVELOPMENT DIAGNOSTIC,NOT FINAL EFFICACY,NOT PARAMETER SELECTION,NO METHOD CHANGE AUTHORIZED,primary,primary,re2tt_ts-travel-service_disk_1,ts-travel-service,disk,27afdc4e5ac07b32,ALL,MTL,10.0,0.01,0.01,5,24,12,1,18,9,232,186,26,20,7,2,2,3,24.0,24,24,5.0,2,0,226,7,24408,756,446509318337116.06,446509318309592.6,252,0,0,252,0,0,0,0,4893.617021276593,4361.702127659585,0.9657534246575342,0.9527027027027027,0.9791666666666666
POST-HOC DEVELOPMENT DIAGNOSTIC,NOT FINAL EFFICACY,NOT PARAMETER SELECTION,NO METHOD CHANGE AUTHORIZED,primary,primary,re2tt_ts-travel-service_disk_1,ts-travel-service,disk,27afdc4e5ac07b32,G,MT,10.0,0.01,0.01,5,24,12,1,18,9,212,186,26,0,4,2,2,0,24.0,24,24,3.5,2,0,206,4,22248,432,,,252,0,0,252,0,0,0,0,4361.702127659585,4361.702127659583,0.962457337883959,0.9463087248322147,0.9791666666666666
POST-HOC DEVELOPMENT DIAGNOSTIC,NOT FINAL EFFICACY,NOT PARAMETER SELECTION,NO METHOD CHANGE AUTHORIZED,primary,primary,re2tt_ts-travel-service_disk_1,ts-travel-service,disk,27afdc4e5ac07b32,L,MT,10.0,0.01,0.01,5,24,12,1,18,9,212,186,26,0,4,2,2,0,24.0,24,24,3.5,2,0,206,4,22248,432,,,252,0,0,252,0,0,0,0,166115523335903.66,158890826408975.88,0.0,0.0,0.0
POST-HOC DEVELOPMENT DIAGNOSTIC,NOT FINAL EFFICACY,NOT PARAMETER SELECTION,NO METHOD CHANGE AUTHORIZED,primary,primary,re2tt_ts-travel-service_disk_1,ts-travel-service,disk,27afdc4e5ac07b32,ALL,MT,10.0,0.01,0.01,5,24,12,1,18,9,212,186,26,0,4,2,2,0,24.0,24,24,3.5,2,0,206,4,22248,432,,,252,0,0,252,0,0,0,0,4361.702127659585,4361.702127659583,0.962457337883959,0.9463087248322147,0.9791666666666666
POST-HOC DEVELOPMENT DIAGNOSTIC,NOT FINAL EFFICACY,NOT PARAMETER SELECTION,NO METHOD CHANGE AUTHORIZED,primary,primary,re2tt_ts-travel-service_disk_2,ts-travel-service,disk,757b880ecadc87f4,G,MTL,10.0,0.01,0.01,5,24,12,1,18,9,183,149,20,14,11,9,1,1,24.0,24,24,4.0,7,0,183,11,19748,1188,158436240929747.25,158436240898537.1,252,0,0,252,0,0,0,0,5957.446808510638,5300.844353103079,0.9823321554770318,1.0,0.9652777777777778
POST-HOC DEVELOPMENT DIAGNOSTIC,NOT FINAL EFFICACY,NOT PARAMETER SELECTION,NO METHOD CHANGE AUTHORIZED,primary,primary,re2tt_ts-travel-service_disk_2,ts-travel-service,disk,757b880ecadc87f4,L,MTL,10.0,0.01,0.01,5,24,12,1,18,9,183,149,20,14,11,9,1,1,24.0,24,24,4.0,7,0,183,11,19748,1188,158401373147115.66,158401373116121.72,252,0,0,252,0,0,0,0,225569991807719.12,221694927196937.78,0.0,0.0,0.0
POST-HOC DEVELOPMENT DIAGNOSTIC,NOT FINAL EFFICACY,NOT PARAMETER SELECTION,NO METHOD CHANGE AUTHORIZED,primary,primary,re2tt_ts-travel-service_disk_2,ts-travel-service,disk,757b880ecadc87f4,ALL,MTL,10.0,0.01,0.01,5,24,12,1,18,9,183,149,20,14,11,9,1,1,24.0,24,24,4.0,7,0,183,11,19748,1188,158268543011742.72,158268542980691.44,252,0,0,252,0,0,0,0,4893.617021276593,4361.702127659585,0.9823321554770318,1.0,0.9652777777777778
POST-HOC DEVELOPMENT DIAGNOSTIC,NOT FINAL EFFICACY,NOT PARAMETER SELECTION,NO METHOD CHANGE AUTHORIZED,primary,primary,re2tt_ts-travel-service_disk_2,ts-travel-service,disk,757b880ecadc87f4,G,MT,10.0,0.01,0.01,5,24,12,1,18,9,169,149,20,0,10,9,1,0,24.0,24,24,4.0,7,0,169,10,18236,1080,,,252,0,0,252,0,0,0,0,4361.702127659585,4361.702127659583,0.9823321554770318,1.0,0.9652777777777778
POST-HOC DEVELOPMENT DIAGNOSTIC,NOT FINAL EFFICACY,NOT PARAMETER SELECTION,NO METHOD CHANGE AUTHORIZED,primary,primary,re2tt_ts-travel-service_disk_2,ts-travel-service,disk,757b880ecadc87f4,L,MT,10.0,0.01,0.01,5,24,12,1,18,9,169,149,20,0,10,9,1,0,24.0,24,24,4.0,7,0,169,10,18236,1080,,,252,0,0,252,0,0,0,0,166115523335903.66,158890826408975.88,0.0,0.0,0.0
POST-HOC DEVELOPMENT DIAGNOSTIC,NOT FINAL EFFICACY,NOT PARAMETER SELECTION,NO METHOD CHANGE AUTHORIZED,primary,primary,re2tt_ts-travel-service_disk_2,ts-travel-service,disk,757b880ecadc87f4,ALL,MT,10.0,0.01,0.01,5,24,12,1,18,9,169,149,20,0,10,9,1,0,24.0,24,24,4.0,7,0,169,10,18236,1080,,,252,0,0,252,0,0,0,0,4361.702127659585,4361.702127659583,0.9823321554770318,1.0,0.9652777777777778
POST-HOC DEVELOPMENT DIAGNOSTIC,NOT FINAL EFFICACY,NOT PARAMETER SELECTION,NO METHOD CHANGE AUTHORIZED,primary,primary,re2tt_ts-travel-service_disk_3,ts-travel-service,disk,3b90d794c8506cef,G,MTL,10.0,0.01,0.01,5,24,12,1,18,9,183,149,20,14,9,9,0,0,24.0,24,24,,9,0,183,9,19760,972,19896.71104463753,0.0,252,0,0,252,0,0,0,0,5957.446808510638,5300.844353103079,0.9965156794425087,1.0,0.9930555555555556
POST-HOC DEVELOPMENT DIAGNOSTIC,NOT FINAL EFFICACY,NOT PARAMETER SELECTION,NO METHOD CHANGE AUTHORIZED,primary,primary,re2tt_ts-travel-service_disk_3,ts-travel-service,disk,3b90d794c8506cef,L,MTL,10.0,0.01,0.01,5,24,12,1,18,9,183,149,20,14,9,9,0,0,24.0,24,24,,9,0,183,9,19760,972,19864.896282160367,0.0,252,0,0,252,0,0,0,0,225569991807719.12,221694927196937.78,0.0,0.0,0.0
POST-HOC DEVELOPMENT DIAGNOSTIC,NOT FINAL EFFICACY,NOT PARAMETER SELECTION,NO METHOD CHANGE AUTHORIZED,primary,primary,re2tt_ts-travel-service_disk_3,ts-travel-service,disk,3b90d794c8506cef,ALL,MTL,10.0,0.01,0.01,5,24,12,1,18,9,183,149,20,14,9,9,0,0,24.0,24,24,,9,0,183,9,19760,972,19887.823517704663,0.0,252,0,0,252,0,0,0,0,4893.617021276593,4361.702127659585,0.9965156794425087,1.0,0.9930555555555556
POST-HOC DEVELOPMENT DIAGNOSTIC,NOT FINAL EFFICACY,NOT PARAMETER SELECTION,NO METHOD CHANGE AUTHORIZED,primary,primary,re2tt_ts-travel-service_disk_3,ts-travel-service,disk,3b90d794c8506cef,G,MT,10.0,0.01,0.01,5,24,12,1,18,9,169,149,20,0,9,9,0,0,24.0,24,24,,9,0,169,9,18248,972,,,252,0,0,252,0,0,0,0,4361.702127659585,4361.702127659583,0.9965156794425087,1.0,0.9930555555555556
POST-HOC DEVELOPMENT DIAGNOSTIC,NOT FINAL EFFICACY,NOT PARAMETER SELECTION,NO METHOD CHANGE AUTHORIZED,primary,primary,re2tt_ts-travel-service_disk_3,ts-travel-service,disk,3b90d794c8506cef,L,MT,10.0,0.01,0.01,5,24,12,1,18,9,169,149,20,0,9,9,0,0,24.0,24,24,,9,0,169,9,18248,972,,,252,0,0,252,0,0,0,0,166115523335903.66,158890826408975.88,0.0,0.0,0.0
POST-HOC DEVELOPMENT DIAGNOSTIC,NOT FINAL EFFICACY,NOT PARAMETER SELECTION,NO METHOD CHANGE AUTHORIZED,primary,primary,re2tt_ts-travel-service_disk_3,ts-travel-service,disk,3b90d794c8506cef,ALL,MT,10.0,0.01,0.01,5,24,12,1,18,9,169,149,20,0,9,9,0,0,24.0,24,24,,9,0,169,9,18248,972,,,252,0,0,252,0,0,0,0,4361.702127659585,4361.702127659583,0.9965156794425087,1.0,0.9930555555555556
POST-HOC DEVELOPMENT DIAGNOSTIC,NOT FINAL EFFICACY,NOT PARAMETER SELECTION,NO METHOD CHANGE AUTHORIZED,primary,primary,re2tt_ts-travel-service_loss_1,ts-travel-service,loss,dd8536efed49ca5a,G,MTL,10.0,0.01,0.01,5,24,12,1,18,9,238,191,27,20,2,2,0,0,24.0,24,24,,2,0,238,2,25630,216,27197.13122040166,0.0,252,0,0,252,0,0,0,0,5623.116867144075,5300.844353103079,0.9619377162629758,0.9586206896551724,0.9652777777777778
POST-HOC DEVELOPMENT DIAGNOSTIC,NOT FINAL EFFICACY,NOT PARAMETER SELECTION,NO METHOD CHANGE AUTHORIZED,primary,primary,re2tt_ts-travel-service_loss_1,ts-travel-service,loss,dd8536efed49ca5a,L,MTL,10.0,0.01,0.01,5,24,12,1,18,9,238,191,27,20,2,2,0,0,24.0,24,24,,2,0,238,2,25630,216,27296.296927562278,0.0,252,0,0,252,0,0,0,0,222899715457592.28,221694927196937.78,0.0,0.0,0.0
POST-HOC DEVELOPMENT DIAGNOSTIC,NOT FINAL EFFICACY,NOT PARAMETER SELECTION,NO METHOD CHANGE AUTHORIZED,primary,primary,re2tt_ts-travel-service_loss_1,ts-travel-service,loss,dd8536efed49ca5a,ALL,MTL,10.0,0.01,0.01,5,24,12,1,18,9,238,191,27,20,2,2,0,0,24.0,24,24,,2,0,238,2,25630,216,27289.771605986505,0.0,252,0,0,252,0,0,0,0,4361.702127659585,4361.702127659585,0.9619377162629758,0.9586206896551724,0.9652777777777778
POST-HOC DEVELOPMENT DIAGNOSTIC,NOT FINAL EFFICACY,NOT PARAMETER SELECTION,NO METHOD CHANGE AUTHORIZED,primary,primary,re2tt_ts-travel-service_loss_1,ts-travel-service,loss,dd8536efed49ca5a,G,MT,10.0,0.01,0.01,5,24,12,1,18,9,218,191,27,0,2,2,0,0,24.0,24,24,,2,0,218,2,23470,216,,,252,0,0,252,0,0,0,0,4361.702127659583,4361.702127659583,0.9619377162629758,0.9586206896551724,0.9652777777777778
POST-HOC DEVELOPMENT DIAGNOSTIC,NOT FINAL EFFICACY,NOT PARAMETER SELECTION,NO METHOD CHANGE AUTHORIZED,primary,primary,re2tt_ts-travel-service_loss_1,ts-travel-service,loss,dd8536efed49ca5a,L,MT,10.0,0.01,0.01,5,24,12,1,18,9,218,191,27,0,2,2,0,0,24.0,24,24,,2,0,218,2,23470,216,,,252,0,0,252,0,0,0,0,162111571025395.47,158890826408975.88,0.0,0.0,0.0
POST-HOC DEVELOPMENT DIAGNOSTIC,NOT FINAL EFFICACY,NOT PARAMETER SELECTION,NO METHOD CHANGE AUTHORIZED,primary,primary,re2tt_ts-travel-service_loss_1,ts-travel-service,loss,dd8536efed49ca5a,ALL,MT,10.0,0.01,0.01,5,24,12,1,18,9,218,191,27,0,2,2,0,0,24.0,24,24,,2,0,218,2,23470,216,,,252,0,0,252,0,0,0,0,4361.702127659583,4361.702127659583,0.9619377162629758,0.9586206896551724,0.9652777777777778
POST-HOC DEVELOPMENT DIAGNOSTIC,NOT FINAL EFFICACY,NOT PARAMETER SELECTION,NO METHOD CHANGE AUTHORIZED,primary,primary,re2tt_ts-travel-service_loss_2,ts-travel-service,loss,b493b6b9e7b01687,G,MTL,10.0,0.01,0.01,5,24,12,1,18,9,246,199,27,20,12,10,1,1,24.0,24,24,2.0,10,0,244,12,26316,1296,175400801130269.0,175400801098429.44,252,5,0,247,0,3,1,1,5623.116867144075,5300.844353103079,0.9537366548042705,0.9781021897810219,0.9305555555555556
POST-HOC DEVELOPMENT DIAGNOSTIC,NOT FINAL EFFICACY,NOT PARAMETER SELECTION,NO METHOD CHANGE AUTHORIZED,primary,primary,re2tt_ts-travel-service_loss_2,ts-travel-service,loss,b493b6b9e7b01687,L,MTL,10.0,0.01,0.01,5,24,12,1,18,9,246,199,27,20,12,10,1,1,24.0,24,24,2.0,10,0,244,12,26316,1296,175554582429450.25,175554582397798.75,252,79,0,173,0,3,13,63,222899715457592.28,221694927196937.78,0.36893203883495146,0.6129032258064516,0.2638888888888889
POST-HOC DEVELOPMENT DIAGNOSTIC,NOT FINAL EFFICACY,NOT PARAMETER SELECTION,NO METHOD CHANGE AUTHORIZED,primary,primary,re2tt_ts-travel-service_loss_2,ts-travel-service,loss,b493b6b9e7b01687,ALL,MTL,10.0,0.01,0.01,5,24,12,1,18,9,246,199,27,20,12,10,1,1,24.0,24,24,2.0,10,0,244,12,26316,1296,175194888579874.9,175194888548175.0,252,13,0,239,0,3,10,0,4361.702127659585,4361.702127659585,0.9537366548042705,0.9781021897810219,0.9305555555555556
POST-HOC DEVELOPMENT DIAGNOSTIC,NOT FINAL EFFICACY,NOT PARAMETER SELECTION,NO METHOD CHANGE AUTHORIZED,primary,primary,re2tt_ts-travel-service_loss_2,ts-travel-service,loss,b493b6b9e7b01687,G,MT,10.0,0.01,0.01,5,24,12,1,18,9,226,199,27,0,11,10,1,0,24.0,24,24,2.0,10,0,224,11,24156,1188,,,252,4,0,248,0,3,1,0,4361.702127659583,4361.702127659583,0.9537366548042705,0.9781021897810219,0.9305555555555556
POST-HOC DEVELOPMENT DIAGNOSTIC,NOT FINAL EFFICACY,NOT PARAMETER SELECTION,NO METHOD CHANGE AUTHORIZED,primary,primary,re2tt_ts-travel-service_loss_2,ts-travel-service,loss,b493b6b9e7b01687,L,MT,10.0,0.01,0.01,5,24,12,1,18,9,226,199,27,0,11,10,1,0,24.0,24,24,2.0,10,0,224,11,24156,1188,,,252,73,0,179,0,3,70,0,162111571025395.47,158890826408975.88,0.3786407766990291,0.6290322580645161,0.2708333333333333
POST-HOC DEVELOPMENT DIAGNOSTIC,NOT FINAL EFFICACY,NOT PARAMETER SELECTION,NO METHOD CHANGE AUTHORIZED,primary,primary,re2tt_ts-travel-service_loss_2,ts-travel-service,loss,b493b6b9e7b01687,ALL,MT,10.0,0.01,0.01,5,24,12,1,18,9,226,199,27,0,11,10,1,0,24.0,24,24,2.0,10,0,224,11,24156,1188,,,252,13,0,239,0,3,10,0,4361.702127659583,4361.702127659583,0.9537366548042705,0.9781021897810219,0.9305555555555556
POST-HOC DEVELOPMENT DIAGNOSTIC,NOT FINAL EFFICACY,NOT PARAMETER SELECTION,NO METHOD CHANGE AUTHORIZED,primary,primary,re2tt_ts-travel-service_loss_3,ts-travel-service,loss,7138fe1fe1ddf617,G,MTL,10.0,0.01,0.01,5,24,12,1,18,9,239,192,27,20,3,3,0,0,24.0,24,24,,3,0,239,3,25784,324,23068.52765699975,0.0,252,18,0,234,0,18,0,0,5623.116867144075,5300.844353103079,0.32786885245901637,0.7692307692307693,0.20833333333333334
POST-HOC DEVELOPMENT DIAGNOSTIC,NOT FINAL EFFICACY,NOT PARAMETER SELECTION,NO METHOD CHANGE AUTHORIZED,primary,primary,re2tt_ts-travel-service_loss_3,ts-travel-service,loss,7138fe1fe1ddf617,L,MTL,10.0,0.01,0.01,5,24,12,1,18,9,239,192,27,20,3,3,0,0,24.0,24,24,,3,0,239,3,25784,324,23157.097809497413,0.0,252,18,0,234,0,18,0,0,222899715457592.28,221694927196937.78,0.0,0.0,0.0
POST-HOC DEVELOPMENT DIAGNOSTIC,NOT FINAL EFFICACY,NOT PARAMETER SELECTION,NO METHOD CHANGE AUTHORIZED,primary,primary,re2tt_ts-travel-service_loss_3,ts-travel-service,loss,7138fe1fe1ddf617,ALL,MTL,10.0,0.01,0.01,5,24,12,1,18,9,239,192,27,20,3,3,0,0,24.0,24,24,,3,0,239,3,25784,324,23135.17476795256,0.0,252,18,0,234,0,18,0,0,4361.702127659585,4361.702127659585,0.39593908629441626,0.7358490566037735,0.2708333333333333
POST-HOC DEVELOPMENT DIAGNOSTIC,NOT FINAL EFFICACY,NOT PARAMETER SELECTION,NO METHOD CHANGE AUTHORIZED,primary,primary,re2tt_ts-travel-service_loss_3,ts-travel-service,loss,7138fe1fe1ddf617,G,MT,10.0,0.01,0.01,5,24,12,1,18,9,219,192,27,0,3,3,0,0,24.0,24,24,,3,0,219,3,23624,324,,,252,18,0,234,0,18,0,0,4361.702127659583,4361.702127659583,0.39593908629441626,0.7358490566037735,0.2708333333333333
POST-HOC DEVELOPMENT DIAGNOSTIC,NOT FINAL EFFICACY,NOT PARAMETER SELECTION,NO METHOD CHANGE AUTHORIZED,primary,primary,re2tt_ts-travel-service_loss_3,ts-travel-service,loss,7138fe1fe1ddf617,L,MT,10.0,0.01,0.01,5,24,12,1,18,9,219,192,27,0,3,3,0,0,24.0,24,24,,3,0,219,3,23624,324,,,252,18,0,234,0,18,0,0,162111571025395.47,158890826408975.88,0.0,0.0,0.0
POST-HOC DEVELOPMENT DIAGNOSTIC,NOT FINAL EFFICACY,NOT PARAMETER SELECTION,NO METHOD CHANGE AUTHORIZED,primary,primary,re2tt_ts-travel-service_loss_3,ts-travel-service,loss,7138fe1fe1ddf617,ALL,MT,10.0,0.01,0.01,5,24,12,1,18,9,219,192,27,0,3,3,0,0,24.0,24,24,,3,0,219,3,23624,324,,,252,18,0,234,0,18,0,0,4361.702127659583,4361.702127659583,0.39593908629441626,0.7358490566037735,0.2708333333333333
POST-HOC DEVELOPMENT DIAGNOSTIC,NOT FINAL EFFICACY,NOT PARAMETER SELECTION,NO METHOD CHANGE AUTHORIZED,bin10,bin10,re2tt_ts-auth-service_cpu_1,ts-auth-service,cpu,96538c0c0d6a11d8,G,MTL,10.0,0.01,0.01,10,12,6,1,8,5,229,202,27,0,13,13,0,0,12.0,12,12,,13,0,229,13,12338,702,11176.115264986836,0.0,126,1,0,125,0,1,0,0,5425.531914893619,5780.141843971632,0.12987012987012986,1.0,0.06944444444444445
POST-HOC DEVELOPMENT DIAGNOSTIC,NOT FINAL EFFICACY,NOT PARAMETER SELECTION,NO METHOD CHANGE AUTHORIZED,bin10,bin10,re2tt_ts-auth-service_cpu_1,ts-auth-service,cpu,96538c0c0d6a11d8,L,MTL,10.0,0.01,0.01,10,12,6,1,8,5,229,202,27,0,13,13,0,0,12.0,12,12,,13,0,229,13,12338,702,11196.18546383439,0.0,126,1,0,125,0,1,0,0,7021.276595744682,6893.942109228374,0.12987012987012986,1.0,0.06944444444444445
POST-HOC DEVELOPMENT DIAGNOSTIC,NOT FINAL EFFICACY,NOT PARAMETER SELECTION,NO METHOD CHANGE AUTHORIZED,bin10,bin10,re2tt_ts-auth-service_cpu_1,ts-auth-service,cpu,96538c0c0d6a11d8,ALL,MTL,10.0,0.01,0.01,10,12,6,1,8,5,229,202,27,0,13,13,0,0,12.0,12,12,,13,0,229,13,12338,702,11191.75983856449,0.0,126,1,0,125,0,1,0,0,5425.531914893619,5457.228764539664,0.12987012987012986,1.0,0.06944444444444445
POST-HOC DEVELOPMENT DIAGNOSTIC,NOT FINAL EFFICACY,NOT PARAMETER SELECTION,NO METHOD CHANGE AUTHORIZED,bin10,bin10,re2tt_ts-auth-service_cpu_1,ts-auth-service,cpu,96538c0c0d6a11d8,G,MT,10.0,0.01,0.01,10,12,6,1,8,5,229,202,27,0,13,13,0,0,12.0,12,12,,13,0,229,13,12338,702,,,126,1,0,125,0,1,0,0,5425.531914893619,5780.141843971632,0.12987012987012986,1.0,0.06944444444444445
POST-HOC DEVELOPMENT DIAGNOSTIC,NOT FINAL EFFICACY,NOT PARAMETER SELECTION,NO METHOD CHANGE AUTHORIZED,bin10,bin10,re2tt_ts-auth-service_cpu_1,ts-auth-service,cpu,96538c0c0d6a11d8,L,MT,10.0,0.01,0.01,10,12,6,1,8,5,229,202,27,0,13,13,0,0,12.0,12,12,,13,0,229,13,12338,702,,,126,1,0,125,0,1,0,0,7021.276595744682,6893.942109228374,0.12987012987012986,1.0,0.06944444444444445
POST-HOC DEVELOPMENT DIAGNOSTIC,NOT FINAL EFFICACY,NOT PARAMETER SELECTION,NO METHOD CHANGE AUTHORIZED,bin10,bin10,re2tt_ts-auth-service_cpu_1,ts-auth-service,cpu,96538c0c0d6a11d8,ALL,MT,10.0,0.01,0.01,10,12,6,1,8,5,229,202,27,0,13,13,0,0,12.0,12,12,,13,0,229,13,12338,702,,,126,1,0,125,0,1,0,0,5425.531914893619,5457.228764539664,0.12987012987012986,1.0,0.06944444444444445
POST-HOC DEVELOPMENT DIAGNOSTIC,NOT FINAL EFFICACY,NOT PARAMETER SELECTION,NO METHOD CHANGE AUTHORIZED,bin10,bin10,re2tt_ts-auth-service_cpu_2,ts-auth-service,cpu,63f914383963739b,G,MTL,10.0,0.01,0.01,10,12,6,1,8,5,241,194,27,20,5,5,0,0,12.0,12,12,,5,0,241,5,12950,270,15258.599750455203,0.0,126,0,0,126,0,0,0,0,5425.531914893619,5780.141843971632,0.48214285714285715,0.675,0.375
POST-HOC DEVELOPMENT DIAGNOSTIC,NOT FINAL EFFICACY,NOT PARAMETER SELECTION,NO METHOD CHANGE AUTHORIZED,bin10,bin10,re2tt_ts-auth-service_cpu_2,ts-auth-service,cpu,63f914383963739b,L,MTL,10.0,0.01,0.01,10,12,6,1,8,5,241,194,27,20,5,5,0,0,12.0,12,12,,5,0,241,5,12950,270,15228.037834244054,0.0,126,0,0,126,0,0,0,0,7021.276595744682,6893.942109228374,0.41904761904761906,0.6666666666666666,0.3055555555555556
POST-HOC DEVELOPMENT DIAGNOSTIC,NOT FINAL EFFICACY,NOT PARAMETER SELECTION,NO METHOD CHANGE AUTHORIZED,bin10,bin10,re2tt_ts-auth-service_cpu_2,ts-auth-service,cpu,63f914383963739b,ALL,MTL,10.0,0.01,0.01,10,12,6,1,8,5,241,194,27,20,5,5,0,0,12.0,12,12,,5,0,241,5,12950,270,15224.133752161426,0.0,126,0,0,126,0,0,0,0,5425.531914893619,5457.228764539664,0.44036697247706424,0.6486486486486487,0.3333333333333333
POST-HOC DEVELOPMENT DIAGNOSTIC,NOT FINAL EFFICACY,NOT PARAMETER SELECTION,NO METHOD CHANGE AUTHORIZED,bin10,bin10,re2tt_ts-auth-service_cpu_2,ts-auth-service,cpu,63f914383963739b,G,MT,10.0,0.01,0.01,10,12,6,1,8,5,221,194,27,0,5,5,0,0,12.0,12,12,,5,0,221,5,11870,270,,,126,0,0,126,0,0,0,0,5425.531914893619,5780.141843971632,0.48214285714285715,0.675,0.375
POST-HOC DEVELOPMENT DIAGNOSTIC,NOT FINAL EFFICACY,NOT PARAMETER SELECTION,NO METHOD CHANGE AUTHORIZED,bin10,bin10,re2tt_ts-auth-service_cpu_2,ts-auth-service,cpu,63f914383963739b,L,MT,10.0,0.01,0.01,10,12,6,1,8,5,221,194,27,0,5,5,0,0,12.0,12,12,,5,0,221,5,11870,270,,,126,0,0,126,0,0,0,0,7021.276595744682,6893.942109228374,0.41904761904761906,0.6666666666666666,0.3055555555555556
POST-HOC DEVELOPMENT DIAGNOSTIC,NOT FINAL EFFICACY,NOT PARAMETER SELECTION,NO METHOD CHANGE AUTHORIZED,bin10,bin10,re2tt_ts-auth-service_cpu_2,ts-auth-service,cpu,63f914383963739b,ALL,MT,10.0,0.01,0.01,10,12,6,1,8,5,221,194,27,0,5,5,0,0,12.0,12,12,,5,0,221,5,11870,270,,,126,0,0,126,0,0,0,0,5425.531914893619,5457.228764539664,0.44036697247706424,0.6486486486486487,0.3333333333333333
POST-HOC DEVELOPMENT DIAGNOSTIC,NOT FINAL EFFICACY,NOT PARAMETER SELECTION,NO METHOD CHANGE AUTHORIZED,bin10,bin10,re2tt_ts-auth-service_cpu_3,ts-auth-service,cpu,45e43770afa33cef,G,MTL,10.0,0.01,0.01,10,12,6,1,8,5,247,200,27,20,11,11,0,0,12.0,12,12,,11,0,245,11,13200,594,14232.288634960842,0.0,126,0,0,126,0,0,0,0,5425.531914893619,5780.141843971632,0.0,0.0,0.0
POST-HOC DEVELOPMENT DIAGNOSTIC,NOT FINAL EFFICACY,NOT PARAMETER SELECTION,NO METHOD CHANGE AUTHORIZED,bin10,bin10,re2tt_ts-auth-service_cpu_3,ts-auth-service,cpu,45e43770afa33cef,L,MTL,10.0,0.01,0.01,10,12,6,1,8,5,247,200,27,20,11,11,0,0,12.0,12,12,,11,0,245,11,13200,594,14253.041785429792,0.0,126,0,0,126,0,0,0,0,7021.276595744682,6893.942109228374,0.0,0.0,0.0
POST-HOC DEVELOPMENT DIAGNOSTIC,NOT FINAL EFFICACY,NOT PARAMETER SELECTION,NO METHOD CHANGE AUTHORIZED,bin10,bin10,re2tt_ts-auth-service_cpu_3,ts-auth-service,cpu,45e43770afa33cef,ALL,MTL,10.0,0.01,0.01,10,12,6,1,8,5,247,200,27,20,11,11,0,0,12.0,12,12,,11,0,245,11,13200,594,14260.541101142338,0.0,126,0,0,126,0,0,0,0,5425.531914893619,5457.228764539664,0.0,0.0,0.0
POST-HOC DEVELOPMENT DIAGNOSTIC,NOT FINAL EFFICACY,NOT PARAMETER SELECTION,NO METHOD CHANGE AUTHORIZED,bin10,bin10,re2tt_ts-auth-service_cpu_3,ts-auth-service,cpu,45e43770afa33cef,G,MT,10.0,0.01,0.01,10,12,6,1,8,5,227,200,27,0,11,11,0,0,12.0,12,12,,11,0,225,11,12120,594,,,126,0,0,126,0,0,0,0,5425.531914893619,5780.141843971632,0.0,0.0,0.0
POST-HOC DEVELOPMENT DIAGNOSTIC,NOT FINAL EFFICACY,NOT PARAMETER SELECTION,NO METHOD CHANGE AUTHORIZED,bin10,bin10,re2tt_ts-auth-service_cpu_3,ts-auth-service,cpu,45e43770afa33cef,L,MT,10.0,0.01,0.01,10,12,6,1,8,5,227,200,27,0,11,11,0,0,12.0,12,12,,11,0,225,11,12120,594,,,126,0,0,126,0,0,0,0,7021.276595744682,6893.942109228374,0.0,0.0,0.0
POST-HOC DEVELOPMENT DIAGNOSTIC,NOT FINAL EFFICACY,NOT PARAMETER SELECTION,NO METHOD CHANGE AUTHORIZED,bin10,bin10,re2tt_ts-auth-service_cpu_3,ts-auth-service,cpu,45e43770afa33cef,ALL,MT,10.0,0.01,0.01,10,12,6,1,8,5,227,200,27,0,11,11,0,0,12.0,12,12,,11,0,225,11,12120,594,,,126,0,0,126,0,0,0,0,5425.531914893619,5457.228764539664,0.0,0.0,0.0
POST-HOC DEVELOPMENT DIAGNOSTIC,NOT FINAL EFFICACY,NOT PARAMETER SELECTION,NO METHOD CHANGE AUTHORIZED,bin10,bin10,re2tt_ts-auth-service_delay_1,ts-auth-service,delay,87443a2d6d14434c,G,MTL,10.0,0.01,0.01,10,12,6,1,8,5,251,203,27,21,15,14,0,1,12.0,12,12,2.0,12,0,251,15,13526,810,29165110795227.773,29165110780821.688,126,3,0,123,0,3,0,0,5957.446808510638,5780.141843971632,0.07792207792207792,0.6,0.041666666666666664
POST-HOC DEVELOPMENT DIAGNOSTIC,NOT FINAL EFFICACY,NOT PARAMETER SELECTION,NO METHOD CHANGE AUTHORIZED,bin10,bin10,re2tt_ts-auth-service_delay_1,ts-auth-service,delay,87443a2d6d14434c,L,MTL,10.0,0.01,0.01,10,12,6,1,8,5,251,203,27,21,15,14,0,1,12.0,12,12,2.0,12,0,251,15,13526,810,29152236680218.25,29152236665806.79,126,3,0,123,0,3,0,0,7021.276595744682,6893.942109228374,0.08,1.0,0.041666666666666664
POST-HOC DEVELOPMENT DIAGNOSTIC,NOT FINAL EFFICACY,NOT PARAMETER SELECTION,NO METHOD CHANGE AUTHORIZED,bin10,bin10,re2tt_ts-auth-service_delay_1,ts-auth-service,delay,87443a2d6d14434c,ALL,MTL,10.0,0.01,0.01,10,12,6,1,8,5,251,203,27,21,15,14,0,1,12.0,12,12,2.0,12,0,251,15,13526,810,29241605347125.266,29241605332729.22,126,4,0,122,0,4,0,0,5957.446808510638,5457.228764539664,0.10526315789473684,1.0,0.05555555555555555
POST-HOC DEVELOPMENT DIAGNOSTIC,NOT FINAL EFFICACY,NOT PARAMETER SELECTION,NO METHOD CHANGE AUTHORIZED,bin10,bin10,re2tt_ts-auth-service_delay_1,ts-auth-service,delay,87443a2d6d14434c,G,MT,10.0,0.01,0.01,10,12,6,1,8,5,230,203,27,0,14,14,0,0,12.0,12,12,,12,0,230,14,12392,756,,,126,3,0,123,0,3,0,0,5957.446808510638,5780.141843971632,0.07792207792207792,0.6,0.041666666666666664
POST-HOC DEVELOPMENT DIAGNOSTIC,NOT FINAL EFFICACY,NOT PARAMETER SELECTION,NO METHOD CHANGE AUTHORIZED,bin10,bin10,re2tt_ts-auth-service_delay_1,ts-auth-service,delay,87443a2d6d14434c,L,MT,10.0,0.01,0.01,10,12,6,1,8,5,230,203,27,0,14,14,0,0,12.0,12,12,,12,0,230,14,12392,756,,,126,3,0,123,0,3,0,0,7021.276595744682,6893.942109228374,0.08,1.0,0.041666666666666664
POST-HOC DEVELOPMENT DIAGNOSTIC,NOT FINAL EFFICACY,NOT PARAMETER SELECTION,NO METHOD CHANGE AUTHORIZED,bin10,bin10,re2tt_ts-auth-service_delay_1,ts-auth-service,delay,87443a2d6d14434c,ALL,MT,10.0,0.01,0.01,10,12,6,1,8,5,230,203,27,0,14,14,0,0,12.0,12,12,,12,0,230,14,12392,756,,,126,4,0,122,0,4,0,0,5957.446808510638,5457.228764539664,0.10526315789473684,1.0,0.05555555555555555
POST-HOC DEVELOPMENT DIAGNOSTIC,NOT FINAL EFFICACY,NOT PARAMETER SELECTION,NO METHOD CHANGE AUTHORIZED,bin10,bin10,re2tt_ts-auth-service_delay_2,ts-auth-service,delay,24851f5149e4321a,G,MTL,10.0,0.01,0.01,10,12,6,1,8,5,238,191,27,20,2,2,0,0,12.0,12,12,,2,0,226,2,12204,108,27103.60413498464,0.0,126,0,0,126,0,0,0,0,5957.446808510638,5780.141843971632,0.07692307692307693,0.5,0.041666666666666664
POST-HOC DEVELOPMENT DIAGNOSTIC,NOT FINAL EFFICACY,NOT PARAMETER SELECTION,NO METHOD CHANGE AUTHORIZED,bin10,bin10,re2tt_ts-auth-service_delay_2,ts-auth-service,delay,24851f5149e4321a,L,MTL,10.0,0.01,0.01,10,12,6,1,8,5,238,191,27,20,2,2,0,0,12.0,12,12,,2,0,226,2,12204,108,27304.858968206943,0.0,126,0,0,126,0,0,0,0,7021.276595744682,6893.942109228374,0.0,0.0,0.0
POST-HOC DEVELOPMENT DIAGNOSTIC,NOT FINAL EFFICACY,NOT PARAMETER SELECTION,NO METHOD CHANGE AUTHORIZED,bin10,bin10,re2tt_ts-auth-service_delay_2,ts-auth-service,delay,24851f5149e4321a,ALL,MTL,10.0,0.01,0.01,10,12,6,1,8,5,238,191,27,20,2,2,0,0,12.0,12,12,,2,0,226,2,12204,108,26990.037579933356,0.0,126,0,0,126,0,0,0,0,5957.446808510638,5457.228764539664,0.07692307692307693,0.5,0.041666666666666664
POST-HOC DEVELOPMENT DIAGNOSTIC,NOT FINAL EFFICACY,NOT PARAMETER SELECTION,NO METHOD CHANGE AUTHORIZED,bin10,bin10,re2tt_ts-auth-service_delay_2,ts-auth-service,delay,24851f5149e4321a,G,MT,10.0,0.01,0.01,10,12,6,1,8,5,218,191,27,0,2,2,0,0,12.0,12,12,,2,0,206,2,11124,108,,,126,0,0,126,0,0,0,0,5957.446808510638,5780.141843971632,0.07692307692307693,0.5,0.041666666666666664
POST-HOC DEVELOPMENT DIAGNOSTIC,NOT FINAL EFFICACY,NOT PARAMETER SELECTION,NO METHOD CHANGE AUTHORIZED,bin10,bin10,re2tt_ts-auth-service_delay_2,ts-auth-service,delay,24851f5149e4321a,L,MT,10.0,0.01,0.01,10,12,6,1,8,5,218,191,27,0,2,2,0,0,12.0,12,12,,2,0,206,2,11124,108,,,126,0,0,126,0,0,0,0,7021.276595744682,6893.942109228374,0.0,0.0,0.0
POST-HOC DEVELOPMENT DIAGNOSTIC,NOT FINAL EFFICACY,NOT PARAMETER SELECTION,NO METHOD CHANGE AUTHORIZED,bin10,bin10,re2tt_ts-auth-service_delay_2,ts-auth-service,delay,24851f5149e4321a,ALL,MT,10.0,0.01,0.01,10,12,6,1,8,5,218,191,27,0,2,2,0,0,12.0,12,12,,2,0,206,2,11124,108,,,126,0,0,126,0,0,0,0,5957.446808510638,5457.228764539664,0.07692307692307693,0.5,0.041666666666666664
POST-HOC DEVELOPMENT DIAGNOSTIC,NOT FINAL EFFICACY,NOT PARAMETER SELECTION,NO METHOD CHANGE AUTHORIZED,bin10,bin10,re2tt_ts-auth-service_delay_3,ts-auth-service,delay,549b2f655fc55fd1,G,MTL,10.0,0.01,0.01,10,12,6,1,8,5,239,192,27,20,3,3,0,0,12.0,12,12,,3,0,239,3,12866,162,16120.841090650847,0.0,126,0,0,126,0,0,0,0,5957.446808510638,5780.141843971632,0.0,0.0,0.0
POST-HOC DEVELOPMENT DIAGNOSTIC,NOT FINAL EFFICACY,NOT PARAMETER SELECTION,NO METHOD CHANGE AUTHORIZED,bin10,bin10,re2tt_ts-auth-service_delay_3,ts-auth-service,delay,549b2f655fc55fd1,L,MTL,10.0,0.01,0.01,10,12,6,1,8,5,239,192,27,20,3,3,0,0,12.0,12,12,,3,0,239,3,12866,162,16421.421583421044,0.0,126,0,0,126,0,0,0,0,7021.276595744682,6893.942109228374,0.0,0.0,0.0
POST-HOC DEVELOPMENT DIAGNOSTIC,NOT FINAL EFFICACY,NOT PARAMETER SELECTION,NO METHOD CHANGE AUTHORIZED,bin10,bin10,re2tt_ts-auth-service_delay_3,ts-auth-service,delay,549b2f655fc55fd1,ALL,MTL,10.0,0.01,0.01,10,12,6,1,8,5,239,192,27,20,3,3,0,0,12.0,12,12,,3,0,239,3,12866,162,15981.286721987004,0.0,126,0,0,126,0,0,0,0,5957.446808510638,5457.228764539664,0.0,0.0,0.0
POST-HOC DEVELOPMENT DIAGNOSTIC,NOT FINAL EFFICACY,NOT PARAMETER SELECTION,NO METHOD CHANGE AUTHORIZED,bin10,bin10,re2tt_ts-auth-service_delay_3,ts-auth-service,delay,549b2f655fc55fd1,G,MT,10.0,0.01,0.01,10,12,6,1,8,5,219,192,27,0,3,3,0,0,12.0,12,12,,3,0,219,3,11786,162,,,126,0,0,126,0,0,0,0,5957.446808510638,5780.141843971632,0.0,0.0,0.0
POST-HOC DEVELOPMENT DIAGNOSTIC,NOT FINAL EFFICACY,NOT PARAMETER SELECTION,NO METHOD CHANGE AUTHORIZED,bin10,bin10,re2tt_ts-auth-service_delay_3,ts-auth-service,delay,549b2f655fc55fd1,L,MT,10.0,0.01,0.01,10,12,6,1,8,5,219,192,27,0,3,3,0,0,12.0,12,12,,3,0,219,3,11786,162,,,126,0,0,126,0,0,0,0,7021.276595744682,6893.942109228374,0.0,0.0,0.0
POST-HOC DEVELOPMENT DIAGNOSTIC,NOT FINAL EFFICACY,NOT PARAMETER SELECTION,NO METHOD CHANGE AUTHORIZED,bin10,bin10,re2tt_ts-auth-service_delay_3,ts-auth-service,delay,549b2f655fc55fd1,ALL,MT,10.0,0.01,0.01,10,12,6,1,8,5,219,192,27,0,3,3,0,0,12.0,12,12,,3,0,219,3,11786,162,,,126,0,0,126,0,0,0,0,5957.446808510638,5457.228764539664,0.0,0.0,0.0
POST-HOC DEVELOPMENT DIAGNOSTIC,NOT FINAL EFFICACY,NOT PARAMETER SELECTION,NO METHOD CHANGE AUTHORIZED,bin10,bin10,re2tt_ts-order-service_disk_1,ts-order-service,disk,4bdb62f38b122bbc,G,MTL,10.0,0.01,0.01,10,12,6,1,8,5,250,203,27,20,13,11,1,1,12.0,12,12,2.0,11,0,234,13,12632,702,151986485551882.7,151986485540725.7,126,0,0,126,0,0,0,0,5425.531914893619,5780.141843971632,0.993006993006993,1.0,0.9861111111111112
POST-HOC DEVELOPMENT DIAGNOSTIC,NOT FINAL EFFICACY,NOT PARAMETER SELECTION,NO METHOD CHANGE AUTHORIZED,bin10,bin10,re2tt_ts-order-service_disk_1,ts-order-service,disk,4bdb62f38b122bbc,L,MTL,10.0,0.01,0.01,10,12,6,1,8,5,250,203,27,20,13,11,1,1,12.0,12,12,2.0,11,0,234,13,12632,702,151992872193301.4,151992872182131.56,126,0,0,126,0,0,0,0,7021.276595744682,6893.942109228374,0.9787234042553191,1.0,0.9583333333333334
POST-HOC DEVELOPMENT DIAGNOSTIC,NOT FINAL EFFICACY,NOT PARAMETER SELECTION,NO METHOD CHANGE AUTHORIZED,bin10,bin10,re2tt_ts-order-service_disk_1,ts-order-service,disk,4bdb62f38b122bbc,ALL,MTL,10.0,0.01,0.01,10,12,6,1,8,5,250,203,27,20,13,11,1,1,12.0,12,12,2.0,11,0,234,13,12632,702,151982999907804.12,151982999896563.44,126,0,0,126,0,0,0,0,5425.531914893619,5457.228764539664,0.993006993006993,1.0,0.9861111111111112
POST-HOC DEVELOPMENT DIAGNOSTIC,NOT FINAL EFFICACY,NOT PARAMETER SELECTION,NO METHOD CHANGE AUTHORIZED,bin10,bin10,re2tt_ts-order-service_disk_1,ts-order-service,disk,4bdb62f38b122bbc,G,MT,10.0,0.01,0.01,10,12,6,1,8,5,230,203,27,0,12,11,1,0,12.0,12,12,2.0,11,0,214,12,11552,648,,,126,0,0,126,0,0,0,0,5425.531914893619,5780.141843971632,0.993006993006993,1.0,0.9861111111111112
POST-HOC DEVELOPMENT DIAGNOSTIC,NOT FINAL EFFICACY,NOT PARAMETER SELECTION,NO METHOD CHANGE AUTHORIZED,bin10,bin10,re2tt_ts-order-service_disk_1,ts-order-service,disk,4bdb62f38b122bbc,L,MT,10.0,0.01,0.01,10,12,6,1,8,5,230,203,27,0,12,11,1,0,12.0,12,12,2.0,11,0,214,12,11552,648,,,126,0,0,126,0,0,0,0,7021.276595744682,6893.942109228374,0.9787234042553191,1.0,0.9583333333333334
POST-HOC DEVELOPMENT DIAGNOSTIC,NOT FINAL EFFICACY,NOT PARAMETER SELECTION,NO METHOD CHANGE AUTHORIZED,bin10,bin10,re2tt_ts-order-service_disk_1,ts-order-service,disk,4bdb62f38b122bbc,ALL,MT,10.0,0.01,0.01,10,12,6,1,8,5,230,203,27,0,12,11,1,0,12.0,12,12,2.0,11,0,214,12,11552,648,,,126,0,0,126,0,0,0,0,5425.531914893619,5457.228764539664,0.993006993006993,1.0,0.9861111111111112
POST-HOC DEVELOPMENT DIAGNOSTIC,NOT FINAL EFFICACY,NOT PARAMETER SELECTION,NO METHOD CHANGE AUTHORIZED,bin10,bin10,re2tt_ts-order-service_disk_2,ts-order-service,disk,b0a2dcc878eeefa3,G,MTL,10.0,0.01,0.01,10,12,6,1,8,5,176,142,20,14,2,2,0,0,12.0,12,12,,2,0,176,2,9504,108,18036.057116857675,0.0,126,0,0,126,0,0,0,0,5425.531914893619,5780.141843971632,0.9790209790209791,0.9859154929577465,0.9722222222222222
POST-HOC DEVELOPMENT DIAGNOSTIC,NOT FINAL EFFICACY,NOT PARAMETER SELECTION,NO METHOD CHANGE AUTHORIZED,bin10,bin10,re2tt_ts-order-service_disk_2,ts-order-service,disk,b0a2dcc878eeefa3,L,MTL,10.0,0.01,0.01,10,12,6,1,8,5,176,142,20,14,2,2,0,0,12.0,12,12,,2,0,176,2,9504,108,17605.19297106835,0.0,126,0,0,126,0,0,0,0,7021.276595744682,6893.942109228374,0.9859154929577465,1.0,0.9722222222222222
POST-HOC DEVELOPMENT DIAGNOSTIC,NOT FINAL EFFICACY,NOT PARAMETER SELECTION,NO METHOD CHANGE AUTHORIZED,bin10,bin10,re2tt_ts-order-service_disk_2,ts-order-service,disk,b0a2dcc878eeefa3,ALL,MTL,10.0,0.01,0.01,10,12,6,1,8,5,176,142,20,14,2,2,0,0,12.0,12,12,,2,0,176,2,9504,108,17649.306902451328,0.0,126,0,0,126,0,0,0,0,5425.531914893619,5457.228764539664,0.9790209790209791,0.9859154929577465,0.9722222222222222
POST-HOC DEVELOPMENT DIAGNOSTIC,NOT FINAL EFFICACY,NOT PARAMETER SELECTION,NO METHOD CHANGE AUTHORIZED,bin10,bin10,re2tt_ts-order-service_disk_2,ts-order-service,disk,b0a2dcc878eeefa3,G,MT,10.0,0.01,0.01,10,12,6,1,8,5,162,142,20,0,2,2,0,0,12.0,12,12,,2,0,162,2,8748,108,,,126,0,0,126,0,0,0,0,5425.531914893619,5780.141843971632,0.9790209790209791,0.9859154929577465,0.9722222222222222
POST-HOC DEVELOPMENT DIAGNOSTIC,NOT FINAL EFFICACY,NOT PARAMETER SELECTION,NO METHOD CHANGE AUTHORIZED,bin10,bin10,re2tt_ts-order-service_disk_2,ts-order-service,disk,b0a2dcc878eeefa3,L,MT,10.0,0.01,0.01,10,12,6,1,8,5,162,142,20,0,2,2,0,0,12.0,12,12,,2,0,162,2,8748,108,,,126,0,0,126,0,0,0,0,7021.276595744682,6893.942109228374,0.9859154929577465,1.0,0.9722222222222222
POST-HOC DEVELOPMENT DIAGNOSTIC,NOT FINAL EFFICACY,NOT PARAMETER SELECTION,NO METHOD CHANGE AUTHORIZED,bin10,bin10,re2tt_ts-order-service_disk_2,ts-order-service,disk,b0a2dcc878eeefa3,ALL,MT,10.0,0.01,0.01,10,12,6,1,8,5,162,142,20,0,2,2,0,0,12.0,12,12,,2,0,162,2,8748,108,,,126,0,0,126,0,0,0,0,5425.531914893619,5457.228764539664,0.9790209790209791,0.9859154929577465,0.9722222222222222
POST-HOC DEVELOPMENT DIAGNOSTIC,NOT FINAL EFFICACY,NOT PARAMETER SELECTION,NO METHOD CHANGE AUTHORIZED,bin10,bin10,re2tt_ts-order-service_disk_3,ts-order-service,disk,9b847bd8f23c07af,G,MTL,10.0,0.01,0.01,10,12,6,1,8,5,176,142,20,14,2,2,0,0,12.0,12,12,,2,0,176,2,9496,108,20959.077732831567,0.0,126,0,0,126,0,0,0,0,5425.531914893619,5780.141843971632,0.958904109589041,0.9459459459459459,0.9722222222222222
POST-HOC DEVELOPMENT DIAGNOSTIC,NOT FINAL EFFICACY,NOT PARAMETER SELECTION,NO METHOD CHANGE AUTHORIZED,bin10,bin10,re2tt_ts-order-service_disk_3,ts-order-service,disk,9b847bd8f23c07af,L,MTL,10.0,0.01,0.01,10,12,6,1,8,5,176,142,20,14,2,2,0,0,12.0,12,12,,2,0,176,2,9496,108,20988.73199031483,0.0,126,0,0,126,0,0,0,0,7021.276595744682,6893.942109228374,0.9790209790209791,0.9859154929577465,0.9722222222222222
POST-HOC DEVELOPMENT DIAGNOSTIC,NOT FINAL EFFICACY,NOT PARAMETER SELECTION,NO METHOD CHANGE AUTHORIZED,bin10,bin10,re2tt_ts-order-service_disk_3,ts-order-service,disk,9b847bd8f23c07af,ALL,MTL,10.0,0.01,0.01,10,12,6,1,8,5,176,142,20,14,2,2,0,0,12.0,12,12,,2,0,176,2,9496,108,21077.721249501745,0.0,126,0,0,126,0,0,0,0,5425.531914893619,5457.228764539664,0.958904109589041,0.9459459459459459,0.9722222222222222
POST-HOC DEVELOPMENT DIAGNOSTIC,NOT FINAL EFFICACY,NOT PARAMETER SELECTION,NO METHOD CHANGE AUTHORIZED,bin10,bin10,re2tt_ts-order-service_disk_3,ts-order-service,disk,9b847bd8f23c07af,G,MT,10.0,0.01,0.01,10,12,6,1,8,5,162,142,20,0,2,2,0,0,12.0,12,12,,2,0,162,2,8740,108,,,126,0,0,126,0,0,0,0,5425.531914893619,5780.141843971632,0.958904109589041,0.9459459459459459,0.9722222222222222
POST-HOC DEVELOPMENT DIAGNOSTIC,NOT FINAL EFFICACY,NOT PARAMETER SELECTION,NO METHOD CHANGE AUTHORIZED,bin10,bin10,re2tt_ts-order-service_disk_3,ts-order-service,disk,9b847bd8f23c07af,L,MT,10.0,0.01,0.01,10,12,6,1,8,5,162,142,20,0,2,2,0,0,12.0,12,12,,2,0,162,2,8740,108,,,126,0,0,126,0,0,0,0,7021.276595744682,6893.942109228374,0.9790209790209791,0.9859154929577465,0.9722222222222222
POST-HOC DEVELOPMENT DIAGNOSTIC,NOT FINAL EFFICACY,NOT PARAMETER SELECTION,NO METHOD CHANGE AUTHORIZED,bin10,bin10,re2tt_ts-order-service_disk_3,ts-order-service,disk,9b847bd8f23c07af,ALL,MT,10.0,0.01,0.01,10,12,6,1,8,5,162,142,20,0,2,2,0,0,12.0,12,12,,2,0,162,2,8740,108,,,126,0,0,126,0,0,0,0,5425.531914893619,5457.228764539664,0.958904109589041,0.9459459459459459,0.9722222222222222
POST-HOC DEVELOPMENT DIAGNOSTIC,NOT FINAL EFFICACY,NOT PARAMETER SELECTION,NO METHOD CHANGE AUTHORIZED,bin10,bin10,re2tt_ts-order-service_loss_1,ts-order-service,loss,cea480a087995c2a,G,MTL,10.0,0.01,0.01,10,12,6,1,8,5,252,205,27,20,16,16,0,0,12.0,12,12,,16,0,252,16,13592,864,14318.23734967606,0.0,126,5,0,121,0,5,0,0,5425.531914893619,5780.141843971632,0.9640287769784173,1.0,0.9305555555555556
POST-HOC DEVELOPMENT DIAGNOSTIC,NOT FINAL EFFICACY,NOT PARAMETER SELECTION,NO METHOD CHANGE AUTHORIZED,bin10,bin10,re2tt_ts-order-service_loss_1,ts-order-service,loss,cea480a087995c2a,L,MTL,10.0,0.01,0.01,10,12,6,1,8,5,252,205,27,20,16,16,0,0,12.0,12,12,,16,0,252,16,13592,864,14179.764240222594,0.0,126,5,0,121,0,5,0,0,7021.276595744682,6893.942109228374,0.9640287769784173,1.0,0.9305555555555556
POST-HOC DEVELOPMENT DIAGNOSTIC,NOT FINAL EFFICACY,NOT PARAMETER SELECTION,NO METHOD CHANGE AUTHORIZED,bin10,bin10,re2tt_ts-order-service_loss_1,ts-order-service,loss,cea480a087995c2a,ALL,MTL,10.0,0.01,0.01,10,12,6,1,8,5,252,205,27,20,16,16,0,0,12.0,12,12,,16,0,252,16,13592,864,14170.040993645682,0.0,126,5,0,121,0,5,0,0,5425.531914893619,5457.228764539664,0.9640287769784173,1.0,0.9305555555555556
POST-HOC DEVELOPMENT DIAGNOSTIC,NOT FINAL EFFICACY,NOT PARAMETER SELECTION,NO METHOD CHANGE AUTHORIZED,bin10,bin10,re2tt_ts-order-service_loss_1,ts-order-service,loss,cea480a087995c2a,G,MT,10.0,0.01,0.01,10,12,6,1,8,5,232,205,27,0,16,16,0,0,12.0,12,12,,16,0,232,16,12512,864,,,126,5,0,121,0,5,0,0,5425.531914893619,5780.141843971632,0.9640287769784173,1.0,0.9305555555555556
POST-HOC DEVELOPMENT DIAGNOSTIC,NOT FINAL EFFICACY,NOT PARAMETER SELECTION,NO METHOD CHANGE AUTHORIZED,bin10,bin10,re2tt_ts-order-service_loss_1,ts-order-service,loss,cea480a087995c2a,L,MT,10.0,0.01,0.01,10,12,6,1,8,5,232,205,27,0,16,16,0,0,12.0,12,12,,16,0,232,16,12512,864,,,126,5,0,121,0,5,0,0,7021.276595744682,6893.942109228374,0.9640287769784173,1.0,0.9305555555555556
POST-HOC DEVELOPMENT DIAGNOSTIC,NOT FINAL EFFICACY,NOT PARAMETER SELECTION,NO METHOD CHANGE AUTHORIZED,bin10,bin10,re2tt_ts-order-service_loss_1,ts-order-service,loss,cea480a087995c2a,ALL,MT,10.0,0.01,0.01,10,12,6,1,8,5,232,205,27,0,16,16,0,0,12.0,12,12,,16,0,232,16,12512,864,,,126,5,0,121,0,5,0,0,5425.531914893619,5457.228764539664,0.9640287769784173,1.0,0.9305555555555556
POST-HOC DEVELOPMENT DIAGNOSTIC,NOT FINAL EFFICACY,NOT PARAMETER SELECTION,NO METHOD CHANGE AUTHORIZED,bin10,bin10,re2tt_ts-order-service_loss_2,ts-order-service,loss,f900792c9a1f5622,G,MTL,10.0,0.01,0.01,10,12,6,1,8,5,181,147,20,14,7,7,0,0,12.0,12,12,,7,0,181,7,9770,378,9750.462748550934,0.0,126,0,0,126,0,0,0,0,5425.531914893619,5780.141843971632,0.36,0.6428571428571429,0.25
POST-HOC DEVELOPMENT DIAGNOSTIC,NOT FINAL EFFICACY,NOT PARAMETER SELECTION,NO METHOD CHANGE AUTHORIZED,bin10,bin10,re2tt_ts-order-service_loss_2,ts-order-service,loss,f900792c9a1f5622,L,MTL,10.0,0.01,0.01,10,12,6,1,8,5,181,147,20,14,7,7,0,0,12.0,12,12,,7,0,181,7,9770,378,9761.162803733838,0.0,126,0,0,126,0,0,0,0,7021.276595744682,6893.942109228374,0.24175824175824176,0.5789473684210527,0.1527777777777778
POST-HOC DEVELOPMENT DIAGNOSTIC,NOT FINAL EFFICACY,NOT PARAMETER SELECTION,NO METHOD CHANGE AUTHORIZED,bin10,bin10,re2tt_ts-order-service_loss_2,ts-order-service,loss,f900792c9a1f5622,ALL,MTL,10.0,0.01,0.01,10,12,6,1,8,5,181,147,20,14,7,7,0,0,12.0,12,12,,7,0,181,7,9770,378,9763.019015228954,0.0,126,0,0,126,0,0,0,0,5425.531914893619,5457.228764539664,0.36,0.6428571428571429,0.25
POST-HOC DEVELOPMENT DIAGNOSTIC,NOT FINAL EFFICACY,NOT PARAMETER SELECTION,NO METHOD CHANGE AUTHORIZED,bin10,bin10,re2tt_ts-order-service_loss_2,ts-order-service,loss,f900792c9a1f5622,G,MT,10.0,0.01,0.01,10,12,6,1,8,5,167,147,20,0,7,7,0,0,12.0,12,12,,7,0,167,7,9014,378,,,126,0,0,126,0,0,0,0,5425.531914893619,5780.141843971632,0.36,0.6428571428571429,0.25
POST-HOC DEVELOPMENT DIAGNOSTIC,NOT FINAL EFFICACY,NOT PARAMETER SELECTION,NO METHOD CHANGE AUTHORIZED,bin10,bin10,re2tt_ts-order-service_loss_2,ts-order-service,loss,f900792c9a1f5622,L,MT,10.0,0.01,0.01,10,12,6,1,8,5,167,147,20,0,7,7,0,0,12.0,12,12,,7,0,167,7,9014,378,,,126,0,0,126,0,0,0,0,7021.276595744682,6893.942109228374,0.24175824175824176,0.5789473684210527,0.1527777777777778
POST-HOC DEVELOPMENT DIAGNOSTIC,NOT FINAL EFFICACY,NOT PARAMETER SELECTION,NO METHOD CHANGE AUTHORIZED,bin10,bin10,re2tt_ts-order-service_loss_2,ts-order-service,loss,f900792c9a1f5622,ALL,MT,10.0,0.01,0.01,10,12,6,1,8,5,167,147,20,0,7,7,0,0,12.0,12,12,,7,0,167,7,9014,378,,,126,0,0,126,0,0,0,0,5425.531914893619,5457.228764539664,0.36,0.6428571428571429,0.25
POST-HOC DEVELOPMENT DIAGNOSTIC,NOT FINAL EFFICACY,NOT PARAMETER SELECTION,NO METHOD CHANGE AUTHORIZED,bin10,bin10,re2tt_ts-order-service_loss_3,ts-order-service,loss,9d1464b4fb8a49c0,G,MTL,10.0,0.01,0.01,10,12,6,1,8,5,181,147,20,14,7,7,0,0,12.0,12,12,,7,0,181,7,9774,378,11769.290399566527,0.0,126,0,0,126,0,0,0,0,5425.531914893619,5780.141843971632,0.05405405405405406,1.0,0.027777777777777776
POST-HOC DEVELOPMENT DIAGNOSTIC,NOT FINAL EFFICACY,NOT PARAMETER SELECTION,NO METHOD CHANGE AUTHORIZED,bin10,bin10,re2tt_ts-order-service_loss_3,ts-order-service,loss,9d1464b4fb8a49c0,L,MTL,10.0,0.01,0.01,10,12,6,1,8,5,181,147,20,14,7,7,0,0,12.0,12,12,,7,0,181,7,9774,378,11802.188923824408,0.0,126,0,0,126,0,0,0,0,7021.276595744682,6893.942109228374,0.15384615384615385,1.0,0.08333333333333333
POST-HOC DEVELOPMENT DIAGNOSTIC,NOT FINAL EFFICACY,NOT PARAMETER SELECTION,NO METHOD CHANGE AUTHORIZED,bin10,bin10,re2tt_ts-order-service_loss_3,ts-order-service,loss,9d1464b4fb8a49c0,ALL,MTL,10.0,0.01,0.01,10,12,6,1,8,5,181,147,20,14,7,7,0,0,12.0,12,12,,7,0,181,7,9774,378,11812.932654547738,0.0,126,0,0,126,0,0,0,0,5425.531914893619,5457.228764539664,0.17721518987341772,1.0,0.09722222222222222
POST-HOC DEVELOPMENT DIAGNOSTIC,NOT FINAL EFFICACY,NOT PARAMETER SELECTION,NO METHOD CHANGE AUTHORIZED,bin10,bin10,re2tt_ts-order-service_loss_3,ts-order-service,loss,9d1464b4fb8a49c0,G,MT,10.0,0.01,0.01,10,12,6,1,8,5,167,147,20,0,7,7,0,0,12.0,12,12,,7,0,167,7,9018,378,,,126,0,0,126,0,0,0,0,5425.531914893619,5780.141843971632,0.05405405405405406,1.0,0.027777777777777776
POST-HOC DEVELOPMENT DIAGNOSTIC,NOT FINAL EFFICACY,NOT PARAMETER SELECTION,NO METHOD CHANGE AUTHORIZED,bin10,bin10,re2tt_ts-order-service_loss_3,ts-order-service,loss,9d1464b4fb8a49c0,L,MT,10.0,0.01,0.01,10,12,6,1,8,5,167,147,20,0,7,7,0,0,12.0,12,12,,7,0,167,7,9018,378,,,126,0,0,126,0,0,0,0,7021.276595744682,6893.942109228374,0.15384615384615385,1.0,0.08333333333333333
POST-HOC DEVELOPMENT DIAGNOSTIC,NOT FINAL EFFICACY,NOT PARAMETER SELECTION,NO METHOD CHANGE AUTHORIZED,bin10,bin10,re2tt_ts-order-service_loss_3,ts-order-service,loss,9d1464b4fb8a49c0,ALL,MT,10.0,0.01,0.01,10,12,6,1,8,5,167,147,20,0,7,7,0,0,12.0,12,12,,7,0,167,7,9018,378,,,126,0,0,126,0,0,0,0,5425.531914893619,5457.228764539664,0.17721518987341772,1.0,0.09722222222222222
POST-HOC DEVELOPMENT DIAGNOSTIC,NOT FINAL EFFICACY,NOT PARAMETER SELECTION,NO METHOD CHANGE AUTHORIZED,bin10,bin10,re2tt_ts-route-service_mem_1,ts-route-service,mem,58e365eed32084b4,G,MTL,10.0,0.01,0.01,10,12,6,1,8,5,246,199,27,20,10,10,0,0,12.0,12,12,,9,0,242,10,13022,540,14699.151436048447,0.0,126,8,0,118,0,8,0,0,5957.446808510639,5780.141843971632,0.993006993006993,1.0,0.9861111111111112
POST-HOC DEVELOPMENT DIAGNOSTIC,NOT FINAL EFFICACY,NOT PARAMETER SELECTION,NO METHOD CHANGE AUTHORIZED,bin10,bin10,re2tt_ts-route-service_mem_1,ts-route-service,mem,58e365eed32084b4,L,MTL,10.0,0.01,0.01,10,12,6,1,8,5,246,199,27,20,10,10,0,0,12.0,12,12,,9,0,242,10,13022,540,14759.167193924488,0.0,126,8,0,118,0,8,0,0,6489.361702127662,6893.942109228374,0.993006993006993,1.0,0.9861111111111112
POST-HOC DEVELOPMENT DIAGNOSTIC,NOT FINAL EFFICACY,NOT PARAMETER SELECTION,NO METHOD CHANGE AUTHORIZED,bin10,bin10,re2tt_ts-route-service_mem_1,ts-route-service,mem,58e365eed32084b4,ALL,MTL,10.0,0.01,0.01,10,12,6,1,8,5,246,199,27,20,10,10,0,0,12.0,12,12,,9,0,242,10,13022,540,14774.528199679018,0.0,126,8,0,118,0,8,0,0,5957.446808510638,5457.228764539664,0.993006993006993,1.0,0.9861111111111112
POST-HOC DEVELOPMENT DIAGNOSTIC,NOT FINAL EFFICACY,NOT PARAMETER SELECTION,NO METHOD CHANGE AUTHORIZED,bin10,bin10,re2tt_ts-route-service_mem_1,ts-route-service,mem,58e365eed32084b4,G,MT,10.0,0.01,0.01,10,12,6,1,8,5,226,199,27,0,10,10,0,0,12.0,12,12,,9,0,222,10,11942,540,,,126,8,0,118,0,8,0,0,5957.446808510639,5780.141843971632,0.993006993006993,1.0,0.9861111111111112
POST-HOC DEVELOPMENT DIAGNOSTIC,NOT FINAL EFFICACY,NOT PARAMETER SELECTION,NO METHOD CHANGE AUTHORIZED,bin10,bin10,re2tt_ts-route-service_mem_1,ts-route-service,mem,58e365eed32084b4,L,MT,10.0,0.01,0.01,10,12,6,1,8,5,226,199,27,0,10,10,0,0,12.0,12,12,,9,0,222,10,11942,540,,,126,8,0,118,0,8,0,0,6489.361702127662,6893.942109228374,0.993006993006993,1.0,0.9861111111111112
POST-HOC DEVELOPMENT DIAGNOSTIC,NOT FINAL EFFICACY,NOT PARAMETER SELECTION,NO METHOD CHANGE AUTHORIZED,bin10,bin10,re2tt_ts-route-service_mem_1,ts-route-service,mem,58e365eed32084b4,ALL,MT,10.0,0.01,0.01,10,12,6,1,8,5,226,199,27,0,10,10,0,0,12.0,12,12,,9,0,222,10,11942,540,,,126,8,0,118,0,8,0,0,5957.446808510638,5457.228764539664,0.993006993006993,1.0,0.9861111111111112
POST-HOC DEVELOPMENT DIAGNOSTIC,NOT FINAL EFFICACY,NOT PARAMETER SELECTION,NO METHOD CHANGE AUTHORIZED,bin10,bin10,re2tt_ts-route-service_mem_2,ts-route-service,mem,15fa2ad3a7eecebd,G,MTL,10.0,0.01,0.01,10,12,6,1,8,5,240,193,27,20,7,4,2,1,12.0,12,12,1.0,4,0,236,7,12744,378,211724475967762.16,211724475948949.75,126,0,0,126,0,0,0,0,5957.446808510639,5780.141843971632,0.0,0.0,0.0
POST-HOC DEVELOPMENT DIAGNOSTIC,NOT FINAL EFFICACY,NOT PARAMETER SELECTION,NO METHOD CHANGE AUTHORIZED,bin10,bin10,re2tt_ts-route-service_mem_2,ts-route-service,mem,15fa2ad3a7eecebd,L,MTL,10.0,0.01,0.01,10,12,6,1,8,5,240,193,27,20,7,4,2,1,12.0,12,12,1.0,4,0,236,7,12744,378,211731307052988.22,211731307034058.97,126,0,0,126,0,0,0,0,6489.361702127662,6893.942109228374,0.0,0.0,0.0
POST-HOC DEVELOPMENT DIAGNOSTIC,NOT FINAL EFFICACY,NOT PARAMETER SELECTION,NO METHOD CHANGE AUTHORIZED,bin10,bin10,re2tt_ts-route-service_mem_2,ts-route-service,mem,15fa2ad3a7eecebd,ALL,MTL,10.0,0.01,0.01,10,12,6,1,8,5,240,193,27,20,7,4,2,1,12.0,12,12,1.0,4,0,236,7,12744,378,221120695649527.7,221120695630700.44,126,0,0,126,0,0,0,0,5957.446808510638,5457.228764539664,0.0,0.0,0.0
POST-HOC DEVELOPMENT DIAGNOSTIC,NOT FINAL EFFICACY,NOT PARAMETER SELECTION,NO METHOD CHANGE AUTHORIZED,bin10,bin10,re2tt_ts-route-service_mem_2,ts-route-service,mem,15fa2ad3a7eecebd,G,MT,10.0,0.01,0.01,10,12,6,1,8,5,220,193,27,0,6,4,2,0,12.0,12,12,1.5,4,0,216,6,11664,324,,,126,0,0,126,0,0,0,0,5957.446808510639,5780.141843971632,0.0,0.0,0.0
POST-HOC DEVELOPMENT DIAGNOSTIC,NOT FINAL EFFICACY,NOT PARAMETER SELECTION,NO METHOD CHANGE AUTHORIZED,bin10,bin10,re2tt_ts-route-service_mem_2,ts-route-service,mem,15fa2ad3a7eecebd,L,MT,10.0,0.01,0.01,10,12,6,1,8,5,220,193,27,0,6,4,2,0,12.0,12,12,1.5,4,0,216,6,11664,324,,,126,0,0,126,0,0,0,0,6489.361702127662,6893.942109228374,0.0,0.0,0.0
POST-HOC DEVELOPMENT DIAGNOSTIC,NOT FINAL EFFICACY,NOT PARAMETER SELECTION,NO METHOD CHANGE AUTHORIZED,bin10,bin10,re2tt_ts-route-service_mem_2,ts-route-service,mem,15fa2ad3a7eecebd,ALL,MT,10.0,0.01,0.01,10,12,6,1,8,5,220,193,27,0,6,4,2,0,12.0,12,12,1.5,4,0,216,6,11664,324,,,126,0,0,126,0,0,0,0,5957.446808510638,5457.228764539664,0.0,0.0,0.0
POST-HOC DEVELOPMENT DIAGNOSTIC,NOT FINAL EFFICACY,NOT PARAMETER SELECTION,NO METHOD CHANGE AUTHORIZED,bin10,bin10,re2tt_ts-route-service_mem_3,ts-route-service,mem,c60cff817fc2d5cf,G,MTL,10.0,0.01,0.01,10,12,6,1,8,5,241,194,27,20,5,5,0,0,12.0,12,12,,5,0,241,5,12986,270,23746.522678679725,0.0,126,0,0,126,0,0,0,0,5957.446808510639,5780.141843971632,0.9722222222222222,0.9722222222222222,0.9722222222222222
POST-HOC DEVELOPMENT DIAGNOSTIC,NOT FINAL EFFICACY,NOT PARAMETER SELECTION,NO METHOD CHANGE AUTHORIZED,bin10,bin10,re2tt_ts-route-service_mem_3,ts-route-service,mem,c60cff817fc2d5cf,L,MTL,10.0,0.01,0.01,10,12,6,1,8,5,241,194,27,20,5,5,0,0,12.0,12,12,,5,0,241,5,12986,270,23753.367166336684,0.0,126,0,0,126,0,0,0,0,6489.361702127662,6893.942109228374,0.9790209790209791,0.9859154929577465,0.9722222222222222
POST-HOC DEVELOPMENT DIAGNOSTIC,NOT FINAL EFFICACY,NOT PARAMETER SELECTION,NO METHOD CHANGE AUTHORIZED,bin10,bin10,re2tt_ts-route-service_mem_3,ts-route-service,mem,c60cff817fc2d5cf,ALL,MTL,10.0,0.01,0.01,10,12,6,1,8,5,241,194,27,20,5,5,0,0,12.0,12,12,,5,0,241,5,12986,270,23705.756068502113,0.0,126,0,0,126,0,0,0,0,5957.446808510638,5457.228764539664,0.9722222222222222,0.9722222222222222,0.9722222222222222
POST-HOC DEVELOPMENT DIAGNOSTIC,NOT FINAL EFFICACY,NOT PARAMETER SELECTION,NO METHOD CHANGE AUTHORIZED,bin10,bin10,re2tt_ts-route-service_mem_3,ts-route-service,mem,c60cff817fc2d5cf,G,MT,10.0,0.01,0.01,10,12,6,1,8,5,221,194,27,0,5,5,0,0,12.0,12,12,,5,0,221,5,11906,270,,,126,0,0,126,0,0,0,0,5957.446808510639,5780.141843971632,0.9722222222222222,0.9722222222222222,0.9722222222222222
POST-HOC DEVELOPMENT DIAGNOSTIC,NOT FINAL EFFICACY,NOT PARAMETER SELECTION,NO METHOD CHANGE AUTHORIZED,bin10,bin10,re2tt_ts-route-service_mem_3,ts-route-service,mem,c60cff817fc2d5cf,L,MT,10.0,0.01,0.01,10,12,6,1,8,5,221,194,27,0,5,5,0,0,12.0,12,12,,5,0,221,5,11906,270,,,126,0,0,126,0,0,0,0,6489.361702127662,6893.942109228374,0.9790209790209791,0.9859154929577465,0.9722222222222222
POST-HOC DEVELOPMENT DIAGNOSTIC,NOT FINAL EFFICACY,NOT PARAMETER SELECTION,NO METHOD CHANGE AUTHORIZED,bin10,bin10,re2tt_ts-route-service_mem_3,ts-route-service,mem,c60cff817fc2d5cf,ALL,MT,10.0,0.01,0.01,10,12,6,1,8,5,221,194,27,0,5,5,0,0,12.0,12,12,,5,0,221,5,11906,270,,,126,0,0,126,0,0,0,0,5957.446808510638,5457.228764539664,0.9722222222222222,0.9722222222222222,0.9722222222222222
POST-HOC DEVELOPMENT DIAGNOSTIC,NOT FINAL EFFICACY,NOT PARAMETER SELECTION,NO METHOD CHANGE AUTHORIZED,bin10,bin10,re2tt_ts-route-service_socket_1,ts-route-service,socket,0f1447a5823d8a23,G,MTL,10.0,0.01,0.01,10,12,6,1,8,5,254,207,27,20,18,18,0,0,12.0,12,12,,18,0,252,18,13600,972,401000018426.05945,401000000000.00006,126,3,0,123,0,3,0,0,5425.531914893619,5780.141843971632,0.8652482269503546,0.8840579710144928,0.8472222222222222
POST-HOC DEVELOPMENT DIAGNOSTIC,NOT FINAL EFFICACY,NOT PARAMETER SELECTION,NO METHOD CHANGE AUTHORIZED,bin10,bin10,re2tt_ts-route-service_socket_1,ts-route-service,socket,0f1447a5823d8a23,L,MTL,10.0,0.01,0.01,10,12,6,1,8,5,254,207,27,20,18,18,0,0,12.0,12,12,,18,0,252,18,13600,972,401000018306.02,401000000000.00006,126,3,0,123,0,3,0,0,7021.276595744682,6893.942109228374,0.765625,0.875,0.6805555555555556
POST-HOC DEVELOPMENT DIAGNOSTIC,NOT FINAL EFFICACY,NOT PARAMETER SELECTION,NO METHOD CHANGE AUTHORIZED,bin10,bin10,re2tt_ts-route-service_socket_1,ts-route-service,socket,0f1447a5823d8a23,ALL,MTL,10.0,0.01,0.01,10,12,6,1,8,5,254,207,27,20,18,18,0,0,12.0,12,12,,18,0,252,18,13600,972,401000018358.94415,401000000000.00006,126,3,0,123,0,3,0,0,5425.531914893619,5457.228764539664,0.8652482269503546,0.8840579710144928,0.8472222222222222
POST-HOC DEVELOPMENT DIAGNOSTIC,NOT FINAL EFFICACY,NOT PARAMETER SELECTION,NO METHOD CHANGE AUTHORIZED,bin10,bin10,re2tt_ts-route-service_socket_1,ts-route-service,socket,0f1447a5823d8a23,G,MT,10.0,0.01,0.01,10,12,6,1,8,5,234,207,27,0,18,18,0,0,12.0,12,12,,18,0,232,18,12520,972,,,126,3,0,123,0,3,0,0,5425.531914893619,5780.141843971632,0.8652482269503546,0.8840579710144928,0.8472222222222222
POST-HOC DEVELOPMENT DIAGNOSTIC,NOT FINAL EFFICACY,NOT PARAMETER SELECTION,NO METHOD CHANGE AUTHORIZED,bin10,bin10,re2tt_ts-route-service_socket_1,ts-route-service,socket,0f1447a5823d8a23,L,MT,10.0,0.01,0.01,10,12,6,1,8,5,234,207,27,0,18,18,0,0,12.0,12,12,,18,0,232,18,12520,972,,,126,3,0,123,0,3,0,0,7021.276595744682,6893.942109228374,0.765625,0.875,0.6805555555555556
POST-HOC DEVELOPMENT DIAGNOSTIC,NOT FINAL EFFICACY,NOT PARAMETER SELECTION,NO METHOD CHANGE AUTHORIZED,bin10,bin10,re2tt_ts-route-service_socket_1,ts-route-service,socket,0f1447a5823d8a23,ALL,MT,10.0,0.01,0.01,10,12,6,1,8,5,234,207,27,0,18,18,0,0,12.0,12,12,,18,0,232,18,12520,972,,,126,3,0,123,0,3,0,0,5425.531914893619,5457.228764539664,0.8652482269503546,0.8840579710144928,0.8472222222222222
POST-HOC DEVELOPMENT DIAGNOSTIC,NOT FINAL EFFICACY,NOT PARAMETER SELECTION,NO METHOD CHANGE AUTHORIZED,bin10,bin10,re2tt_ts-route-service_socket_2,ts-route-service,socket,5bf54b9f116a5fa1,G,MTL,10.0,0.01,0.01,10,12,6,1,8,5,241,194,27,20,8,6,1,1,12.0,12,12,2.0,5,0,237,8,12794,432,151431391113734.3,151431391082509.88,126,0,0,126,0,0,0,0,5425.531914893619,5780.141843971632,0.0,0.0,0.0
POST-HOC DEVELOPMENT DIAGNOSTIC,NOT FINAL EFFICACY,NOT PARAMETER SELECTION,NO METHOD CHANGE AUTHORIZED,bin10,bin10,re2tt_ts-route-service_socket_2,ts-route-service,socket,5bf54b9f116a5fa1,L,MTL,10.0,0.01,0.01,10,12,6,1,8,5,241,194,27,20,8,6,1,1,12.0,12,12,2.0,5,0,237,8,12794,432,131905546672737.34,131905546643908.69,126,0,0,126,0,0,0,0,7021.276595744682,6893.942109228374,0.0,0.0,0.0
POST-HOC DEVELOPMENT DIAGNOSTIC,NOT FINAL EFFICACY,NOT PARAMETER SELECTION,NO METHOD CHANGE AUTHORIZED,bin10,bin10,re2tt_ts-route-service_socket_2,ts-route-service,socket,5bf54b9f116a5fa1,ALL,MTL,10.0,0.01,0.01,10,12,6,1,8,5,241,194,27,20,8,6,1,1,12.0,12,12,2.0,5,0,237,8,12794,432,145851666667461.56,145851666636293.0,126,0,0,126,0,0,0,0,5425.531914893619,5457.228764539664,0.0,0.0,0.0
POST-HOC DEVELOPMENT DIAGNOSTIC,NOT FINAL EFFICACY,NOT PARAMETER SELECTION,NO METHOD CHANGE AUTHORIZED,bin10,bin10,re2tt_ts-route-service_socket_2,ts-route-service,socket,5bf54b9f116a5fa1,G,MT,10.0,0.01,0.01,10,12,6,1,8,5,221,194,27,0,7,6,1,0,12.0,12,12,2.0,5,0,217,7,11714,378,,,126,0,0,126,0,0,0,0,5425.531914893619,5780.141843971632,0.0,0.0,0.0
POST-HOC DEVELOPMENT DIAGNOSTIC,NOT FINAL EFFICACY,NOT PARAMETER SELECTION,NO METHOD CHANGE AUTHORIZED,bin10,bin10,re2tt_ts-route-service_socket_2,ts-route-service,socket,5bf54b9f116a5fa1,L,MT,10.0,0.01,0.01,10,12,6,1,8,5,221,194,27,0,7,6,1,0,12.0,12,12,2.0,5,0,217,7,11714,378,,,126,0,0,126,0,0,0,0,7021.276595744682,6893.942109228374,0.0,0.0,0.0
POST-HOC DEVELOPMENT DIAGNOSTIC,NOT FINAL EFFICACY,NOT PARAMETER SELECTION,NO METHOD CHANGE AUTHORIZED,bin10,bin10,re2tt_ts-route-service_socket_2,ts-route-service,socket,5bf54b9f116a5fa1,ALL,MT,10.0,0.01,0.01,10,12,6,1,8,5,221,194,27,0,7,6,1,0,12.0,12,12,2.0,5,0,217,7,11714,378,,,126,0,0,126,0,0,0,0,5425.531914893619,5457.228764539664,0.0,0.0,0.0
POST-HOC DEVELOPMENT DIAGNOSTIC,NOT FINAL EFFICACY,NOT PARAMETER SELECTION,NO METHOD CHANGE AUTHORIZED,bin10,bin10,re2tt_ts-route-service_socket_3,ts-route-service,socket,47f193d58b233d8a,G,MTL,10.0,0.01,0.01,10,12,6,1,8,5,241,194,27,20,5,5,0,0,12.0,12,12,,5,0,239,5,12902,270,15297.32299906008,0.0,126,0,0,126,0,0,0,0,5425.531914893619,5780.141843971632,0.9859154929577465,1.0,0.9722222222222222
POST-HOC DEVELOPMENT DIAGNOSTIC,NOT FINAL EFFICACY,NOT PARAMETER SELECTION,NO METHOD CHANGE AUTHORIZED,bin10,bin10,re2tt_ts-route-service_socket_3,ts-route-service,socket,47f193d58b233d8a,L,MTL,10.0,0.01,0.01,10,12,6,1,8,5,241,194,27,20,5,5,0,0,12.0,12,12,,5,0,239,5,12902,270,15323.073836261909,0.0,126,0,0,126,0,0,0,0,7021.276595744682,6893.942109228374,0.9859154929577465,1.0,0.9722222222222222
POST-HOC DEVELOPMENT DIAGNOSTIC,NOT FINAL EFFICACY,NOT PARAMETER SELECTION,NO METHOD CHANGE AUTHORIZED,bin10,bin10,re2tt_ts-route-service_socket_3,ts-route-service,socket,47f193d58b233d8a,ALL,MTL,10.0,0.01,0.01,10,12,6,1,8,5,241,194,27,20,5,5,0,0,12.0,12,12,,5,0,239,5,12902,270,15321.52786682498,0.0,126,0,0,126,0,0,0,0,5425.531914893619,5457.228764539664,0.9859154929577465,1.0,0.9722222222222222
POST-HOC DEVELOPMENT DIAGNOSTIC,NOT FINAL EFFICACY,NOT PARAMETER SELECTION,NO METHOD CHANGE AUTHORIZED,bin10,bin10,re2tt_ts-route-service_socket_3,ts-route-service,socket,47f193d58b233d8a,G,MT,10.0,0.01,0.01,10,12,6,1,8,5,221,194,27,0,5,5,0,0,12.0,12,12,,5,0,219,5,11822,270,,,126,0,0,126,0,0,0,0,5425.531914893619,5780.141843971632,0.9859154929577465,1.0,0.9722222222222222
POST-HOC DEVELOPMENT DIAGNOSTIC,NOT FINAL EFFICACY,NOT PARAMETER SELECTION,NO METHOD CHANGE AUTHORIZED,bin10,bin10,re2tt_ts-route-service_socket_3,ts-route-service,socket,47f193d58b233d8a,L,MT,10.0,0.01,0.01,10,12,6,1,8,5,221,194,27,0,5,5,0,0,12.0,12,12,,5,0,219,5,11822,270,,,126,0,0,126,0,0,0,0,7021.276595744682,6893.942109228374,0.9859154929577465,1.0,0.9722222222222222
POST-HOC DEVELOPMENT DIAGNOSTIC,NOT FINAL EFFICACY,NOT PARAMETER SELECTION,NO METHOD CHANGE AUTHORIZED,bin10,bin10,re2tt_ts-route-service_socket_3,ts-route-service,socket,47f193d58b233d8a,ALL,MT,10.0,0.01,0.01,10,12,6,1,8,5,221,194,27,0,5,5,0,0,12.0,12,12,,5,0,219,5,11822,270,,,126,0,0,126,0,0,0,0,5425.531914893619,5457.228764539664,0.9859154929577465,1.0,0.9722222222222222
POST-HOC DEVELOPMENT DIAGNOSTIC,NOT FINAL EFFICACY,NOT PARAMETER SELECTION,NO METHOD CHANGE AUTHORIZED,bin10,bin10,re2tt_ts-train-service_cpu_1,ts-train-service,cpu,f13a01ab09a3962b,G,MTL,10.0,0.01,0.01,10,12,6,1,8,5,248,201,27,20,12,12,0,0,12.0,12,12,,12,0,246,12,13270,648,25547.82715916071,0.0,126,4,0,122,0,4,0,0,5957.446808510639,5780.141843971632,0.9859154929577465,1.0,0.9722222222222222
POST-HOC DEVELOPMENT DIAGNOSTIC,NOT FINAL EFFICACY,NOT PARAMETER SELECTION,NO METHOD CHANGE AUTHORIZED,bin10,bin10,re2tt_ts-train-service_cpu_1,ts-train-service,cpu,f13a01ab09a3962b,L,MTL,10.0,0.01,0.01,10,12,6,1,8,5,248,201,27,20,12,12,0,0,12.0,12,12,,12,0,246,12,13270,648,25578.137979558487,0.0,126,4,0,122,0,4,0,0,6489.361702127662,6893.942109228374,0.9859154929577465,1.0,0.9722222222222222
POST-HOC DEVELOPMENT DIAGNOSTIC,NOT FINAL EFFICACY,NOT PARAMETER SELECTION,NO METHOD CHANGE AUTHORIZED,bin10,bin10,re2tt_ts-train-service_cpu_1,ts-train-service,cpu,f13a01ab09a3962b,ALL,MTL,10.0,0.01,0.01,10,12,6,1,8,5,248,201,27,20,12,12,0,0,12.0,12,12,,12,0,246,12,13270,648,25615.98616910682,0.0,126,4,0,122,0,4,0,0,5957.446808510638,5457.228764539664,0.9859154929577465,1.0,0.9722222222222222
POST-HOC DEVELOPMENT DIAGNOSTIC,NOT FINAL EFFICACY,NOT PARAMETER SELECTION,NO METHOD CHANGE AUTHORIZED,bin10,bin10,re2tt_ts-train-service_cpu_1,ts-train-service,cpu,f13a01ab09a3962b,G,MT,10.0,0.01,0.01,10,12,6,1,8,5,228,201,27,0,12,12,0,0,12.0,12,12,,12,0,226,12,12190,648,,,126,4,0,122,0,4,0,0,5957.446808510639,5780.141843971632,0.9859154929577465,1.0,0.9722222222222222
POST-HOC DEVELOPMENT DIAGNOSTIC,NOT FINAL EFFICACY,NOT PARAMETER SELECTION,NO METHOD CHANGE AUTHORIZED,bin10,bin10,re2tt_ts-train-service_cpu_1,ts-train-service,cpu,f13a01ab09a3962b,L,MT,10.0,0.01,0.01,10,12,6,1,8,5,228,201,27,0,12,12,0,0,12.0,12,12,,12,0,226,12,12190,648,,,126,4,0,122,0,4,0,0,6489.361702127662,6893.942109228374,0.9859154929577465,1.0,0.9722222222222222
POST-HOC DEVELOPMENT DIAGNOSTIC,NOT FINAL EFFICACY,NOT PARAMETER SELECTION,NO METHOD CHANGE AUTHORIZED,bin10,bin10,re2tt_ts-train-service_cpu_1,ts-train-service,cpu,f13a01ab09a3962b,ALL,MT,10.0,0.01,0.01,10,12,6,1,8,5,228,201,27,0,12,12,0,0,12.0,12,12,,12,0,226,12,12190,648,,,126,4,0,122,0,4,0,0,5957.446808510638,5457.228764539664,0.9859154929577465,1.0,0.9722222222222222
POST-HOC DEVELOPMENT DIAGNOSTIC,NOT FINAL EFFICACY,NOT PARAMETER SELECTION,NO METHOD CHANGE AUTHORIZED,bin10,bin10,re2tt_ts-train-service_cpu_2,ts-train-service,cpu,b4f7da80e26ff729,G,MTL,10.0,0.01,0.01,10,12,6,1,8,5,245,198,27,20,10,9,1,0,12.0,12,12,2.0,9,0,243,10,13106,540,41603202530072.05,41603202516428.33,126,7,0,119,0,7,0,0,5957.446808510639,5780.141843971632,0.9859154929577465,1.0,0.9722222222222222
POST-HOC DEVELOPMENT DIAGNOSTIC,NOT FINAL EFFICACY,NOT PARAMETER SELECTION,NO METHOD CHANGE AUTHORIZED,bin10,bin10,re2tt_ts-train-service_cpu_2,ts-train-service,cpu,b4f7da80e26ff729,L,MTL,10.0,0.01,0.01,10,12,6,1,8,5,245,198,27,20,10,9,1,0,12.0,12,12,2.0,9,0,243,10,13106,540,41744085294340.3,41744085280704.48,126,54,0,72,0,3,51,0,6489.361702127662,6893.942109228374,0.8780487804878049,0.782608695652174,1.0
POST-HOC DEVELOPMENT DIAGNOSTIC,NOT FINAL EFFICACY,NOT PARAMETER SELECTION,NO METHOD CHANGE AUTHORIZED,bin10,bin10,re2tt_ts-train-service_cpu_2,ts-train-service,cpu,b4f7da80e26ff729,ALL,MTL,10.0,0.01,0.01,10,12,6,1,8,5,245,198,27,20,10,9,1,0,12.0,12,12,2.0,9,0,243,10,13106,540,41710490372967.33,41710490359188.01,126,15,0,111,0,7,8,0,5957.446808510638,5457.228764539664,0.9859154929577465,1.0,0.9722222222222222
POST-HOC DEVELOPMENT DIAGNOSTIC,NOT FINAL EFFICACY,NOT PARAMETER SELECTION,NO METHOD CHANGE AUTHORIZED,bin10,bin10,re2tt_ts-train-service_cpu_2,ts-train-service,cpu,b4f7da80e26ff729,G,MT,10.0,0.01,0.01,10,12,6,1,8,5,225,198,27,0,10,9,1,0,12.0,12,12,2.0,9,0,223,10,12026,540,,,126,7,0,119,0,7,0,0,5957.446808510639,5780.141843971632,0.9859154929577465,1.0,0.9722222222222222
POST-HOC DEVELOPMENT DIAGNOSTIC,NOT FINAL EFFICACY,NOT PARAMETER SELECTION,NO METHOD CHANGE AUTHORIZED,bin10,bin10,re2tt_ts-train-service_cpu_2,ts-train-service,cpu,b4f7da80e26ff729,L,MT,10.0,0.01,0.01,10,12,6,1,8,5,225,198,27,0,10,9,1,0,12.0,12,12,2.0,9,0,223,10,12026,540,,,126,54,0,72,0,3,51,0,6489.361702127662,6893.942109228374,0.8780487804878049,0.782608695652174,1.0
POST-HOC DEVELOPMENT DIAGNOSTIC,NOT FINAL EFFICACY,NOT PARAMETER SELECTION,NO METHOD CHANGE AUTHORIZED,bin10,bin10,re2tt_ts-train-service_cpu_2,ts-train-service,cpu,b4f7da80e26ff729,ALL,MT,10.0,0.01,0.01,10,12,6,1,8,5,225,198,27,0,10,9,1,0,12.0,12,12,2.0,9,0,223,10,12026,540,,,126,15,0,111,0,7,8,0,5957.446808510638,5457.228764539664,0.9859154929577465,1.0,0.9722222222222222
POST-HOC DEVELOPMENT DIAGNOSTIC,NOT FINAL EFFICACY,NOT PARAMETER SELECTION,NO METHOD CHANGE AUTHORIZED,bin10,bin10,re2tt_ts-train-service_cpu_3,ts-train-service,cpu,8fe6a000483edc0e,G,MTL,10.0,0.01,0.01,10,12,6,1,8,5,248,201,27,20,12,12,0,0,12.0,12,12,,12,0,248,12,13366,648,21405.652102002074,0.0,126,3,0,123,0,3,0,0,5957.446808510639,5780.141843971632,0.9271523178807947,0.8860759493670886,0.9722222222222222
POST-HOC DEVELOPMENT DIAGNOSTIC,NOT FINAL EFFICACY,NOT PARAMETER SELECTION,NO METHOD CHANGE AUTHORIZED,bin10,bin10,re2tt_ts-train-service_cpu_3,ts-train-service,cpu,8fe6a000483edc0e,L,MTL,10.0,0.01,0.01,10,12,6,1,8,5,248,201,27,20,12,12,0,0,12.0,12,12,,12,0,248,12,13366,648,21207.528255866102,0.0,126,3,0,123,0,3,0,0,6489.361702127662,6893.942109228374,0.9333333333333333,0.8974358974358975,0.9722222222222222
POST-HOC DEVELOPMENT DIAGNOSTIC,NOT FINAL EFFICACY,NOT PARAMETER SELECTION,NO METHOD CHANGE AUTHORIZED,bin10,bin10,re2tt_ts-train-service_cpu_3,ts-train-service,cpu,8fe6a000483edc0e,ALL,MTL,10.0,0.01,0.01,10,12,6,1,8,5,248,201,27,20,12,12,0,0,12.0,12,12,,12,0,248,12,13366,648,21230.340234041338,0.0,126,3,0,123,0,3,0,0,5957.446808510638,5457.228764539664,0.9271523178807947,0.8860759493670886,0.9722222222222222
POST-HOC DEVELOPMENT DIAGNOSTIC,NOT FINAL EFFICACY,NOT PARAMETER SELECTION,NO METHOD CHANGE AUTHORIZED,bin10,bin10,re2tt_ts-train-service_cpu_3,ts-train-service,cpu,8fe6a000483edc0e,G,MT,10.0,0.01,0.01,10,12,6,1,8,5,228,201,27,0,12,12,0,0,12.0,12,12,,12,0,228,12,12286,648,,,126,3,0,123,0,3,0,0,5957.446808510639,5780.141843971632,0.9271523178807947,0.8860759493670886,0.9722222222222222
POST-HOC DEVELOPMENT DIAGNOSTIC,NOT FINAL EFFICACY,NOT PARAMETER SELECTION,NO METHOD CHANGE AUTHORIZED,bin10,bin10,re2tt_ts-train-service_cpu_3,ts-train-service,cpu,8fe6a000483edc0e,L,MT,10.0,0.01,0.01,10,12,6,1,8,5,228,201,27,0,12,12,0,0,12.0,12,12,,12,0,228,12,12286,648,,,126,3,0,123,0,3,0,0,6489.361702127662,6893.942109228374,0.9333333333333333,0.8974358974358975,0.9722222222222222
POST-HOC DEVELOPMENT DIAGNOSTIC,NOT FINAL EFFICACY,NOT PARAMETER SELECTION,NO METHOD CHANGE AUTHORIZED,bin10,bin10,re2tt_ts-train-service_cpu_3,ts-train-service,cpu,8fe6a000483edc0e,ALL,MT,10.0,0.01,0.01,10,12,6,1,8,5,228,201,27,0,12,12,0,0,12.0,12,12,,12,0,228,12,12286,648,,,126,3,0,123,0,3,0,0,5957.446808510638,5457.228764539664,0.9271523178807947,0.8860759493670886,0.9722222222222222
POST-HOC DEVELOPMENT DIAGNOSTIC,NOT FINAL EFFICACY,NOT PARAMETER SELECTION,NO METHOD CHANGE AUTHORIZED,bin10,bin10,re2tt_ts-train-service_delay_1,ts-train-service,delay,8534e6237bee1618,G,MTL,10.0,0.01,0.01,10,12,6,1,8,5,250,203,27,20,14,14,0,0,12.0,12,12,,14,0,246,14,13274,756,12203.668871009007,0.0,126,2,0,124,0,2,0,0,5263.157894736852,5780.141843971632,0.9859154929577465,1.0,0.9722222222222222
POST-HOC DEVELOPMENT DIAGNOSTIC,NOT FINAL EFFICACY,NOT PARAMETER SELECTION,NO METHOD CHANGE AUTHORIZED,bin10,bin10,re2tt_ts-train-service_delay_1,ts-train-service,delay,8534e6237bee1618,L,MTL,10.0,0.01,0.01,10,12,6,1,8,5,250,203,27,20,14,14,0,0,12.0,12,12,,14,0,246,14,13274,756,12223.737755589927,0.0,126,2,0,124,0,2,0,0,7021.276595744682,6893.942109228374,0.9859154929577465,1.0,0.9722222222222222
POST-HOC DEVELOPMENT DIAGNOSTIC,NOT FINAL EFFICACY,NOT PARAMETER SELECTION,NO METHOD CHANGE AUTHORIZED,bin10,bin10,re2tt_ts-train-service_delay_1,ts-train-service,delay,8534e6237bee1618,ALL,MTL,10.0,0.01,0.01,10,12,6,1,8,5,250,203,27,20,14,14,0,0,12.0,12,12,,14,0,246,14,13274,756,12222.067702912434,0.0,126,2,0,124,0,2,0,0,5263.157894736852,5457.228764539664,0.9859154929577465,1.0,0.9722222222222222
POST-HOC DEVELOPMENT DIAGNOSTIC,NOT FINAL EFFICACY,NOT PARAMETER SELECTION,NO METHOD CHANGE AUTHORIZED,bin10,bin10,re2tt_ts-train-service_delay_1,ts-train-service,delay,8534e6237bee1618,G,MT,10.0,0.01,0.01,10,12,6,1,8,5,230,203,27,0,14,14,0,0,12.0,12,12,,14,0,226,14,12194,756,,,126,2,0,124,0,2,0,0,5263.157894736852,5780.141843971632,0.9859154929577465,1.0,0.9722222222222222
POST-HOC DEVELOPMENT DIAGNOSTIC,NOT FINAL EFFICACY,NOT PARAMETER SELECTION,NO METHOD CHANGE AUTHORIZED,bin10,bin10,re2tt_ts-train-service_delay_1,ts-train-service,delay,8534e6237bee1618,L,MT,10.0,0.01,0.01,10,12,6,1,8,5,230,203,27,0,14,14,0,0,12.0,12,12,,14,0,226,14,12194,756,,,126,2,0,124,0,2,0,0,7021.276595744682,6893.942109228374,0.9859154929577465,1.0,0.9722222222222222
POST-HOC DEVELOPMENT DIAGNOSTIC,NOT FINAL EFFICACY,NOT PARAMETER SELECTION,NO METHOD CHANGE AUTHORIZED,bin10,bin10,re2tt_ts-train-service_delay_1,ts-train-service,delay,8534e6237bee1618,ALL,MT,10.0,0.01,0.01,10,12,6,1,8,5,230,203,27,0,14,14,0,0,12.0,12,12,,14,0,226,14,12194,756,,,126,2,0,124,0,2,0,0,5263.157894736852,5457.228764539664,0.9859154929577465,1.0,0.9722222222222222
POST-HOC DEVELOPMENT DIAGNOSTIC,NOT FINAL EFFICACY,NOT PARAMETER SELECTION,NO METHOD CHANGE AUTHORIZED,bin10,bin10,re2tt_ts-train-service_delay_2,ts-train-service,delay,84c4c18e60502036,G,MTL,10.0,0.01,0.01,10,12,6,1,8,5,238,191,27,20,2,2,0,0,12.0,12,12,,2,0,238,2,12824,108,15227.197360573453,0.0,126,0,0,126,0,0,0,0,5263.157894736852,5780.141843971632,0.9523809523809523,0.9333333333333333,0.9722222222222222
POST-HOC DEVELOPMENT DIAGNOSTIC,NOT FINAL EFFICACY,NOT PARAMETER SELECTION,NO METHOD CHANGE AUTHORIZED,bin10,bin10,re2tt_ts-train-service_delay_2,ts-train-service,delay,84c4c18e60502036,L,MTL,10.0,0.01,0.01,10,12,6,1,8,5,238,191,27,20,2,2,0,0,12.0,12,12,,2,0,238,2,12824,108,15212.6581483426,0.0,126,0,0,126,0,0,0,0,7021.276595744682,6893.942109228374,0.9722222222222222,0.9722222222222222,0.9722222222222222
POST-HOC DEVELOPMENT DIAGNOSTIC,NOT FINAL EFFICACY,NOT PARAMETER SELECTION,NO METHOD CHANGE AUTHORIZED,bin10,bin10,re2tt_ts-train-service_delay_2,ts-train-service,delay,84c4c18e60502036,ALL,MTL,10.0,0.01,0.01,10,12,6,1,8,5,238,191,27,20,2,2,0,0,12.0,12,12,,2,0,238,2,12824,108,15219.898561321661,0.0,126,0,0,126,0,0,0,0,5263.157894736852,5457.228764539664,0.9523809523809523,0.9333333333333333,0.9722222222222222
POST-HOC DEVELOPMENT DIAGNOSTIC,NOT FINAL EFFICACY,NOT PARAMETER SELECTION,NO METHOD CHANGE AUTHORIZED,bin10,bin10,re2tt_ts-train-service_delay_2,ts-train-service,delay,84c4c18e60502036,G,MT,10.0,0.01,0.01,10,12,6,1,8,5,218,191,27,0,2,2,0,0,12.0,12,12,,2,0,218,2,11744,108,,,126,0,0,126,0,0,0,0,5263.157894736852,5780.141843971632,0.9523809523809523,0.9333333333333333,0.9722222222222222
POST-HOC DEVELOPMENT DIAGNOSTIC,NOT FINAL EFFICACY,NOT PARAMETER SELECTION,NO METHOD CHANGE AUTHORIZED,bin10,bin10,re2tt_ts-train-service_delay_2,ts-train-service,delay,84c4c18e60502036,L,MT,10.0,0.01,0.01,10,12,6,1,8,5,218,191,27,0,2,2,0,0,12.0,12,12,,2,0,218,2,11744,108,,,126,0,0,126,0,0,0,0,7021.276595744682,6893.942109228374,0.9722222222222222,0.9722222222222222,0.9722222222222222
POST-HOC DEVELOPMENT DIAGNOSTIC,NOT FINAL EFFICACY,NOT PARAMETER SELECTION,NO METHOD CHANGE AUTHORIZED,bin10,bin10,re2tt_ts-train-service_delay_2,ts-train-service,delay,84c4c18e60502036,ALL,MT,10.0,0.01,0.01,10,12,6,1,8,5,218,191,27,0,2,2,0,0,12.0,12,12,,2,0,218,2,11744,108,,,126,0,0,126,0,0,0,0,5263.157894736852,5457.228764539664,0.9523809523809523,0.9333333333333333,0.9722222222222222
POST-HOC DEVELOPMENT DIAGNOSTIC,NOT FINAL EFFICACY,NOT PARAMETER SELECTION,NO METHOD CHANGE AUTHORIZED,bin10,bin10,re2tt_ts-train-service_delay_3,ts-train-service,delay,0868b9b567cd44c8,G,MTL,10.0,0.01,0.01,10,12,6,1,8,5,238,191,27,20,2,2,0,0,12.0,12,12,,2,0,236,2,12720,108,15926.71607753821,0.0,126,0,0,126,0,0,0,0,5263.157894736852,5780.141843971632,0.9722222222222222,0.9722222222222222,0.9722222222222222
POST-HOC DEVELOPMENT DIAGNOSTIC,NOT FINAL EFFICACY,NOT PARAMETER SELECTION,NO METHOD CHANGE AUTHORIZED,bin10,bin10,re2tt_ts-train-service_delay_3,ts-train-service,delay,0868b9b567cd44c8,L,MTL,10.0,0.01,0.01,10,12,6,1,8,5,238,191,27,20,2,2,0,0,12.0,12,12,,2,0,236,2,12720,108,15857.155879187138,0.0,126,0,0,126,0,0,0,0,7021.276595744682,6893.942109228374,0.9859154929577465,1.0,0.9722222222222222
POST-HOC DEVELOPMENT DIAGNOSTIC,NOT FINAL EFFICACY,NOT PARAMETER SELECTION,NO METHOD CHANGE AUTHORIZED,bin10,bin10,re2tt_ts-train-service_delay_3,ts-train-service,delay,0868b9b567cd44c8,ALL,MTL,10.0,0.01,0.01,10,12,6,1,8,5,238,191,27,20,2,2,0,0,12.0,12,12,,2,0,236,2,12720,108,15842.04305010225,0.0,126,0,0,126,0,0,0,0,5263.157894736852,5457.228764539664,0.9655172413793104,0.958904109589041,0.9722222222222222
POST-HOC DEVELOPMENT DIAGNOSTIC,NOT FINAL EFFICACY,NOT PARAMETER SELECTION,NO METHOD CHANGE AUTHORIZED,bin10,bin10,re2tt_ts-train-service_delay_3,ts-train-service,delay,0868b9b567cd44c8,G,MT,10.0,0.01,0.01,10,12,6,1,8,5,218,191,27,0,2,2,0,0,12.0,12,12,,2,0,216,2,11640,108,,,126,0,0,126,0,0,0,0,5263.157894736852,5780.141843971632,0.9722222222222222,0.9722222222222222,0.9722222222222222
POST-HOC DEVELOPMENT DIAGNOSTIC,NOT FINAL EFFICACY,NOT PARAMETER SELECTION,NO METHOD CHANGE AUTHORIZED,bin10,bin10,re2tt_ts-train-service_delay_3,ts-train-service,delay,0868b9b567cd44c8,L,MT,10.0,0.01,0.01,10,12,6,1,8,5,218,191,27,0,2,2,0,0,12.0,12,12,,2,0,216,2,11640,108,,,126,0,0,126,0,0,0,0,7021.276595744682,6893.942109228374,0.9859154929577465,1.0,0.9722222222222222
POST-HOC DEVELOPMENT DIAGNOSTIC,NOT FINAL EFFICACY,NOT PARAMETER SELECTION,NO METHOD CHANGE AUTHORIZED,bin10,bin10,re2tt_ts-train-service_delay_3,ts-train-service,delay,0868b9b567cd44c8,ALL,MT,10.0,0.01,0.01,10,12,6,1,8,5,218,191,27,0,2,2,0,0,12.0,12,12,,2,0,216,2,11640,108,,,126,0,0,126,0,0,0,0,5263.157894736852,5457.228764539664,0.9655172413793104,0.958904109589041,0.9722222222222222
POST-HOC DEVELOPMENT DIAGNOSTIC,NOT FINAL EFFICACY,NOT PARAMETER SELECTION,NO METHOD CHANGE AUTHORIZED,bin10,bin10,re2tt_ts-travel-service_disk_1,ts-travel-service,disk,27afdc4e5ac07b32,G,MTL,10.0,0.01,0.01,10,12,6,1,8,5,232,186,26,20,4,2,1,1,12.0,12,12,2.0,2,0,226,4,12204,216,133387769757744.14,133387769743044.6,126,0,0,126,0,0,0,0,5263.157894736852,5780.141843971632,0.9659863945578231,0.9466666666666667,0.9861111111111112
POST-HOC DEVELOPMENT DIAGNOSTIC,NOT FINAL EFFICACY,NOT PARAMETER SELECTION,NO METHOD CHANGE AUTHORIZED,bin10,bin10,re2tt_ts-travel-service_disk_1,ts-travel-service,disk,27afdc4e5ac07b32,L,MTL,10.0,0.01,0.01,10,12,6,1,8,5,232,186,26,20,4,2,1,1,12.0,12,12,2.0,2,0,226,4,12204,216,132928206426533.34,132928206411997.0,126,0,0,126,0,0,0,0,7021.276595744682,6893.942109228374,0.9659863945578231,0.9466666666666667,0.9861111111111112
POST-HOC DEVELOPMENT DIAGNOSTIC,NOT FINAL EFFICACY,NOT PARAMETER SELECTION,NO METHOD CHANGE AUTHORIZED,bin10,bin10,re2tt_ts-travel-service_disk_1,ts-travel-service,disk,27afdc4e5ac07b32,ALL,MTL,10.0,0.01,0.01,10,12,6,1,8,5,232,186,26,20,4,2,1,1,12.0,12,12,2.0,2,0,226,4,12204,216,133676726661845.89,133676726647186.25,126,0,0,126,0,0,0,0,5263.157894736852,5457.228764539664,0.9659863945578231,0.9466666666666667,0.9861111111111112
POST-HOC DEVELOPMENT DIAGNOSTIC,NOT FINAL EFFICACY,NOT PARAMETER SELECTION,NO METHOD CHANGE AUTHORIZED,bin10,bin10,re2tt_ts-travel-service_disk_1,ts-travel-service,disk,27afdc4e5ac07b32,G,MT,10.0,0.01,0.01,10,12,6,1,8,5,212,186,26,0,3,2,1,0,12.0,12,12,2.0,2,0,206,3,11124,162,,,126,0,0,126,0,0,0,0,5263.157894736852,5780.141843971632,0.9659863945578231,0.9466666666666667,0.9861111111111112
POST-HOC DEVELOPMENT DIAGNOSTIC,NOT FINAL EFFICACY,NOT PARAMETER SELECTION,NO METHOD CHANGE AUTHORIZED,bin10,bin10,re2tt_ts-travel-service_disk_1,ts-travel-service,disk,27afdc4e5ac07b32,L,MT,10.0,0.01,0.01,10,12,6,1,8,5,212,186,26,0,3,2,1,0,12.0,12,12,2.0,2,0,206,3,11124,162,,,126,0,0,126,0,0,0,0,7021.276595744682,6893.942109228374,0.9659863945578231,0.9466666666666667,0.9861111111111112
POST-HOC DEVELOPMENT DIAGNOSTIC,NOT FINAL EFFICACY,NOT PARAMETER SELECTION,NO METHOD CHANGE AUTHORIZED,bin10,bin10,re2tt_ts-travel-service_disk_1,ts-travel-service,disk,27afdc4e5ac07b32,ALL,MT,10.0,0.01,0.01,10,12,6,1,8,5,212,186,26,0,3,2,1,0,12.0,12,12,2.0,2,0,206,3,11124,162,,,126,0,0,126,0,0,0,0,5263.157894736852,5457.228764539664,0.9659863945578231,0.9466666666666667,0.9861111111111112
POST-HOC DEVELOPMENT DIAGNOSTIC,NOT FINAL EFFICACY,NOT PARAMETER SELECTION,NO METHOD CHANGE AUTHORIZED,bin10,bin10,re2tt_ts-travel-service_disk_2,ts-travel-service,disk,757b880ecadc87f4,G,MTL,10.0,0.01,0.01,10,12,6,1,8,5,183,149,20,14,9,9,0,0,12.0,12,12,,8,0,183,9,9874,486,77112597285.71042,77112578631.39511,126,0,0,126,0,0,0,0,5263.157894736852,5780.141843971632,0.92,0.8846153846153846,0.9583333333333334
POST-HOC DEVELOPMENT DIAGNOSTIC,NOT FINAL EFFICACY,NOT PARAMETER SELECTION,NO METHOD CHANGE AUTHORIZED,bin10,bin10,re2tt_ts-travel-service_disk_2,ts-travel-service,disk,757b880ecadc87f4,L,MTL,10.0,0.01,0.01,10,12,6,1,8,5,183,149,20,14,9,9,0,0,12.0,12,12,,8,0,183,9,9874,486,77112597244.16643,77112578631.39511,126,0,0,126,0,0,0,0,7021.276595744682,6893.942109228374,0.9452054794520548,0.9324324324324325,0.9583333333333334
POST-HOC DEVELOPMENT DIAGNOSTIC,NOT FINAL EFFICACY,NOT PARAMETER SELECTION,NO METHOD CHANGE AUTHORIZED,bin10,bin10,re2tt_ts-travel-service_disk_2,ts-travel-service,disk,757b880ecadc87f4,ALL,MTL,10.0,0.01,0.01,10,12,6,1,8,5,183,149,20,14,9,9,0,0,12.0,12,12,,8,0,183,9,9874,486,77112597275.96367,77112578631.39511,126,0,0,126,0,0,0,0,5263.157894736852,5457.228764539664,0.92,0.8846153846153846,0.9583333333333334
POST-HOC DEVELOPMENT DIAGNOSTIC,NOT FINAL EFFICACY,NOT PARAMETER SELECTION,NO METHOD CHANGE AUTHORIZED,bin10,bin10,re2tt_ts-travel-service_disk_2,ts-travel-service,disk,757b880ecadc87f4,G,MT,10.0,0.01,0.01,10,12,6,1,8,5,169,149,20,0,9,9,0,0,12.0,12,12,,8,0,169,9,9118,486,,,126,0,0,126,0,0,0,0,5263.157894736852,5780.141843971632,0.92,0.8846153846153846,0.9583333333333334
POST-HOC DEVELOPMENT DIAGNOSTIC,NOT FINAL EFFICACY,NOT PARAMETER SELECTION,NO METHOD CHANGE AUTHORIZED,bin10,bin10,re2tt_ts-travel-service_disk_2,ts-travel-service,disk,757b880ecadc87f4,L,MT,10.0,0.01,0.01,10,12,6,1,8,5,169,149,20,0,9,9,0,0,12.0,12,12,,8,0,169,9,9118,486,,,126,0,0,126,0,0,0,0,7021.276595744682,6893.942109228374,0.9452054794520548,0.9324324324324325,0.9583333333333334
POST-HOC DEVELOPMENT DIAGNOSTIC,NOT FINAL EFFICACY,NOT PARAMETER SELECTION,NO METHOD CHANGE AUTHORIZED,bin10,bin10,re2tt_ts-travel-service_disk_2,ts-travel-service,disk,757b880ecadc87f4,ALL,MT,10.0,0.01,0.01,10,12,6,1,8,5,169,149,20,0,9,9,0,0,12.0,12,12,,8,0,169,9,9118,486,,,126,0,0,126,0,0,0,0,5263.157894736852,5457.228764539664,0.92,0.8846153846153846,0.9583333333333334
POST-HOC DEVELOPMENT DIAGNOSTIC,NOT FINAL EFFICACY,NOT PARAMETER SELECTION,NO METHOD CHANGE AUTHORIZED,bin10,bin10,re2tt_ts-travel-service_disk_3,ts-travel-service,disk,3b90d794c8506cef,G,MTL,10.0,0.01,0.01,10,12,6,1,8,5,183,149,20,14,9,9,0,0,12.0,12,12,,9,0,183,9,9882,486,10809.710990785756,0.0,126,0,0,126,0,0,0,0,5263.157894736852,5780.141843971632,1.0,1.0,1.0
POST-HOC DEVELOPMENT DIAGNOSTIC,NOT FINAL EFFICACY,NOT PARAMETER SELECTION,NO METHOD CHANGE AUTHORIZED,bin10,bin10,re2tt_ts-travel-service_disk_3,ts-travel-service,disk,3b90d794c8506cef,L,MTL,10.0,0.01,0.01,10,12,6,1,8,5,183,149,20,14,9,9,0,0,12.0,12,12,,9,0,183,9,9882,486,10804.265064630132,0.0,126,0,0,126,0,0,0,0,7021.276595744682,6893.942109228374,1.0,1.0,1.0
POST-HOC DEVELOPMENT DIAGNOSTIC,NOT FINAL EFFICACY,NOT PARAMETER SELECTION,NO METHOD CHANGE AUTHORIZED,bin10,bin10,re2tt_ts-travel-service_disk_3,ts-travel-service,disk,3b90d794c8506cef,ALL,MTL,10.0,0.01,0.01,10,12,6,1,8,5,183,149,20,14,9,9,0,0,12.0,12,12,,9,0,183,9,9882,486,10809.163616361333,0.0,126,0,0,126,0,0,0,0,5263.157894736852,5457.228764539664,1.0,1.0,1.0
POST-HOC DEVELOPMENT DIAGNOSTIC,NOT FINAL EFFICACY,NOT PARAMETER SELECTION,NO METHOD CHANGE AUTHORIZED,bin10,bin10,re2tt_ts-travel-service_disk_3,ts-travel-service,disk,3b90d794c8506cef,G,MT,10.0,0.01,0.01,10,12,6,1,8,5,169,149,20,0,9,9,0,0,12.0,12,12,,9,0,169,9,9126,486,,,126,0,0,126,0,0,0,0,5263.157894736852,5780.141843971632,1.0,1.0,1.0
POST-HOC DEVELOPMENT DIAGNOSTIC,NOT FINAL EFFICACY,NOT PARAMETER SELECTION,NO METHOD CHANGE AUTHORIZED,bin10,bin10,re2tt_ts-travel-service_disk_3,ts-travel-service,disk,3b90d794c8506cef,L,MT,10.0,0.01,0.01,10,12,6,1,8,5,169,149,20,0,9,9,0,0,12.0,12,12,,9,0,169,9,9126,486,,,126,0,0,126,0,0,0,0,7021.276595744682,6893.942109228374,1.0,1.0,1.0
POST-HOC DEVELOPMENT DIAGNOSTIC,NOT FINAL EFFICACY,NOT PARAMETER SELECTION,NO METHOD CHANGE AUTHORIZED,bin10,bin10,re2tt_ts-travel-service_disk_3,ts-travel-service,disk,3b90d794c8506cef,ALL,MT,10.0,0.01,0.01,10,12,6,1,8,5,169,149,20,0,9,9,0,0,12.0,12,12,,9,0,169,9,9126,486,,,126,0,0,126,0,0,0,0,5263.157894736852,5457.228764539664,1.0,1.0,1.0
POST-HOC DEVELOPMENT DIAGNOSTIC,NOT FINAL EFFICACY,NOT PARAMETER SELECTION,NO METHOD CHANGE AUTHORIZED,bin10,bin10,re2tt_ts-travel-service_loss_1,ts-travel-service,loss,dd8536efed49ca5a,G,MTL,10.0,0.01,0.01,10,12,6,1,8,5,238,191,27,20,2,2,0,0,12.0,12,12,,2,0,238,2,12814,108,15417.574825535357,0.0,126,0,0,126,0,0,0,0,5957.446808510638,5780.141843971632,0.9655172413793104,0.958904109589041,0.9722222222222222
POST-HOC DEVELOPMENT DIAGNOSTIC,NOT FINAL EFFICACY,NOT PARAMETER SELECTION,NO METHOD CHANGE AUTHORIZED,bin10,bin10,re2tt_ts-travel-service_loss_1,ts-travel-service,loss,dd8536efed49ca5a,L,MTL,10.0,0.01,0.01,10,12,6,1,8,5,238,191,27,20,2,2,0,0,12.0,12,12,,2,0,238,2,12814,108,15431.224703649132,0.0,126,0,0,126,0,0,0,0,7021.276595744682,6893.942109228374,0.9655172413793104,0.958904109589041,0.9722222222222222
POST-HOC DEVELOPMENT DIAGNOSTIC,NOT FINAL EFFICACY,NOT PARAMETER SELECTION,NO METHOD CHANGE AUTHORIZED,bin10,bin10,re2tt_ts-travel-service_loss_1,ts-travel-service,loss,dd8536efed49ca5a,ALL,MTL,10.0,0.01,0.01,10,12,6,1,8,5,238,191,27,20,2,2,0,0,12.0,12,12,,2,0,238,2,12814,108,15435.996925881298,0.0,126,0,0,126,0,0,0,0,5957.446808510638,5457.228764539664,0.9655172413793104,0.958904109589041,0.9722222222222222
POST-HOC DEVELOPMENT DIAGNOSTIC,NOT FINAL EFFICACY,NOT PARAMETER SELECTION,NO METHOD CHANGE AUTHORIZED,bin10,bin10,re2tt_ts-travel-service_loss_1,ts-travel-service,loss,dd8536efed49ca5a,G,MT,10.0,0.01,0.01,10,12,6,1,8,5,218,191,27,0,2,2,0,0,12.0,12,12,,2,0,218,2,11734,108,,,126,0,0,126,0,0,0,0,5957.446808510638,5780.141843971632,0.9655172413793104,0.958904109589041,0.9722222222222222
POST-HOC DEVELOPMENT DIAGNOSTIC,NOT FINAL EFFICACY,NOT PARAMETER SELECTION,NO METHOD CHANGE AUTHORIZED,bin10,bin10,re2tt_ts-travel-service_loss_1,ts-travel-service,loss,dd8536efed49ca5a,L,MT,10.0,0.01,0.01,10,12,6,1,8,5,218,191,27,0,2,2,0,0,12.0,12,12,,2,0,218,2,11734,108,,,126,0,0,126,0,0,0,0,7021.276595744682,6893.942109228374,0.9655172413793104,0.958904109589041,0.9722222222222222
POST-HOC DEVELOPMENT DIAGNOSTIC,NOT FINAL EFFICACY,NOT PARAMETER SELECTION,NO METHOD CHANGE AUTHORIZED,bin10,bin10,re2tt_ts-travel-service_loss_1,ts-travel-service,loss,dd8536efed49ca5a,ALL,MT,10.0,0.01,0.01,10,12,6,1,8,5,218,191,27,0,2,2,0,0,12.0,12,12,,2,0,218,2,11734,108,,,126,0,0,126,0,0,0,0,5957.446808510638,5457.228764539664,0.9655172413793104,0.958904109589041,0.9722222222222222
POST-HOC DEVELOPMENT DIAGNOSTIC,NOT FINAL EFFICACY,NOT PARAMETER SELECTION,NO METHOD CHANGE AUTHORIZED,bin10,bin10,re2tt_ts-travel-service_loss_2,ts-travel-service,loss,b493b6b9e7b01687,G,MTL,10.0,0.01,0.01,10,12,6,1,8,5,246,199,27,20,12,10,1,1,12.0,12,12,2.0,10,0,244,12,13158,648,145174507072605.56,145174507054140.7,126,2,0,124,0,2,0,0,5957.446808510638,5780.141843971632,0.950354609929078,0.9710144927536232,0.9305555555555556
POST-HOC DEVELOPMENT DIAGNOSTIC,NOT FINAL EFFICACY,NOT PARAMETER SELECTION,NO METHOD CHANGE AUTHORIZED,bin10,bin10,re2tt_ts-travel-service_loss_2,ts-travel-service,loss,b493b6b9e7b01687,L,MTL,10.0,0.01,0.01,10,12,6,1,8,5,246,199,27,20,12,10,1,1,12.0,12,12,2.0,10,0,244,12,13158,648,145218766336531.62,145218766318423.8,126,2,0,124,0,2,0,0,7021.276595744682,6893.942109228374,0.9361702127659575,0.9565217391304348,0.9166666666666666
POST-HOC DEVELOPMENT DIAGNOSTIC,NOT FINAL EFFICACY,NOT PARAMETER SELECTION,NO METHOD CHANGE AUTHORIZED,bin10,bin10,re2tt_ts-travel-service_loss_2,ts-travel-service,loss,b493b6b9e7b01687,ALL,MTL,10.0,0.01,0.01,10,12,6,1,8,5,246,199,27,20,12,10,1,1,12.0,12,12,2.0,10,0,244,12,13158,648,145209054890327.75,145209054872138.34,126,2,0,124,0,2,0,0,5957.446808510638,5457.228764539664,0.950354609929078,0.9710144927536232,0.9305555555555556
POST-HOC DEVELOPMENT DIAGNOSTIC,NOT FINAL EFFICACY,NOT PARAMETER SELECTION,NO METHOD CHANGE AUTHORIZED,bin10,bin10,re2tt_ts-travel-service_loss_2,ts-travel-service,loss,b493b6b9e7b01687,G,MT,10.0,0.01,0.01,10,12,6,1,8,5,226,199,27,0,11,10,1,0,12.0,12,12,2.0,10,0,224,11,12078,594,,,126,2,0,124,0,2,0,0,5957.446808510638,5780.141843971632,0.950354609929078,0.9710144927536232,0.9305555555555556
POST-HOC DEVELOPMENT DIAGNOSTIC,NOT FINAL EFFICACY,NOT PARAMETER SELECTION,NO METHOD CHANGE AUTHORIZED,bin10,bin10,re2tt_ts-travel-service_loss_2,ts-travel-service,loss,b493b6b9e7b01687,L,MT,10.0,0.01,0.01,10,12,6,1,8,5,226,199,27,0,11,10,1,0,12.0,12,12,2.0,10,0,224,11,12078,594,,,126,2,0,124,0,2,0,0,7021.276595744682,6893.942109228374,0.9361702127659575,0.9565217391304348,0.9166666666666666
POST-HOC DEVELOPMENT DIAGNOSTIC,NOT FINAL EFFICACY,NOT PARAMETER SELECTION,NO METHOD CHANGE AUTHORIZED,bin10,bin10,re2tt_ts-travel-service_loss_2,ts-travel-service,loss,b493b6b9e7b01687,ALL,MT,10.0,0.01,0.01,10,12,6,1,8,5,226,199,27,0,11,10,1,0,12.0,12,12,2.0,10,0,224,11,12078,594,,,126,2,0,124,0,2,0,0,5957.446808510638,5457.228764539664,0.950354609929078,0.9710144927536232,0.9305555555555556
POST-HOC DEVELOPMENT DIAGNOSTIC,NOT FINAL EFFICACY,NOT PARAMETER SELECTION,NO METHOD CHANGE AUTHORIZED,bin10,bin10,re2tt_ts-travel-service_loss_3,ts-travel-service,loss,7138fe1fe1ddf617,G,MTL,10.0,0.01,0.01,10,12,6,1,8,5,239,192,27,20,3,3,0,0,12.0,12,12,,3,0,239,3,12890,162,12797.643039290833,0.0,126,10,0,116,0,10,0,0,5957.446808510638,5780.141843971632,0.34782608695652173,0.8,0.2222222222222222
POST-HOC DEVELOPMENT DIAGNOSTIC,NOT FINAL EFFICACY,NOT PARAMETER SELECTION,NO METHOD CHANGE AUTHORIZED,bin10,bin10,re2tt_ts-travel-service_loss_3,ts-travel-service,loss,7138fe1fe1ddf617,L,MTL,10.0,0.01,0.01,10,12,6,1,8,5,239,192,27,20,3,3,0,0,12.0,12,12,,3,0,239,3,12890,162,12804.802166269938,0.0,126,10,0,116,0,10,0,0,7021.276595744682,6893.942109228374,0.3516483516483517,0.8421052631578947,0.2222222222222222
POST-HOC DEVELOPMENT DIAGNOSTIC,NOT FINAL EFFICACY,NOT PARAMETER SELECTION,NO METHOD CHANGE AUTHORIZED,bin10,bin10,re2tt_ts-travel-service_loss_3,ts-travel-service,loss,7138fe1fe1ddf617,ALL,MTL,10.0,0.01,0.01,10,12,6,1,8,5,239,192,27,20,3,3,0,0,12.0,12,12,,3,0,239,3,12890,162,12798.887899629437,0.0,126,10,0,116,0,10,0,0,5957.446808510638,5457.228764539664,0.34782608695652173,0.8,0.2222222222222222
POST-HOC DEVELOPMENT DIAGNOSTIC,NOT FINAL EFFICACY,NOT PARAMETER SELECTION,NO METHOD CHANGE AUTHORIZED,bin10,bin10,re2tt_ts-travel-service_loss_3,ts-travel-service,loss,7138fe1fe1ddf617,G,MT,10.0,0.01,0.01,10,12,6,1,8,5,219,192,27,0,3,3,0,0,12.0,12,12,,3,0,219,3,11810,162,,,126,10,0,116,0,10,0,0,5957.446808510638,5780.141843971632,0.34782608695652173,0.8,0.2222222222222222
POST-HOC DEVELOPMENT DIAGNOSTIC,NOT FINAL EFFICACY,NOT PARAMETER SELECTION,NO METHOD CHANGE AUTHORIZED,bin10,bin10,re2tt_ts-travel-service_loss_3,ts-travel-service,loss,7138fe1fe1ddf617,L,MT,10.0,0.01,0.01,10,12,6,1,8,5,219,192,27,0,3,3,0,0,12.0,12,12,,3,0,219,3,11810,162,,,126,10,0,116,0,10,0,0,7021.276595744682,6893.942109228374,0.3516483516483517,0.8421052631578947,0.2222222222222222
POST-HOC DEVELOPMENT DIAGNOSTIC,NOT FINAL EFFICACY,NOT PARAMETER SELECTION,NO METHOD CHANGE AUTHORIZED,bin10,bin10,re2tt_ts-travel-service_loss_3,ts-travel-service,loss,7138fe1fe1ddf617,ALL,MT,10.0,0.01,0.01,10,12,6,1,8,5,219,192,27,0,3,3,0,0,12.0,12,12,,3,0,219,3,11810,162,,,126,10,0,116,0,10,0,0,5957.446808510638,5457.228764539664,0.34782608695652173,0.8,0.2222222222222222
POST-HOC DEVELOPMENT DIAGNOSTIC,NOT FINAL EFFICACY,NOT PARAMETER SELECTION,NO METHOD CHANGE AUTHORIZED,prefix240,prefix240,re2tt_ts-auth-service_cpu_1,ts-auth-service,cpu,96538c0c0d6a11d8,G,MTL,10.0,0.01,0.01,5,32,16,1,24,12,229,202,27,0,14,13,1,0,32.0,32,32,7.0,13,0,229,14,21940,1344,85091553104190.19,85091553087795.03,240,31,0,209,0,3,28,0,4361.702127659585,4893.6170212766,0.15286624203821655,0.9230769230769231,0.08333333333333333
POST-HOC DEVELOPMENT DIAGNOSTIC,NOT FINAL EFFICACY,NOT PARAMETER SELECTION,NO METHOD CHANGE AUTHORIZED,prefix240,prefix240,re2tt_ts-auth-service_cpu_1,ts-auth-service,cpu,96538c0c0d6a11d8,L,MTL,10.0,0.01,0.01,5,32,16,1,24,12,229,202,27,0,14,13,1,0,32.0,32,32,7.0,13,0,229,14,21940,1344,85116472623615.62,85116472607198.33,240,51,0,189,0,2,49,0,104062834207889.14,124120813938759.81,0.24598930481283424,0.5348837209302325,0.1597222222222222
POST-HOC DEVELOPMENT DIAGNOSTIC,NOT FINAL EFFICACY,NOT PARAMETER SELECTION,NO METHOD CHANGE AUTHORIZED,prefix240,prefix240,re2tt_ts-auth-service_cpu_1,ts-auth-service,cpu,96538c0c0d6a11d8,ALL,MTL,10.0,0.01,0.01,5,32,16,1,24,12,229,202,27,0,14,13,1,0,32.0,32,32,7.0,13,0,229,14,21940,1344,85095615245095.97,85095615228645.55,240,31,0,209,0,3,28,0,4361.702127659585,4361.702127659585,0.15286624203821655,0.9230769230769231,0.08333333333333333
POST-HOC DEVELOPMENT DIAGNOSTIC,NOT FINAL EFFICACY,NOT PARAMETER SELECTION,NO METHOD CHANGE AUTHORIZED,prefix240,prefix240,re2tt_ts-auth-service_cpu_1,ts-auth-service,cpu,96538c0c0d6a11d8,G,MT,10.0,0.01,0.01,5,32,16,1,24,12,229,202,27,0,14,13,1,0,32.0,32,32,7.0,13,0,229,14,21940,1344,,,240,31,0,209,0,3,28,0,4361.702127659585,4893.6170212766,0.15286624203821655,0.9230769230769231,0.08333333333333333
POST-HOC DEVELOPMENT DIAGNOSTIC,NOT FINAL EFFICACY,NOT PARAMETER SELECTION,NO METHOD CHANGE AUTHORIZED,prefix240,prefix240,re2tt_ts-auth-service_cpu_1,ts-auth-service,cpu,96538c0c0d6a11d8,L,MT,10.0,0.01,0.01,5,32,16,1,24,12,229,202,27,0,14,13,1,0,32.0,32,32,7.0,13,0,229,14,21940,1344,,,240,51,0,189,0,2,49,0,104062834207889.14,121749296054551.95,0.24598930481283424,0.5348837209302325,0.1597222222222222
POST-HOC DEVELOPMENT DIAGNOSTIC,NOT FINAL EFFICACY,NOT PARAMETER SELECTION,NO METHOD CHANGE AUTHORIZED,prefix240,prefix240,re2tt_ts-auth-service_cpu_1,ts-auth-service,cpu,96538c0c0d6a11d8,ALL,MT,10.0,0.01,0.01,5,32,16,1,24,12,229,202,27,0,14,13,1,0,32.0,32,32,7.0,13,0,229,14,21940,1344,,,240,31,0,209,0,3,28,0,4361.702127659585,4361.702127659585,0.15286624203821655,0.9230769230769231,0.08333333333333333
POST-HOC DEVELOPMENT DIAGNOSTIC,NOT FINAL EFFICACY,NOT PARAMETER SELECTION,NO METHOD CHANGE AUTHORIZED,prefix240,prefix240,re2tt_ts-auth-service_cpu_2,ts-auth-service,cpu,63f914383963739b,G,MTL,10.0,0.01,0.01,5,32,16,1,24,12,241,194,27,20,7,5,1,1,32.0,32,32,5.5,5,0,239,7,22868,672,161428256388550.62,161428256368151.16,240,33,0,207,0,0,3,30,4361.702127659585,4893.6170212766,0.47368421052631576,0.6428571428571429,0.375
POST-HOC DEVELOPMENT DIAGNOSTIC,NOT FINAL EFFICACY,NOT PARAMETER SELECTION,NO METHOD CHANGE AUTHORIZED,prefix240,prefix240,re2tt_ts-auth-service_cpu_2,ts-auth-service,cpu,63f914383963739b,L,MTL,10.0,0.01,0.01,5,32,16,1,24,12,241,194,27,20,7,5,1,1,32.0,32,32,5.5,5,0,239,7,22868,672,161416260463850.97,161416260443489.3,240,54,0,186,0,0,9,45,104062834207889.14,124120813938759.81,0.3076923076923077,0.5882352941176471,0.20833333333333334
POST-HOC DEVELOPMENT DIAGNOSTIC,NOT FINAL EFFICACY,NOT PARAMETER SELECTION,NO METHOD CHANGE AUTHORIZED,prefix240,prefix240,re2tt_ts-auth-service_cpu_2,ts-auth-service,cpu,63f914383963739b,ALL,MTL,10.0,0.01,0.01,5,32,16,1,24,12,241,194,27,20,7,5,1,1,32.0,32,32,5.5,5,0,239,7,22868,672,161481506814030.5,161481506793562.2,240,25,0,215,0,0,0,25,4361.702127659585,4361.702127659585,0.47368421052631576,0.6428571428571429,0.375
POST-HOC DEVELOPMENT DIAGNOSTIC,NOT FINAL EFFICACY,NOT PARAMETER SELECTION,NO METHOD CHANGE AUTHORIZED,prefix240,prefix240,re2tt_ts-auth-service_cpu_2,ts-auth-service,cpu,63f914383963739b,G,MT,10.0,0.01,0.01,5,32,16,1,24,12,221,194,27,0,6,5,1,0,32.0,32,32,5.0,5,0,219,6,20948,576,,,240,30,0,210,0,0,30,0,4361.702127659585,4893.6170212766,0.47368421052631576,0.6428571428571429,0.375
POST-HOC DEVELOPMENT DIAGNOSTIC,NOT FINAL EFFICACY,NOT PARAMETER SELECTION,NO METHOD CHANGE AUTHORIZED,prefix240,prefix240,re2tt_ts-auth-service_cpu_2,ts-auth-service,cpu,63f914383963739b,L,MT,10.0,0.01,0.01,5,32,16,1,24,12,221,194,27,0,6,5,1,0,32.0,32,32,5.0,5,0,219,6,20948,576,,,240,49,0,191,0,0,49,0,104062834207889.14,121749296054551.95,0.2857142857142857,0.6,0.1875
POST-HOC DEVELOPMENT DIAGNOSTIC,NOT FINAL EFFICACY,NOT PARAMETER SELECTION,NO METHOD CHANGE AUTHORIZED,prefix240,prefix240,re2tt_ts-auth-service_cpu_2,ts-auth-service,cpu,63f914383963739b,ALL,MT,10.0,0.01,0.01,5,32,16,1,24,12,221,194,27,0,6,5,1,0,32.0,32,32,5.0,5,0,219,6,20948,576,,,240,8,0,232,0,0,8,0,4361.702127659585,4361.702127659585,0.47368421052631576,0.6428571428571429,0.375
POST-HOC DEVELOPMENT DIAGNOSTIC,NOT FINAL EFFICACY,NOT PARAMETER SELECTION,NO METHOD CHANGE AUTHORIZED,prefix240,prefix240,re2tt_ts-auth-service_cpu_3,ts-auth-service,cpu,45e43770afa33cef,G,MTL,10.0,0.01,0.01,5,32,16,1,24,12,247,200,27,20,16,11,3,2,32.0,32,32,5.0,11,0,247,16,23636,1536,424151242849485.6,424151242829601.6,240,2,0,238,0,0,2,0,4361.702127659585,4893.6170212766,0.15476190476190477,0.5416666666666666,0.09027777777777778
POST-HOC DEVELOPMENT DIAGNOSTIC,NOT FINAL EFFICACY,NOT PARAMETER SELECTION,NO METHOD CHANGE AUTHORIZED,prefix240,prefix240,re2tt_ts-auth-service_cpu_3,ts-auth-service,cpu,45e43770afa33cef,L,MTL,10.0,0.01,0.01,5,32,16,1,24,12,247,200,27,20,16,11,3,2,32.0,32,32,5.0,11,0,247,16,23636,1536,424140513991191.4,424140513971239.5,240,70,0,170,0,0,70,0,104062834207889.14,124120813938759.81,0.42452830188679247,0.6617647058823529,0.3125
POST-HOC DEVELOPMENT DIAGNOSTIC,NOT FINAL EFFICACY,NOT PARAMETER SELECTION,NO METHOD CHANGE AUTHORIZED,prefix240,prefix240,re2tt_ts-auth-service_cpu_3,ts-auth-service,cpu,45e43770afa33cef,ALL,MTL,10.0,0.01,0.01,5,32,16,1,24,12,247,200,27,20,16,11,3,2,32.0,32,32,5.0,11,0,247,16,23636,1536,430234325221726.4,430234325201763.4,240,0,0,240,0,0,0,0,4361.702127659585,4361.702127659585,0.0,0.0,0.0
POST-HOC DEVELOPMENT DIAGNOSTIC,NOT FINAL EFFICACY,NOT PARAMETER SELECTION,NO METHOD CHANGE AUTHORIZED,prefix240,prefix240,re2tt_ts-auth-service_cpu_3,ts-auth-service,cpu,45e43770afa33cef,G,MT,10.0,0.01,0.01,5,32,16,1,24,12,227,200,27,0,14,11,3,0,32.0,32,32,5.0,11,0,227,14,21716,1344,,,240,2,0,238,0,0,2,0,4361.702127659585,4893.6170212766,0.15476190476190477,0.5416666666666666,0.09027777777777778
POST-HOC DEVELOPMENT DIAGNOSTIC,NOT FINAL EFFICACY,NOT PARAMETER SELECTION,NO METHOD CHANGE AUTHORIZED,prefix240,prefix240,re2tt_ts-auth-service_cpu_3,ts-auth-service,cpu,45e43770afa33cef,L,MT,10.0,0.01,0.01,5,32,16,1,24,12,227,200,27,0,14,11,3,0,32.0,32,32,5.0,11,0,227,14,21716,1344,,,240,70,0,170,0,0,70,0,104062834207889.14,121749296054551.95,0.42452830188679247,0.6617647058823529,0.3125
POST-HOC DEVELOPMENT DIAGNOSTIC,NOT FINAL EFFICACY,NOT PARAMETER SELECTION,NO METHOD CHANGE AUTHORIZED,prefix240,prefix240,re2tt_ts-auth-service_cpu_3,ts-auth-service,cpu,45e43770afa33cef,ALL,MT,10.0,0.01,0.01,5,32,16,1,24,12,227,200,27,0,14,11,3,0,32.0,32,32,5.0,11,0,227,14,21716,1344,,,240,0,0,240,0,0,0,0,4361.702127659585,4361.702127659585,0.0,0.0,0.0
POST-HOC DEVELOPMENT DIAGNOSTIC,NOT FINAL EFFICACY,NOT PARAMETER SELECTION,NO METHOD CHANGE AUTHORIZED,prefix240,prefix240,re2tt_ts-auth-service_delay_1,ts-auth-service,delay,87443a2d6d14434c,G,MTL,10.0,0.01,0.01,5,32,16,1,24,12,252,204,27,21,17,15,1,1,32.0,9,32,4.5,13,0,251,16,24036,1536,74628647480761.4,74628647461804.55,240,5,0,235,0,5,0,0,4893.6170212766,4893.6170212766,0.06711409395973154,1.0,0.034722222222222224
POST-HOC DEVELOPMENT DIAGNOSTIC,NOT FINAL EFFICACY,NOT PARAMETER SELECTION,NO METHOD CHANGE AUTHORIZED,prefix240,prefix240,re2tt_ts-auth-service_delay_1,ts-auth-service,delay,87443a2d6d14434c,L,MTL,10.0,0.01,0.01,5,32,16,1,24,12,252,204,27,21,17,15,1,1,32.0,9,32,4.5,13,0,251,16,24036,1536,74678479223895.81,74678479205248.16,240,5,0,235,0,5,0,0,121749296054551.95,124120813938759.81,0.0,0.0,0.0
POST-HOC DEVELOPMENT DIAGNOSTIC,NOT FINAL EFFICACY,NOT PARAMETER SELECTION,NO METHOD CHANGE AUTHORIZED,prefix240,prefix240,re2tt_ts-auth-service_delay_1,ts-auth-service,delay,87443a2d6d14434c,ALL,MTL,10.0,0.01,0.01,5,32,16,1,24,12,252,204,27,21,17,15,1,1,32.0,9,32,4.5,13,0,251,16,24036,1536,74723497453403.94,74723497434689.69,240,6,0,234,0,6,0,0,4361.702127659585,4361.702127659585,0.09271523178807947,1.0,0.04861111111111111
POST-HOC DEVELOPMENT DIAGNOSTIC,NOT FINAL EFFICACY,NOT PARAMETER SELECTION,NO METHOD CHANGE AUTHORIZED,prefix240,prefix240,re2tt_ts-auth-service_delay_1,ts-auth-service,delay,87443a2d6d14434c,G,MT,10.0,0.01,0.01,5,32,16,1,24,12,231,204,27,0,16,15,1,0,32.0,9,32,7.0,13,0,230,15,22020,1440,,,240,5,0,235,0,5,0,0,4893.6170212766,4893.6170212766,0.06711409395973154,1.0,0.034722222222222224
POST-HOC DEVELOPMENT DIAGNOSTIC,NOT FINAL EFFICACY,NOT PARAMETER SELECTION,NO METHOD CHANGE AUTHORIZED,prefix240,prefix240,re2tt_ts-auth-service_delay_1,ts-auth-service,delay,87443a2d6d14434c,L,MT,10.0,0.01,0.01,5,32,16,1,24,12,231,204,27,0,16,15,1,0,32.0,9,32,7.0,13,0,230,15,22020,1440,,,240,5,0,235,0,5,0,0,121749296054551.95,121749296054551.95,0.0,0.0,0.0
POST-HOC DEVELOPMENT DIAGNOSTIC,NOT FINAL EFFICACY,NOT PARAMETER SELECTION,NO METHOD CHANGE AUTHORIZED,prefix240,prefix240,re2tt_ts-auth-service_delay_1,ts-auth-service,delay,87443a2d6d14434c,ALL,MT,10.0,0.01,0.01,5,32,16,1,24,12,231,204,27,0,16,15,1,0,32.0,9,32,7.0,13,0,230,15,22020,1440,,,240,6,0,234,0,6,0,0,4361.702127659585,4361.702127659585,0.09271523178807947,1.0,0.04861111111111111
POST-HOC DEVELOPMENT DIAGNOSTIC,NOT FINAL EFFICACY,NOT PARAMETER SELECTION,NO METHOD CHANGE AUTHORIZED,prefix240,prefix240,re2tt_ts-auth-service_delay_2,ts-auth-service,delay,24851f5149e4321a,G,MTL,10.0,0.01,0.01,5,32,16,1,24,12,238,191,27,20,3,2,1,0,32.0,32,32,5.0,2,0,226,3,21696,288,57718130222298.125,57718130191023.266,240,1,0,239,0,0,1,0,4893.6170212766,4893.6170212766,0.19161676646706588,0.6956521739130435,0.1111111111111111
POST-HOC DEVELOPMENT DIAGNOSTIC,NOT FINAL EFFICACY,NOT PARAMETER SELECTION,NO METHOD CHANGE AUTHORIZED,prefix240,prefix240,re2tt_ts-auth-service_delay_2,ts-auth-service,delay,24851f5149e4321a,L,MTL,10.0,0.01,0.01,5,32,16,1,24,12,238,191,27,20,3,2,1,0,32.0,32,32,5.0,2,0,226,3,21696,288,57830963668276.02,57830963636507.39,240,61,0,179,0,0,61,0,121749296054551.95,124120813938759.81,0.15757575757575756,0.6190476190476191,0.09027777777777778
POST-HOC DEVELOPMENT DIAGNOSTIC,NOT FINAL EFFICACY,NOT PARAMETER SELECTION,NO METHOD CHANGE AUTHORIZED,prefix240,prefix240,re2tt_ts-auth-service_delay_2,ts-auth-service,delay,24851f5149e4321a,ALL,MTL,10.0,0.01,0.01,5,32,16,1,24,12,238,191,27,20,3,2,1,0,32.0,32,32,5.0,2,0,226,3,21696,288,57880272767702.79,57880272736490.54,240,9,0,231,0,0,9,0,4361.702127659585,4361.702127659585,0.4577114427860697,0.8070175438596491,0.3194444444444444
POST-HOC DEVELOPMENT DIAGNOSTIC,NOT FINAL EFFICACY,NOT PARAMETER SELECTION,NO METHOD CHANGE AUTHORIZED,prefix240,prefix240,re2tt_ts-auth-service_delay_2,ts-auth-service,delay,24851f5149e4321a,G,MT,10.0,0.01,0.01,5,32,16,1,24,12,218,191,27,0,3,2,1,0,32.0,32,32,5.0,2,0,206,3,19776,288,,,240,1,0,239,0,0,1,0,4893.6170212766,4893.6170212766,0.19161676646706588,0.6956521739130435,0.1111111111111111
POST-HOC DEVELOPMENT DIAGNOSTIC,NOT FINAL EFFICACY,NOT PARAMETER SELECTION,NO METHOD CHANGE AUTHORIZED,prefix240,prefix240,re2tt_ts-auth-service_delay_2,ts-auth-service,delay,24851f5149e4321a,L,MT,10.0,0.01,0.01,5,32,16,1,24,12,218,191,27,0,3,2,1,0,32.0,32,32,5.0,2,0,206,3,19776,288,,,240,61,0,179,0,0,61,0,121749296054551.95,121749296054551.95,0.15757575757575756,0.6190476190476191,0.09027777777777778
POST-HOC DEVELOPMENT DIAGNOSTIC,NOT FINAL EFFICACY,NOT PARAMETER SELECTION,NO METHOD CHANGE AUTHORIZED,prefix240,prefix240,re2tt_ts-auth-service_delay_2,ts-auth-service,delay,24851f5149e4321a,ALL,MT,10.0,0.01,0.01,5,32,16,1,24,12,218,191,27,0,3,2,1,0,32.0,32,32,5.0,2,0,206,3,19776,288,,,240,9,0,231,0,0,9,0,4361.702127659585,4361.702127659585,0.4577114427860697,0.8070175438596491,0.3194444444444444
POST-HOC DEVELOPMENT DIAGNOSTIC,NOT FINAL EFFICACY,NOT PARAMETER SELECTION,NO METHOD CHANGE AUTHORIZED,prefix240,prefix240,re2tt_ts-auth-service_delay_3,ts-auth-service,delay,549b2f655fc55fd1,G,MTL,10.0,0.01,0.01,5,32,16,1,24,12,239,192,27,20,4,3,1,0,32.0,32,32,6.0,3,0,239,4,22876,384,65116897234302.02,65116897207711.05,240,0,0,240,0,0,0,0,4893.6170212766,4893.6170212766,0.0,0.0,0.0
POST-HOC DEVELOPMENT DIAGNOSTIC,NOT FINAL EFFICACY,NOT PARAMETER SELECTION,NO METHOD CHANGE AUTHORIZED,prefix240,prefix240,re2tt_ts-auth-service_delay_3,ts-auth-service,delay,549b2f655fc55fd1,L,MTL,10.0,0.01,0.01,5,32,16,1,24,12,239,192,27,20,4,3,1,0,32.0,32,32,6.0,3,0,239,4,22876,384,65123965400289.24,65123965373051.46,240,0,0,240,0,0,0,0,121749296054551.95,124120813938759.81,0.0,0.0,0.0
POST-HOC DEVELOPMENT DIAGNOSTIC,NOT FINAL EFFICACY,NOT PARAMETER SELECTION,NO METHOD CHANGE AUTHORIZED,prefix240,prefix240,re2tt_ts-auth-service_delay_3,ts-auth-service,delay,549b2f655fc55fd1,ALL,MTL,10.0,0.01,0.01,5,32,16,1,24,12,239,192,27,20,4,3,1,0,32.0,32,32,6.0,3,0,239,4,22876,384,65102770397369.84,65102770370660.66,240,0,0,240,0,0,0,0,4361.702127659585,4361.702127659585,0.0,0.0,0.0
POST-HOC DEVELOPMENT DIAGNOSTIC,NOT FINAL EFFICACY,NOT PARAMETER SELECTION,NO METHOD CHANGE AUTHORIZED,prefix240,prefix240,re2tt_ts-auth-service_delay_3,ts-auth-service,delay,549b2f655fc55fd1,G,MT,10.0,0.01,0.01,5,32,16,1,24,12,219,192,27,0,4,3,1,0,32.0,32,32,6.0,3,0,219,4,20956,384,,,240,0,0,240,0,0,0,0,4893.6170212766,4893.6170212766,0.0,0.0,0.0
POST-HOC DEVELOPMENT DIAGNOSTIC,NOT FINAL EFFICACY,NOT PARAMETER SELECTION,NO METHOD CHANGE AUTHORIZED,prefix240,prefix240,re2tt_ts-auth-service_delay_3,ts-auth-service,delay,549b2f655fc55fd1,L,MT,10.0,0.01,0.01,5,32,16,1,24,12,219,192,27,0,4,3,1,0,32.0,32,32,6.0,3,0,219,4,20956,384,,,240,0,0,240,0,0,0,0,121749296054551.95,121749296054551.95,0.0,0.0,0.0
POST-HOC DEVELOPMENT DIAGNOSTIC,NOT FINAL EFFICACY,NOT PARAMETER SELECTION,NO METHOD CHANGE AUTHORIZED,prefix240,prefix240,re2tt_ts-auth-service_delay_3,ts-auth-service,delay,549b2f655fc55fd1,ALL,MT,10.0,0.01,0.01,5,32,16,1,24,12,219,192,27,0,4,3,1,0,32.0,32,32,6.0,3,0,219,4,20956,384,,,240,0,0,240,0,0,0,0,4361.702127659585,4361.702127659585,0.0,0.0,0.0
POST-HOC DEVELOPMENT DIAGNOSTIC,NOT FINAL EFFICACY,NOT PARAMETER SELECTION,NO METHOD CHANGE AUTHORIZED,prefix240,prefix240,re2tt_ts-order-service_disk_1,ts-order-service,disk,4bdb62f38b122bbc,G,MTL,10.0,0.01,0.01,5,32,16,1,24,12,250,203,27,20,17,11,4,2,32.0,32,32,4.5,11,0,244,17,23398,1632,540360748394156.4,540360748376698.4,240,0,0,240,0,0,0,0,4361.702127659585,4893.6170212766,0.9965156794425087,1.0,0.9930555555555556
POST-HOC DEVELOPMENT DIAGNOSTIC,NOT FINAL EFFICACY,NOT PARAMETER SELECTION,NO METHOD CHANGE AUTHORIZED,prefix240,prefix240,re2tt_ts-order-service_disk_1,ts-order-service,disk,4bdb62f38b122bbc,L,MTL,10.0,0.01,0.01,5,32,16,1,24,12,250,203,27,20,17,11,4,2,32.0,32,32,4.5,11,0,244,17,23398,1632,520017179982554.6,520017179965093.5,240,0,0,240,0,0,0,0,104062834207889.14,124120813938759.81,0.0,0.0,0.0
POST-HOC DEVELOPMENT DIAGNOSTIC,NOT FINAL EFFICACY,NOT PARAMETER SELECTION,NO METHOD CHANGE AUTHORIZED,prefix240,prefix240,re2tt_ts-order-service_disk_1,ts-order-service,disk,4bdb62f38b122bbc,ALL,MTL,10.0,0.01,0.01,5,32,16,1,24,12,250,203,27,20,17,11,4,2,32.0,32,32,4.5,11,0,244,17,23398,1632,569576150588785.4,569576150571194.8,240,0,0,240,0,0,0,0,4361.702127659585,4361.702127659585,0.9965156794425087,1.0,0.9930555555555556
POST-HOC DEVELOPMENT DIAGNOSTIC,NOT FINAL EFFICACY,NOT PARAMETER SELECTION,NO METHOD CHANGE AUTHORIZED,prefix240,prefix240,re2tt_ts-order-service_disk_1,ts-order-service,disk,4bdb62f38b122bbc,G,MT,10.0,0.01,0.01,5,32,16,1,24,12,230,203,27,0,15,11,4,0,32.0,32,32,4.5,11,0,224,15,21478,1440,,,240,0,0,240,0,0,0,0,4361.702127659585,4893.6170212766,0.9965156794425087,1.0,0.9930555555555556
POST-HOC DEVELOPMENT DIAGNOSTIC,NOT FINAL EFFICACY,NOT PARAMETER SELECTION,NO METHOD CHANGE AUTHORIZED,prefix240,prefix240,re2tt_ts-order-service_disk_1,ts-order-service,disk,4bdb62f38b122bbc,L,MT,10.0,0.01,0.01,5,32,16,1,24,12,230,203,27,0,15,11,4,0,32.0,32,32,4.5,11,0,224,15,21478,1440,,,240,0,0,240,0,0,0,0,104062834207889.14,121749296054551.95,0.0,0.0,0.0
POST-HOC DEVELOPMENT DIAGNOSTIC,NOT FINAL EFFICACY,NOT PARAMETER SELECTION,NO METHOD CHANGE AUTHORIZED,prefix240,prefix240,re2tt_ts-order-service_disk_1,ts-order-service,disk,4bdb62f38b122bbc,ALL,MT,10.0,0.01,0.01,5,32,16,1,24,12,230,203,27,0,15,11,4,0,32.0,32,32,4.5,11,0,224,15,21478,1440,,,240,0,0,240,0,0,0,0,4361.702127659585,4361.702127659585,0.9965156794425087,1.0,0.9930555555555556
POST-HOC DEVELOPMENT DIAGNOSTIC,NOT FINAL EFFICACY,NOT PARAMETER SELECTION,NO METHOD CHANGE AUTHORIZED,prefix240,prefix240,re2tt_ts-order-service_disk_2,ts-order-service,disk,b0a2dcc878eeefa3,G,MTL,10.0,0.01,0.01,5,32,16,1,24,12,176,142,20,14,2,2,0,0,32.0,32,32,,2,0,176,2,16896,192,22585.80888274775,0.0,240,0,0,240,0,0,0,0,4361.702127659585,4893.6170212766,0.9688581314878892,0.9655172413793104,0.9722222222222222
POST-HOC DEVELOPMENT DIAGNOSTIC,NOT FINAL EFFICACY,NOT PARAMETER SELECTION,NO METHOD CHANGE AUTHORIZED,prefix240,prefix240,re2tt_ts-order-service_disk_2,ts-order-service,disk,b0a2dcc878eeefa3,L,MTL,10.0,0.01,0.01,5,32,16,1,24,12,176,142,20,14,2,2,0,0,32.0,32,32,,2,0,176,2,16896,192,22557.92177880586,0.0,240,0,0,240,0,0,0,0,104062834207889.14,124120813938759.81,0.0,0.0,0.0
POST-HOC DEVELOPMENT DIAGNOSTIC,NOT FINAL EFFICACY,NOT PARAMETER SELECTION,NO METHOD CHANGE AUTHORIZED,prefix240,prefix240,re2tt_ts-order-service_disk_2,ts-order-service,disk,b0a2dcc878eeefa3,ALL,MTL,10.0,0.01,0.01,5,32,16,1,24,12,176,142,20,14,2,2,0,0,32.0,32,32,,2,0,176,2,16896,192,22546.013874973214,0.0,240,0,0,240,0,0,0,0,4361.702127659585,4361.702127659585,0.9688581314878892,0.9655172413793104,0.9722222222222222
POST-HOC DEVELOPMENT DIAGNOSTIC,NOT FINAL EFFICACY,NOT PARAMETER SELECTION,NO METHOD CHANGE AUTHORIZED,prefix240,prefix240,re2tt_ts-order-service_disk_2,ts-order-service,disk,b0a2dcc878eeefa3,G,MT,10.0,0.01,0.01,5,32,16,1,24,12,162,142,20,0,2,2,0,0,32.0,32,32,,2,0,162,2,15552,192,,,240,0,0,240,0,0,0,0,4361.702127659585,4893.6170212766,0.9688581314878892,0.9655172413793104,0.9722222222222222
POST-HOC DEVELOPMENT DIAGNOSTIC,NOT FINAL EFFICACY,NOT PARAMETER SELECTION,NO METHOD CHANGE AUTHORIZED,prefix240,prefix240,re2tt_ts-order-service_disk_2,ts-order-service,disk,b0a2dcc878eeefa3,L,MT,10.0,0.01,0.01,5,32,16,1,24,12,162,142,20,0,2,2,0,0,32.0,32,32,,2,0,162,2,15552,192,,,240,0,0,240,0,0,0,0,104062834207889.14,121749296054551.95,0.0,0.0,0.0
POST-HOC DEVELOPMENT DIAGNOSTIC,NOT FINAL EFFICACY,NOT PARAMETER SELECTION,NO METHOD CHANGE AUTHORIZED,prefix240,prefix240,re2tt_ts-order-service_disk_2,ts-order-service,disk,b0a2dcc878eeefa3,ALL,MT,10.0,0.01,0.01,5,32,16,1,24,12,162,142,20,0,2,2,0,0,32.0,32,32,,2,0,162,2,15552,192,,,240,0,0,240,0,0,0,0,4361.702127659585,4361.702127659585,0.9688581314878892,0.9655172413793104,0.9722222222222222
POST-HOC DEVELOPMENT DIAGNOSTIC,NOT FINAL EFFICACY,NOT PARAMETER SELECTION,NO METHOD CHANGE AUTHORIZED,prefix240,prefix240,re2tt_ts-order-service_disk_3,ts-order-service,disk,9b847bd8f23c07af,G,MTL,10.0,0.01,0.01,5,32,16,1,24,12,176,142,20,14,2,2,0,0,32.0,32,32,,2,0,176,2,16884,192,17472.308750120697,0.0,240,0,0,240,0,0,0,0,4361.702127659585,4893.6170212766,0.9859154929577465,1.0,0.9722222222222222
POST-HOC DEVELOPMENT DIAGNOSTIC,NOT FINAL EFFICACY,NOT PARAMETER SELECTION,NO METHOD CHANGE AUTHORIZED,prefix240,prefix240,re2tt_ts-order-service_disk_3,ts-order-service,disk,9b847bd8f23c07af,L,MTL,10.0,0.01,0.01,5,32,16,1,24,12,176,142,20,14,2,2,0,0,32.0,32,32,,2,0,176,2,16884,192,17498.392597331367,0.0,240,0,0,240,0,0,0,0,104062834207889.14,124120813938759.81,0.0,0.0,0.0
POST-HOC DEVELOPMENT DIAGNOSTIC,NOT FINAL EFFICACY,NOT PARAMETER SELECTION,NO METHOD CHANGE AUTHORIZED,prefix240,prefix240,re2tt_ts-order-service_disk_3,ts-order-service,disk,9b847bd8f23c07af,ALL,MTL,10.0,0.01,0.01,5,32,16,1,24,12,176,142,20,14,2,2,0,0,32.0,32,32,,2,0,176,2,16884,192,17514.882493281988,0.0,240,0,0,240,0,0,0,0,4361.702127659585,4361.702127659585,0.9859154929577465,1.0,0.9722222222222222
POST-HOC DEVELOPMENT DIAGNOSTIC,NOT FINAL EFFICACY,NOT PARAMETER SELECTION,NO METHOD CHANGE AUTHORIZED,prefix240,prefix240,re2tt_ts-order-service_disk_3,ts-order-service,disk,9b847bd8f23c07af,G,MT,10.0,0.01,0.01,5,32,16,1,24,12,162,142,20,0,2,2,0,0,32.0,32,32,,2,0,162,2,15540,192,,,240,0,0,240,0,0,0,0,4361.702127659585,4893.6170212766,0.9859154929577465,1.0,0.9722222222222222
POST-HOC DEVELOPMENT DIAGNOSTIC,NOT FINAL EFFICACY,NOT PARAMETER SELECTION,NO METHOD CHANGE AUTHORIZED,prefix240,prefix240,re2tt_ts-order-service_disk_3,ts-order-service,disk,9b847bd8f23c07af,L,MT,10.0,0.01,0.01,5,32,16,1,24,12,162,142,20,0,2,2,0,0,32.0,32,32,,2,0,162,2,15540,192,,,240,0,0,240,0,0,0,0,104062834207889.14,121749296054551.95,0.0,0.0,0.0
POST-HOC DEVELOPMENT DIAGNOSTIC,NOT FINAL EFFICACY,NOT PARAMETER SELECTION,NO METHOD CHANGE AUTHORIZED,prefix240,prefix240,re2tt_ts-order-service_disk_3,ts-order-service,disk,9b847bd8f23c07af,ALL,MT,10.0,0.01,0.01,5,32,16,1,24,12,162,142,20,0,2,2,0,0,32.0,32,32,,2,0,162,2,15540,192,,,240,0,0,240,0,0,0,0,4361.702127659585,4361.702127659585,0.9859154929577465,1.0,0.9722222222222222
POST-HOC DEVELOPMENT DIAGNOSTIC,NOT FINAL EFFICACY,NOT PARAMETER SELECTION,NO METHOD CHANGE AUTHORIZED,prefix240,prefix240,re2tt_ts-order-service_loss_1,ts-order-service,loss,cea480a087995c2a,G,MTL,10.0,0.01,0.01,5,32,16,1,24,12,252,205,27,20,19,16,2,1,32.0,32,32,6.0,16,0,252,19,24176,1824,273976499377492.97,273976499359481.7,240,21,0,219,0,8,13,0,4838.145301545135,4893.6170212766,0.9640287769784173,1.0,0.9305555555555556
POST-HOC DEVELOPMENT DIAGNOSTIC,NOT FINAL EFFICACY,NOT PARAMETER SELECTION,NO METHOD CHANGE AUTHORIZED,prefix240,prefix240,re2tt_ts-order-service_loss_1,ts-order-service,loss,cea480a087995c2a,L,MTL,10.0,0.01,0.01,5,32,16,1,24,12,252,205,27,20,19,16,2,1,32.0,32,32,6.0,16,0,252,19,24176,1824,273879425832029.3,273879425813994.7,240,61,0,179,0,5,56,0,140781101153632.88,124120813938759.81,0.13664596273291926,0.6470588235294118,0.0763888888888889
POST-HOC DEVELOPMENT DIAGNOSTIC,NOT FINAL EFFICACY,NOT PARAMETER SELECTION,NO METHOD CHANGE AUTHORIZED,prefix240,prefix240,re2tt_ts-order-service_loss_1,ts-order-service,loss,cea480a087995c2a,ALL,MTL,10.0,0.01,0.01,5,32,16,1,24,12,252,205,27,20,19,16,2,1,32.0,32,32,6.0,16,0,252,19,24176,1824,279738366919628.2,279738366901517.56,240,8,0,232,0,8,0,0,4361.702127659583,4361.702127659585,0.9537366548042705,0.9781021897810219,0.9305555555555556
POST-HOC DEVELOPMENT DIAGNOSTIC,NOT FINAL EFFICACY,NOT PARAMETER SELECTION,NO METHOD CHANGE AUTHORIZED,prefix240,prefix240,re2tt_ts-order-service_loss_1,ts-order-service,loss,cea480a087995c2a,G,MT,10.0,0.01,0.01,5,32,16,1,24,12,232,205,27,0,18,16,2,0,32.0,32,32,6.0,16,0,232,18,22256,1728,,,240,21,0,219,0,8,13,0,4838.145301545135,4893.6170212766,0.9640287769784173,1.0,0.9305555555555556
POST-HOC DEVELOPMENT DIAGNOSTIC,NOT FINAL EFFICACY,NOT PARAMETER SELECTION,NO METHOD CHANGE AUTHORIZED,prefix240,prefix240,re2tt_ts-order-service_loss_1,ts-order-service,loss,cea480a087995c2a,L,MT,10.0,0.01,0.01,5,32,16,1,24,12,232,205,27,0,18,16,2,0,32.0,32,32,6.0,16,0,232,18,22256,1728,,,240,61,0,179,0,5,56,0,139893402334819.72,121749296054551.95,0.13664596273291926,0.6470588235294118,0.0763888888888889
POST-HOC DEVELOPMENT DIAGNOSTIC,NOT FINAL EFFICACY,NOT PARAMETER SELECTION,NO METHOD CHANGE AUTHORIZED,prefix240,prefix240,re2tt_ts-order-service_loss_1,ts-order-service,loss,cea480a087995c2a,ALL,MT,10.0,0.01,0.01,5,32,16,1,24,12,232,205,27,0,18,16,2,0,32.0,32,32,6.0,16,0,232,18,22256,1728,,,240,8,0,232,0,8,0,0,4361.702127659583,4361.702127659585,0.9537366548042705,0.9781021897810219,0.9305555555555556
POST-HOC DEVELOPMENT DIAGNOSTIC,NOT FINAL EFFICACY,NOT PARAMETER SELECTION,NO METHOD CHANGE AUTHORIZED,prefix240,prefix240,re2tt_ts-order-service_loss_2,ts-order-service,loss,f900792c9a1f5622,G,MTL,10.0,0.01,0.01,5,32,16,1,24,12,181,147,20,14,7,7,0,0,32.0,32,32,,7,0,181,7,17370,672,16751.879989081775,0.0,240,0,0,240,0,0,0,0,4838.145301545135,4893.6170212766,0.5108225108225108,0.6781609195402298,0.4097222222222222
POST-HOC DEVELOPMENT DIAGNOSTIC,NOT FINAL EFFICACY,NOT PARAMETER SELECTION,NO METHOD CHANGE AUTHORIZED,prefix240,prefix240,re2tt_ts-order-service_loss_2,ts-order-service,loss,f900792c9a1f5622,L,MTL,10.0,0.01,0.01,5,32,16,1,24,12,181,147,20,14,7,7,0,0,32.0,32,32,,7,0,181,7,17370,672,16806.813374348174,0.0,240,0,0,240,0,0,0,0,140781101153632.88,124120813938759.81,0.0,0.0,0.0
POST-HOC DEVELOPMENT DIAGNOSTIC,NOT FINAL EFFICACY,NOT PARAMETER SELECTION,NO METHOD CHANGE AUTHORIZED,prefix240,prefix240,re2tt_ts-order-service_loss_2,ts-order-service,loss,f900792c9a1f5622,ALL,MTL,10.0,0.01,0.01,5,32,16,1,24,12,181,147,20,14,7,7,0,0,32.0,32,32,,7,0,181,7,17370,672,16800.142364072475,0.0,240,0,0,240,0,0,0,0,4361.702127659583,4361.702127659585,0.5361702127659574,0.6923076923076923,0.4375
POST-HOC DEVELOPMENT DIAGNOSTIC,NOT FINAL EFFICACY,NOT PARAMETER SELECTION,NO METHOD CHANGE AUTHORIZED,prefix240,prefix240,re2tt_ts-order-service_loss_2,ts-order-service,loss,f900792c9a1f5622,G,MT,10.0,0.01,0.01,5,32,16,1,24,12,167,147,20,0,7,7,0,0,32.0,32,32,,7,0,167,7,16026,672,,,240,0,0,240,0,0,0,0,4838.145301545135,4893.6170212766,0.5108225108225108,0.6781609195402298,0.4097222222222222
POST-HOC DEVELOPMENT DIAGNOSTIC,NOT FINAL EFFICACY,NOT PARAMETER SELECTION,NO METHOD CHANGE AUTHORIZED,prefix240,prefix240,re2tt_ts-order-service_loss_2,ts-order-service,loss,f900792c9a1f5622,L,MT,10.0,0.01,0.01,5,32,16,1,24,12,167,147,20,0,7,7,0,0,32.0,32,32,,7,0,167,7,16026,672,,,240,0,0,240,0,0,0,0,139893402334819.72,121749296054551.95,0.0,0.0,0.0
POST-HOC DEVELOPMENT DIAGNOSTIC,NOT FINAL EFFICACY,NOT PARAMETER SELECTION,NO METHOD CHANGE AUTHORIZED,prefix240,prefix240,re2tt_ts-order-service_loss_2,ts-order-service,loss,f900792c9a1f5622,ALL,MT,10.0,0.01,0.01,5,32,16,1,24,12,167,147,20,0,7,7,0,0,32.0,32,32,,7,0,167,7,16026,672,,,240,0,0,240,0,0,0,0,4361.702127659583,4361.702127659585,0.5361702127659574,0.6923076923076923,0.4375
POST-HOC DEVELOPMENT DIAGNOSTIC,NOT FINAL EFFICACY,NOT PARAMETER SELECTION,NO METHOD CHANGE AUTHORIZED,prefix240,prefix240,re2tt_ts-order-service_loss_3,ts-order-service,loss,9d1464b4fb8a49c0,G,MTL,10.0,0.01,0.01,5,32,16,1,24,12,181,147,20,14,7,7,0,0,32.0,32,32,,7,0,181,7,17376,672,14864.057369361448,0.0,240,0,0,240,0,0,0,0,4838.145301545135,4893.6170212766,0.44324324324324327,1.0,0.2847222222222222
POST-HOC DEVELOPMENT DIAGNOSTIC,NOT FINAL EFFICACY,NOT PARAMETER SELECTION,NO METHOD CHANGE AUTHORIZED,prefix240,prefix240,re2tt_ts-order-service_loss_3,ts-order-service,loss,9d1464b4fb8a49c0,L,MTL,10.0,0.01,0.01,5,32,16,1,24,12,181,147,20,14,7,7,0,0,32.0,32,32,,7,0,181,7,17376,672,14949.280473487599,0.0,240,0,0,240,0,0,0,0,140781101153632.88,124120813938759.81,0.0,0.0,0.0
POST-HOC DEVELOPMENT DIAGNOSTIC,NOT FINAL EFFICACY,NOT PARAMETER SELECTION,NO METHOD CHANGE AUTHORIZED,prefix240,prefix240,re2tt_ts-order-service_loss_3,ts-order-service,loss,9d1464b4fb8a49c0,ALL,MTL,10.0,0.01,0.01,5,32,16,1,24,12,181,147,20,14,7,7,0,0,32.0,32,32,,7,0,181,7,17376,672,14955.926990509854,0.0,240,0,0,240,0,0,0,0,4361.702127659583,4361.702127659585,0.5154639175257731,1.0,0.3472222222222222
POST-HOC DEVELOPMENT DIAGNOSTIC,NOT FINAL EFFICACY,NOT PARAMETER SELECTION,NO METHOD CHANGE AUTHORIZED,prefix240,prefix240,re2tt_ts-order-service_loss_3,ts-order-service,loss,9d1464b4fb8a49c0,G,MT,10.0,0.01,0.01,5,32,16,1,24,12,167,147,20,0,7,7,0,0,32.0,32,32,,7,0,167,7,16032,672,,,240,0,0,240,0,0,0,0,4838.145301545135,4893.6170212766,0.44324324324324327,1.0,0.2847222222222222
POST-HOC DEVELOPMENT DIAGNOSTIC,NOT FINAL EFFICACY,NOT PARAMETER SELECTION,NO METHOD CHANGE AUTHORIZED,prefix240,prefix240,re2tt_ts-order-service_loss_3,ts-order-service,loss,9d1464b4fb8a49c0,L,MT,10.0,0.01,0.01,5,32,16,1,24,12,167,147,20,0,7,7,0,0,32.0,32,32,,7,0,167,7,16032,672,,,240,0,0,240,0,0,0,0,139893402334819.72,121749296054551.95,0.0,0.0,0.0
POST-HOC DEVELOPMENT DIAGNOSTIC,NOT FINAL EFFICACY,NOT PARAMETER SELECTION,NO METHOD CHANGE AUTHORIZED,prefix240,prefix240,re2tt_ts-order-service_loss_3,ts-order-service,loss,9d1464b4fb8a49c0,ALL,MT,10.0,0.01,0.01,5,32,16,1,24,12,167,147,20,0,7,7,0,0,32.0,32,32,,7,0,167,7,16032,672,,,240,0,0,240,0,0,0,0,4361.702127659583,4361.702127659585,0.5154639175257731,1.0,0.3472222222222222
POST-HOC DEVELOPMENT DIAGNOSTIC,NOT FINAL EFFICACY,NOT PARAMETER SELECTION,NO METHOD CHANGE AUTHORIZED,prefix240,prefix240,re2tt_ts-route-service_mem_1,ts-route-service,mem,58e365eed32084b4,G,MTL,10.0,0.01,0.01,5,32,16,1,24,12,246,199,27,20,12,10,1,1,32.0,32,32,6.5,9,0,242,12,23232,1152,196010420951193.22,196010420922144.0,240,17,0,223,0,17,0,0,4893.6170212766,4893.6170212766,0.9965156794425087,1.0,0.9930555555555556
POST-HOC DEVELOPMENT DIAGNOSTIC,NOT FINAL EFFICACY,NOT PARAMETER SELECTION,NO METHOD CHANGE AUTHORIZED,prefix240,prefix240,re2tt_ts-route-service_mem_1,ts-route-service,mem,58e365eed32084b4,L,MTL,10.0,0.01,0.01,5,32,16,1,24,12,246,199,27,20,12,10,1,1,32.0,32,32,6.5,9,0,242,12,23232,1152,195989033158710.47,195989033129600.16,240,17,0,223,0,17,0,0,121749296054551.95,124120813938759.81,0.0,0.0,0.0
POST-HOC DEVELOPMENT DIAGNOSTIC,NOT FINAL EFFICACY,NOT PARAMETER SELECTION,NO METHOD CHANGE AUTHORIZED,prefix240,prefix240,re2tt_ts-route-service_mem_1,ts-route-service,mem,58e365eed32084b4,ALL,MTL,10.0,0.01,0.01,5,32,16,1,24,12,246,199,27,20,12,10,1,1,32.0,32,32,6.5,9,0,242,12,23232,1152,196121047523710.78,196121047494617.12,240,17,0,223,0,17,0,0,4361.702127659585,4361.702127659585,0.9965156794425087,1.0,0.9930555555555556
POST-HOC DEVELOPMENT DIAGNOSTIC,NOT FINAL EFFICACY,NOT PARAMETER SELECTION,NO METHOD CHANGE AUTHORIZED,prefix240,prefix240,re2tt_ts-route-service_mem_1,ts-route-service,mem,58e365eed32084b4,G,MT,10.0,0.01,0.01,5,32,16,1,24,12,226,199,27,0,11,10,1,0,32.0,32,32,6.0,9,0,222,11,21312,1056,,,240,17,0,223,0,17,0,0,4893.6170212766,4893.6170212766,0.9965156794425087,1.0,0.9930555555555556
POST-HOC DEVELOPMENT DIAGNOSTIC,NOT FINAL EFFICACY,NOT PARAMETER SELECTION,NO METHOD CHANGE AUTHORIZED,prefix240,prefix240,re2tt_ts-route-service_mem_1,ts-route-service,mem,58e365eed32084b4,L,MT,10.0,0.01,0.01,5,32,16,1,24,12,226,199,27,0,11,10,1,0,32.0,32,32,6.0,9,0,222,11,21312,1056,,,240,17,0,223,0,17,0,0,115438902620653.27,121749296054551.95,0.0,0.0,0.0
POST-HOC DEVELOPMENT DIAGNOSTIC,NOT FINAL EFFICACY,NOT PARAMETER SELECTION,NO METHOD CHANGE AUTHORIZED,prefix240,prefix240,re2tt_ts-route-service_mem_1,ts-route-service,mem,58e365eed32084b4,ALL,MT,10.0,0.01,0.01,5,32,16,1,24,12,226,199,27,0,11,10,1,0,32.0,32,32,6.0,9,0,222,11,21312,1056,,,240,17,0,223,0,17,0,0,4361.702127659585,4361.702127659585,0.9965156794425087,1.0,0.9930555555555556
POST-HOC DEVELOPMENT DIAGNOSTIC,NOT FINAL EFFICACY,NOT PARAMETER SELECTION,NO METHOD CHANGE AUTHORIZED,prefix240,prefix240,re2tt_ts-route-service_mem_2,ts-route-service,mem,15fa2ad3a7eecebd,G,MTL,10.0,0.01,0.01,5,32,16,1,24,12,240,193,27,20,7,4,2,1,32.0,32,32,3.0,4,0,238,7,22848,672,251128849714801.3,251128849685280.25,240,0,0,240,0,0,0,0,4893.6170212766,4893.6170212766,0.7899159663865546,1.0,0.6527777777777778
POST-HOC DEVELOPMENT DIAGNOSTIC,NOT FINAL EFFICACY,NOT PARAMETER SELECTION,NO METHOD CHANGE AUTHORIZED,prefix240,prefix240,re2tt_ts-route-service_mem_2,ts-route-service,mem,15fa2ad3a7eecebd,L,MTL,10.0,0.01,0.01,5,32,16,1,24,12,240,193,27,20,7,4,2,1,32.0,32,32,3.0,4,0,238,7,22848,672,251168777336883.62,251168777306867.53,240,0,0,240,0,0,0,0,121749296054551.95,124120813938759.81,0.0,0.0,0.0
POST-HOC DEVELOPMENT DIAGNOSTIC,NOT FINAL EFFICACY,NOT PARAMETER SELECTION,NO METHOD CHANGE AUTHORIZED,prefix240,prefix240,re2tt_ts-route-service_mem_2,ts-route-service,mem,15fa2ad3a7eecebd,ALL,MTL,10.0,0.01,0.01,5,32,16,1,24,12,240,193,27,20,7,4,2,1,32.0,32,32,3.0,4,0,238,7,22848,672,258615957134639.0,258615957103459.25,240,0,0,240,0,0,0,0,4361.702127659585,4361.702127659585,0.7532467532467533,1.0,0.6041666666666666
POST-HOC DEVELOPMENT DIAGNOSTIC,NOT FINAL EFFICACY,NOT PARAMETER SELECTION,NO METHOD CHANGE AUTHORIZED,prefix240,prefix240,re2tt_ts-route-service_mem_2,ts-route-service,mem,15fa2ad3a7eecebd,G,MT,10.0,0.01,0.01,5,32,16,1,24,12,220,193,27,0,6,4,2,0,32.0,32,32,4.0,4,0,218,6,20928,576,,,240,0,0,240,0,0,0,0,4893.6170212766,4893.6170212766,0.7899159663865546,1.0,0.6527777777777778
POST-HOC DEVELOPMENT DIAGNOSTIC,NOT FINAL EFFICACY,NOT PARAMETER SELECTION,NO METHOD CHANGE AUTHORIZED,prefix240,prefix240,re2tt_ts-route-service_mem_2,ts-route-service,mem,15fa2ad3a7eecebd,L,MT,10.0,0.01,0.01,5,32,16,1,24,12,220,193,27,0,6,4,2,0,32.0,32,32,4.0,4,0,218,6,20928,576,,,240,0,0,240,0,0,0,0,115438902620653.27,121749296054551.95,0.0,0.0,0.0
POST-HOC DEVELOPMENT DIAGNOSTIC,NOT FINAL EFFICACY,NOT PARAMETER SELECTION,NO METHOD CHANGE AUTHORIZED,prefix240,prefix240,re2tt_ts-route-service_mem_2,ts-route-service,mem,15fa2ad3a7eecebd,ALL,MT,10.0,0.01,0.01,5,32,16,1,24,12,220,193,27,0,6,4,2,0,32.0,32,32,4.0,4,0,218,6,20928,576,,,240,0,0,240,0,0,0,0,4361.702127659585,4361.702127659585,0.7532467532467533,1.0,0.6041666666666666
POST-HOC DEVELOPMENT DIAGNOSTIC,NOT FINAL EFFICACY,NOT PARAMETER SELECTION,NO METHOD CHANGE AUTHORIZED,prefix240,prefix240,re2tt_ts-route-service_mem_3,ts-route-service,mem,c60cff817fc2d5cf,G,MTL,10.0,0.01,0.01,5,32,16,1,24,12,241,194,27,20,7,5,2,0,32.0,32,32,6.5,5,0,241,7,23096,672,135050607487694.92,135050607467784.66,240,20,0,220,0,0,20,0,4893.6170212766,4893.6170212766,0.952054794520548,0.9391891891891891,0.9652777777777778
POST-HOC DEVELOPMENT DIAGNOSTIC,NOT FINAL EFFICACY,NOT PARAMETER SELECTION,NO METHOD CHANGE AUTHORIZED,prefix240,prefix240,re2tt_ts-route-service_mem_3,ts-route-service,mem,c60cff817fc2d5cf,L,MTL,10.0,0.01,0.01,5,32,16,1,24,12,241,194,27,20,7,5,2,0,32.0,32,32,6.5,5,0,241,7,23096,672,135058096390127.25,135058096370175.9,240,61,0,179,0,0,61,0,121749296054551.95,124120813938759.81,0.17177914110429449,0.7368421052631579,0.09722222222222222
POST-HOC DEVELOPMENT DIAGNOSTIC,NOT FINAL EFFICACY,NOT PARAMETER SELECTION,NO METHOD CHANGE AUTHORIZED,prefix240,prefix240,re2tt_ts-route-service_mem_3,ts-route-service,mem,c60cff817fc2d5cf,ALL,MTL,10.0,0.01,0.01,5,32,16,1,24,12,241,194,27,20,7,5,2,0,32.0,32,32,6.5,5,0,241,7,23096,672,137328928801227.38,137328928781244.53,240,0,0,240,0,0,0,0,4361.702127659585,4361.702127659585,0.952054794520548,0.9391891891891891,0.9652777777777778
POST-HOC DEVELOPMENT DIAGNOSTIC,NOT FINAL EFFICACY,NOT PARAMETER SELECTION,NO METHOD CHANGE AUTHORIZED,prefix240,prefix240,re2tt_ts-route-service_mem_3,ts-route-service,mem,c60cff817fc2d5cf,G,MT,10.0,0.01,0.01,5,32,16,1,24,12,221,194,27,0,7,5,2,0,32.0,32,32,6.5,5,0,221,7,21176,672,,,240,20,0,220,0,0,20,0,4893.6170212766,4893.6170212766,0.952054794520548,0.9391891891891891,0.9652777777777778
POST-HOC DEVELOPMENT DIAGNOSTIC,NOT FINAL EFFICACY,NOT PARAMETER SELECTION,NO METHOD CHANGE AUTHORIZED,prefix240,prefix240,re2tt_ts-route-service_mem_3,ts-route-service,mem,c60cff817fc2d5cf,L,MT,10.0,0.01,0.01,5,32,16,1,24,12,221,194,27,0,7,5,2,0,32.0,32,32,6.5,5,0,221,7,21176,672,,,240,61,0,179,0,0,61,0,115438902620653.27,121749296054551.95,0.17177914110429449,0.7368421052631579,0.09722222222222222
POST-HOC DEVELOPMENT DIAGNOSTIC,NOT FINAL EFFICACY,NOT PARAMETER SELECTION,NO METHOD CHANGE AUTHORIZED,prefix240,prefix240,re2tt_ts-route-service_mem_3,ts-route-service,mem,c60cff817fc2d5cf,ALL,MT,10.0,0.01,0.01,5,32,16,1,24,12,221,194,27,0,7,5,2,0,32.0,32,32,6.5,5,0,221,7,21176,672,,,240,0,0,240,0,0,0,0,4361.702127659585,4361.702127659585,0.952054794520548,0.9391891891891891,0.9652777777777778
POST-HOC DEVELOPMENT DIAGNOSTIC,NOT FINAL EFFICACY,NOT PARAMETER SELECTION,NO METHOD CHANGE AUTHORIZED,prefix240,prefix240,re2tt_ts-route-service_socket_1,ts-route-service,socket,0f1447a5823d8a23,G,MTL,10.0,0.01,0.01,5,32,16,1,24,12,254,207,27,20,20,18,1,1,32.0,32,32,4.0,18,0,254,20,24350,1920,150339560929660.25,150339560907449.12,240,6,0,234,0,6,0,0,4838.145301545135,4893.6170212766,0.951048951048951,0.9577464788732394,0.9444444444444444
POST-HOC DEVELOPMENT DIAGNOSTIC,NOT FINAL EFFICACY,NOT PARAMETER SELECTION,NO METHOD CHANGE AUTHORIZED,prefix240,prefix240,re2tt_ts-route-service_socket_1,ts-route-service,socket,0f1447a5823d8a23,L,MTL,10.0,0.01,0.01,5,32,16,1,24,12,254,207,27,20,20,18,1,1,32.0,32,32,4.0,18,0,254,20,24350,1920,150334048364372.8,150334048342304.62,240,6,0,234,0,6,0,0,140781101153632.88,124120813938759.81,0.0,0.0,0.0
POST-HOC DEVELOPMENT DIAGNOSTIC,NOT FINAL EFFICACY,NOT PARAMETER SELECTION,NO METHOD CHANGE AUTHORIZED,prefix240,prefix240,re2tt_ts-route-service_socket_1,ts-route-service,socket,0f1447a5823d8a23,ALL,MTL,10.0,0.01,0.01,5,32,16,1,24,12,254,207,27,20,20,18,1,1,32.0,32,32,4.0,18,0,254,20,24350,1920,150304627641273.16,150304627619088.75,240,6,0,234,0,6,0,0,4361.702127659583,4361.702127659585,0.951048951048951,0.9577464788732394,0.9444444444444444
POST-HOC DEVELOPMENT DIAGNOSTIC,NOT FINAL EFFICACY,NOT PARAMETER SELECTION,NO METHOD CHANGE AUTHORIZED,prefix240,prefix240,re2tt_ts-route-service_socket_1,ts-route-service,socket,0f1447a5823d8a23,G,MT,10.0,0.01,0.01,5,32,16,1,24,12,234,207,27,0,19,18,1,0,32.0,32,32,4.0,18,0,234,19,22430,1824,,,240,6,0,234,0,6,0,0,4838.145301545135,4893.6170212766,0.951048951048951,0.9577464788732394,0.9444444444444444
POST-HOC DEVELOPMENT DIAGNOSTIC,NOT FINAL EFFICACY,NOT PARAMETER SELECTION,NO METHOD CHANGE AUTHORIZED,prefix240,prefix240,re2tt_ts-route-service_socket_1,ts-route-service,socket,0f1447a5823d8a23,L,MT,10.0,0.01,0.01,5,32,16,1,24,12,234,207,27,0,19,18,1,0,32.0,32,32,4.0,18,0,234,19,22430,1824,,,240,6,0,234,0,6,0,0,139893402334819.72,121749296054551.95,0.0,0.0,0.0
POST-HOC DEVELOPMENT DIAGNOSTIC,NOT FINAL EFFICACY,NOT PARAMETER SELECTION,NO METHOD CHANGE AUTHORIZED,prefix240,prefix240,re2tt_ts-route-service_socket_1,ts-route-service,socket,0f1447a5823d8a23,ALL,MT,10.0,0.01,0.01,5,32,16,1,24,12,234,207,27,0,19,18,1,0,32.0,32,32,4.0,18,0,234,19,22430,1824,,,240,6,0,234,0,6,0,0,4361.702127659583,4361.702127659585,0.951048951048951,0.9577464788732394,0.9444444444444444
POST-HOC DEVELOPMENT DIAGNOSTIC,NOT FINAL EFFICACY,NOT PARAMETER SELECTION,NO METHOD CHANGE AUTHORIZED,prefix240,prefix240,re2tt_ts-route-service_socket_2,ts-route-service,socket,5bf54b9f116a5fa1,G,MTL,10.0,0.01,0.01,5,32,16,1,24,12,241,194,27,20,8,5,2,1,32.0,32,32,6.0,5,0,237,8,22744,768,251433463100482.78,251433463076579.25,240,0,0,240,0,0,0,0,4838.145301545135,4893.6170212766,0.0,0.0,0.0
POST-HOC DEVELOPMENT DIAGNOSTIC,NOT FINAL EFFICACY,NOT PARAMETER SELECTION,NO METHOD CHANGE AUTHORIZED,prefix240,prefix240,re2tt_ts-route-service_socket_2,ts-route-service,socket,5bf54b9f116a5fa1,L,MTL,10.0,0.01,0.01,5,32,16,1,24,12,241,194,27,20,8,5,2,1,32.0,32,32,6.0,5,0,237,8,22744,768,251338642557289.6,251338642532507.25,240,0,0,240,0,0,0,0,140781101153632.88,124120813938759.81,0.0,0.0,0.0
POST-HOC DEVELOPMENT DIAGNOSTIC,NOT FINAL EFFICACY,NOT PARAMETER SELECTION,NO METHOD CHANGE AUTHORIZED,prefix240,prefix240,re2tt_ts-route-service_socket_2,ts-route-service,socket,5bf54b9f116a5fa1,ALL,MTL,10.0,0.01,0.01,5,32,16,1,24,12,241,194,27,20,8,5,2,1,32.0,32,32,6.0,5,0,237,8,22744,768,248816180840876.22,248816180817334.72,240,0,0,240,0,0,0,0,4361.702127659583,4361.702127659585,0.0,0.0,0.0
POST-HOC DEVELOPMENT DIAGNOSTIC,NOT FINAL EFFICACY,NOT PARAMETER SELECTION,NO METHOD CHANGE AUTHORIZED,prefix240,prefix240,re2tt_ts-route-service_socket_2,ts-route-service,socket,5bf54b9f116a5fa1,G,MT,10.0,0.01,0.01,5,32,16,1,24,12,221,194,27,0,7,5,2,0,32.0,32,32,6.5,5,0,217,7,20824,672,,,240,0,0,240,0,0,0,0,4838.145301545135,4893.6170212766,0.0,0.0,0.0
POST-HOC DEVELOPMENT DIAGNOSTIC,NOT FINAL EFFICACY,NOT PARAMETER SELECTION,NO METHOD CHANGE AUTHORIZED,prefix240,prefix240,re2tt_ts-route-service_socket_2,ts-route-service,socket,5bf54b9f116a5fa1,L,MT,10.0,0.01,0.01,5,32,16,1,24,12,221,194,27,0,7,5,2,0,32.0,32,32,6.5,5,0,217,7,20824,672,,,240,0,0,240,0,0,0,0,139893402334819.72,121749296054551.95,0.0,0.0,0.0
POST-HOC DEVELOPMENT DIAGNOSTIC,NOT FINAL EFFICACY,NOT PARAMETER SELECTION,NO METHOD CHANGE AUTHORIZED,prefix240,prefix240,re2tt_ts-route-service_socket_2,ts-route-service,socket,5bf54b9f116a5fa1,ALL,MT,10.0,0.01,0.01,5,32,16,1,24,12,221,194,27,0,7,5,2,0,32.0,32,32,6.5,5,0,217,7,20824,672,,,240,0,0,240,0,0,0,0,4361.702127659583,4361.702127659585,0.0,0.0,0.0
POST-HOC DEVELOPMENT DIAGNOSTIC,NOT FINAL EFFICACY,NOT PARAMETER SELECTION,NO METHOD CHANGE AUTHORIZED,prefix240,prefix240,re2tt_ts-route-service_socket_3,ts-route-service,socket,47f193d58b233d8a,G,MTL,10.0,0.01,0.01,5,32,16,1,24,12,241,194,27,20,7,5,1,1,32.0,32,32,4.5,5,0,239,7,22936,672,177353287467431.47,177353287444974.34,240,0,0,240,0,0,0,0,4838.145301545135,4893.6170212766,0.9859154929577465,1.0,0.9722222222222222
POST-HOC DEVELOPMENT DIAGNOSTIC,NOT FINAL EFFICACY,NOT PARAMETER SELECTION,NO METHOD CHANGE AUTHORIZED,prefix240,prefix240,re2tt_ts-route-service_socket_3,ts-route-service,socket,47f193d58b233d8a,L,MTL,10.0,0.01,0.01,5,32,16,1,24,12,241,194,27,20,7,5,1,1,32.0,32,32,4.5,5,0,239,7,22936,672,177365188560281.5,177365188537825.44,240,0,0,240,0,0,0,0,140781101153632.88,124120813938759.81,0.0,0.0,0.0
POST-HOC DEVELOPMENT DIAGNOSTIC,NOT FINAL EFFICACY,NOT PARAMETER SELECTION,NO METHOD CHANGE AUTHORIZED,prefix240,prefix240,re2tt_ts-route-service_socket_3,ts-route-service,socket,47f193d58b233d8a,ALL,MTL,10.0,0.01,0.01,5,32,16,1,24,12,241,194,27,20,7,5,1,1,32.0,32,32,4.5,5,0,239,7,22936,672,177315516907131.2,177315516884560.16,240,0,0,240,0,0,0,0,4361.702127659583,4361.702127659585,0.9859154929577465,1.0,0.9722222222222222
POST-HOC DEVELOPMENT DIAGNOSTIC,NOT FINAL EFFICACY,NOT PARAMETER SELECTION,NO METHOD CHANGE AUTHORIZED,prefix240,prefix240,re2tt_ts-route-service_socket_3,ts-route-service,socket,47f193d58b233d8a,G,MT,10.0,0.01,0.01,5,32,16,1,24,12,221,194,27,0,6,5,1,0,32.0,32,32,4.0,5,0,219,6,21016,576,,,240,0,0,240,0,0,0,0,4838.145301545135,4893.6170212766,0.9859154929577465,1.0,0.9722222222222222
POST-HOC DEVELOPMENT DIAGNOSTIC,NOT FINAL EFFICACY,NOT PARAMETER SELECTION,NO METHOD CHANGE AUTHORIZED,prefix240,prefix240,re2tt_ts-route-service_socket_3,ts-route-service,socket,47f193d58b233d8a,L,MT,10.0,0.01,0.01,5,32,16,1,24,12,221,194,27,0,6,5,1,0,32.0,32,32,4.0,5,0,219,6,21016,576,,,240,0,0,240,0,0,0,0,139893402334819.72,121749296054551.95,0.0,0.0,0.0
POST-HOC DEVELOPMENT DIAGNOSTIC,NOT FINAL EFFICACY,NOT PARAMETER SELECTION,NO METHOD CHANGE AUTHORIZED,prefix240,prefix240,re2tt_ts-route-service_socket_3,ts-route-service,socket,47f193d58b233d8a,ALL,MT,10.0,0.01,0.01,5,32,16,1,24,12,221,194,27,0,6,5,1,0,32.0,32,32,4.0,5,0,219,6,21016,576,,,240,0,0,240,0,0,0,0,4361.702127659583,4361.702127659585,0.9859154929577465,1.0,0.9722222222222222
POST-HOC DEVELOPMENT DIAGNOSTIC,NOT FINAL EFFICACY,NOT PARAMETER SELECTION,NO METHOD CHANGE AUTHORIZED,prefix240,prefix240,re2tt_ts-train-service_cpu_1,ts-train-service,cpu,f13a01ab09a3962b,G,MTL,10.0,0.01,0.01,5,32,16,1,24,12,248,201,27,20,14,12,1,1,32.0,32,32,4.0,12,0,246,14,23586,1344,162267095591486.94,162267095569929.94,240,22,0,218,0,11,10,1,4893.6170212766,4893.6170212766,0.9894736842105263,1.0,0.9791666666666666
POST-HOC DEVELOPMENT DIAGNOSTIC,NOT FINAL EFFICACY,NOT PARAMETER SELECTION,NO METHOD CHANGE AUTHORIZED,prefix240,prefix240,re2tt_ts-train-service_cpu_1,ts-train-service,cpu,f13a01ab09a3962b,L,MTL,10.0,0.01,0.01,5,32,16,1,24,12,248,201,27,20,14,12,1,1,32.0,32,32,4.0,12,0,246,14,23586,1344,162378023906908.47,162378023885315.44,240,68,0,172,0,7,8,53,121749296054551.95,124120813938759.81,0.3448275862068966,0.5932203389830508,0.24305555555555555
POST-HOC DEVELOPMENT DIAGNOSTIC,NOT FINAL EFFICACY,NOT PARAMETER SELECTION,NO METHOD CHANGE AUTHORIZED,prefix240,prefix240,re2tt_ts-train-service_cpu_1,ts-train-service,cpu,f13a01ab09a3962b,ALL,MTL,10.0,0.01,0.01,5,32,16,1,24,12,248,201,27,20,14,12,1,1,32.0,32,32,4.0,12,0,246,14,23586,1344,162224002557074.2,162224002535482.62,240,21,0,219,0,11,9,1,4361.702127659585,4361.702127659585,0.9894736842105263,1.0,0.9791666666666666
POST-HOC DEVELOPMENT DIAGNOSTIC,NOT FINAL EFFICACY,NOT PARAMETER SELECTION,NO METHOD CHANGE AUTHORIZED,prefix240,prefix240,re2tt_ts-train-service_cpu_1,ts-train-service,cpu,f13a01ab09a3962b,G,MT,10.0,0.01,0.01,5,32,16,1,24,12,228,201,27,0,13,12,1,0,32.0,32,32,4.0,12,0,226,13,21666,1248,,,240,21,0,219,0,11,10,0,4893.6170212766,4893.6170212766,0.9894736842105263,1.0,0.9791666666666666
POST-HOC DEVELOPMENT DIAGNOSTIC,NOT FINAL EFFICACY,NOT PARAMETER SELECTION,NO METHOD CHANGE AUTHORIZED,prefix240,prefix240,re2tt_ts-train-service_cpu_1,ts-train-service,cpu,f13a01ab09a3962b,L,MT,10.0,0.01,0.01,5,32,16,1,24,12,228,201,27,0,13,12,1,0,32.0,32,32,4.0,12,0,226,13,21666,1248,,,240,61,0,179,0,7,54,0,115438902620653.27,121749296054551.95,0.3163265306122449,0.5961538461538461,0.2152777777777778
POST-HOC DEVELOPMENT DIAGNOSTIC,NOT FINAL EFFICACY,NOT PARAMETER SELECTION,NO METHOD CHANGE AUTHORIZED,prefix240,prefix240,re2tt_ts-train-service_cpu_1,ts-train-service,cpu,f13a01ab09a3962b,ALL,MT,10.0,0.01,0.01,5,32,16,1,24,12,228,201,27,0,13,12,1,0,32.0,32,32,4.0,12,0,226,13,21666,1248,,,240,20,0,220,0,11,9,0,4361.702127659585,4361.702127659585,0.9894736842105263,1.0,0.9791666666666666
POST-HOC DEVELOPMENT DIAGNOSTIC,NOT FINAL EFFICACY,NOT PARAMETER SELECTION,NO METHOD CHANGE AUTHORIZED,prefix240,prefix240,re2tt_ts-train-service_cpu_2,ts-train-service,cpu,b4f7da80e26ff729,G,MTL,10.0,0.01,0.01,5,32,16,1,24,12,245,198,27,20,12,9,2,1,32.0,32,32,7.0,9,0,243,12,23296,1152,217232272859326.56,217232272840755.03,240,25,0,215,0,15,10,0,4893.6170212766,4893.6170212766,0.9859154929577465,1.0,0.9722222222222222
POST-HOC DEVELOPMENT DIAGNOSTIC,NOT FINAL EFFICACY,NOT PARAMETER SELECTION,NO METHOD CHANGE AUTHORIZED,prefix240,prefix240,re2tt_ts-train-service_cpu_2,ts-train-service,cpu,b4f7da80e26ff729,L,MTL,10.0,0.01,0.01,5,32,16,1,24,12,245,198,27,20,12,9,2,1,32.0,32,32,7.0,9,0,243,12,23296,1152,217217963950191.2,217217963931576.56,240,64,0,176,0,11,53,0,121749296054551.95,124120813938759.81,0.3350253807106599,0.6226415094339622,0.22916666666666666
POST-HOC DEVELOPMENT DIAGNOSTIC,NOT FINAL EFFICACY,NOT PARAMETER SELECTION,NO METHOD CHANGE AUTHORIZED,prefix240,prefix240,re2tt_ts-train-service_cpu_2,ts-train-service,cpu,b4f7da80e26ff729,ALL,MTL,10.0,0.01,0.01,5,32,16,1,24,12,245,198,27,20,12,9,2,1,32.0,32,32,7.0,9,0,243,12,23296,1152,220296463403569.16,220296463384964.75,240,15,0,225,0,15,0,0,4361.702127659585,4361.702127659585,0.9859154929577465,1.0,0.9722222222222222
POST-HOC DEVELOPMENT DIAGNOSTIC,NOT FINAL EFFICACY,NOT PARAMETER SELECTION,NO METHOD CHANGE AUTHORIZED,prefix240,prefix240,re2tt_ts-train-service_cpu_2,ts-train-service,cpu,b4f7da80e26ff729,G,MT,10.0,0.01,0.01,5,32,16,1,24,12,225,198,27,0,11,9,2,0,32.0,32,32,5.0,9,0,223,11,21376,1056,,,240,25,0,215,0,15,10,0,4893.6170212766,4893.6170212766,0.9859154929577465,1.0,0.9722222222222222
POST-HOC DEVELOPMENT DIAGNOSTIC,NOT FINAL EFFICACY,NOT PARAMETER SELECTION,NO METHOD CHANGE AUTHORIZED,prefix240,prefix240,re2tt_ts-train-service_cpu_2,ts-train-service,cpu,b4f7da80e26ff729,L,MT,10.0,0.01,0.01,5,32,16,1,24,12,225,198,27,0,11,9,2,0,32.0,32,32,5.0,9,0,223,11,21376,1056,,,240,64,0,176,0,11,53,0,115438902620653.27,121749296054551.95,0.3350253807106599,0.6226415094339622,0.22916666666666666
POST-HOC DEVELOPMENT DIAGNOSTIC,NOT FINAL EFFICACY,NOT PARAMETER SELECTION,NO METHOD CHANGE AUTHORIZED,prefix240,prefix240,re2tt_ts-train-service_cpu_2,ts-train-service,cpu,b4f7da80e26ff729,ALL,MT,10.0,0.01,0.01,5,32,16,1,24,12,225,198,27,0,11,9,2,0,32.0,32,32,5.0,9,0,223,11,21376,1056,,,240,15,0,225,0,15,0,0,4361.702127659585,4361.702127659585,0.9859154929577465,1.0,0.9722222222222222
POST-HOC DEVELOPMENT DIAGNOSTIC,NOT FINAL EFFICACY,NOT PARAMETER SELECTION,NO METHOD CHANGE AUTHORIZED,prefix240,prefix240,re2tt_ts-train-service_cpu_3,ts-train-service,cpu,8fe6a000483edc0e,G,MTL,10.0,0.01,0.01,5,32,16,1,24,12,248,201,27,20,12,12,0,0,32.0,32,32,,12,0,248,12,23778,1152,24020.488157682874,0.0,240,9,0,231,0,9,0,0,4893.6170212766,4893.6170212766,0.9245901639344263,0.8757763975155279,0.9791666666666666
POST-HOC DEVELOPMENT DIAGNOSTIC,NOT FINAL EFFICACY,NOT PARAMETER SELECTION,NO METHOD CHANGE AUTHORIZED,prefix240,prefix240,re2tt_ts-train-service_cpu_3,ts-train-service,cpu,8fe6a000483edc0e,L,MTL,10.0,0.01,0.01,5,32,16,1,24,12,248,201,27,20,12,12,0,0,32.0,32,32,,12,0,248,12,23778,1152,23817.640793852668,0.0,240,9,0,231,0,9,0,0,121749296054551.95,124120813938759.81,0.0,0.0,0.0
POST-HOC DEVELOPMENT DIAGNOSTIC,NOT FINAL EFFICACY,NOT PARAMETER SELECTION,NO METHOD CHANGE AUTHORIZED,prefix240,prefix240,re2tt_ts-train-service_cpu_3,ts-train-service,cpu,8fe6a000483edc0e,ALL,MTL,10.0,0.01,0.01,5,32,16,1,24,12,248,201,27,20,12,12,0,0,32.0,32,32,,12,0,248,12,23778,1152,23733.091108738263,0.0,240,9,0,231,0,9,0,0,4361.702127659585,4361.702127659585,0.9245901639344263,0.8757763975155279,0.9791666666666666
POST-HOC DEVELOPMENT DIAGNOSTIC,NOT FINAL EFFICACY,NOT PARAMETER SELECTION,NO METHOD CHANGE AUTHORIZED,prefix240,prefix240,re2tt_ts-train-service_cpu_3,ts-train-service,cpu,8fe6a000483edc0e,G,MT,10.0,0.01,0.01,5,32,16,1,24,12,228,201,27,0,12,12,0,0,32.0,32,32,,12,0,228,12,21858,1152,,,240,9,0,231,0,9,0,0,4893.6170212766,4893.6170212766,0.9245901639344263,0.8757763975155279,0.9791666666666666
POST-HOC DEVELOPMENT DIAGNOSTIC,NOT FINAL EFFICACY,NOT PARAMETER SELECTION,NO METHOD CHANGE AUTHORIZED,prefix240,prefix240,re2tt_ts-train-service_cpu_3,ts-train-service,cpu,8fe6a000483edc0e,L,MT,10.0,0.01,0.01,5,32,16,1,24,12,228,201,27,0,12,12,0,0,32.0,32,32,,12,0,228,12,21858,1152,,,240,9,0,231,0,9,0,0,115438902620653.27,121749296054551.95,0.0,0.0,0.0
POST-HOC DEVELOPMENT DIAGNOSTIC,NOT FINAL EFFICACY,NOT PARAMETER SELECTION,NO METHOD CHANGE AUTHORIZED,prefix240,prefix240,re2tt_ts-train-service_cpu_3,ts-train-service,cpu,8fe6a000483edc0e,ALL,MT,10.0,0.01,0.01,5,32,16,1,24,12,228,201,27,0,12,12,0,0,32.0,32,32,,12,0,228,12,21858,1152,,,240,9,0,231,0,9,0,0,4361.702127659585,4361.702127659585,0.9245901639344263,0.8757763975155279,0.9791666666666666
POST-HOC DEVELOPMENT DIAGNOSTIC,NOT FINAL EFFICACY,NOT PARAMETER SELECTION,NO METHOD CHANGE AUTHORIZED,prefix240,prefix240,re2tt_ts-train-service_delay_1,ts-train-service,delay,8534e6237bee1618,G,MTL,10.0,0.01,0.01,5,32,16,1,24,12,250,203,27,20,15,14,1,0,32.0,32,32,6.0,14,0,250,15,23966,1440,57549001653949.414,57549001637382.84,240,4,0,236,0,4,0,0,5263.157894736852,4893.6170212766,0.9894736842105263,1.0,0.9791666666666666
POST-HOC DEVELOPMENT DIAGNOSTIC,NOT FINAL EFFICACY,NOT PARAMETER SELECTION,NO METHOD CHANGE AUTHORIZED,prefix240,prefix240,re2tt_ts-train-service_delay_1,ts-train-service,delay,8534e6237bee1618,L,MTL,10.0,0.01,0.01,5,32,16,1,24,12,250,203,27,20,15,14,1,0,32.0,32,32,6.0,14,0,250,15,23966,1440,57574817054667.25,57574817038130.6,240,4,0,236,0,4,0,0,141409917304276.9,124120813938759.81,0.0,0.0,0.0
POST-HOC DEVELOPMENT DIAGNOSTIC,NOT FINAL EFFICACY,NOT PARAMETER SELECTION,NO METHOD CHANGE AUTHORIZED,prefix240,prefix240,re2tt_ts-train-service_delay_1,ts-train-service,delay,8534e6237bee1618,ALL,MTL,10.0,0.01,0.01,5,32,16,1,24,12,250,203,27,20,15,14,1,0,32.0,32,32,6.0,14,0,250,15,23966,1440,57625043404420.12,57625043387812.71,240,4,0,236,0,4,0,0,5000.0,4361.702127659585,0.9894736842105263,1.0,0.9791666666666666
POST-HOC DEVELOPMENT DIAGNOSTIC,NOT FINAL EFFICACY,NOT PARAMETER SELECTION,NO METHOD CHANGE AUTHORIZED,prefix240,prefix240,re2tt_ts-train-service_delay_1,ts-train-service,delay,8534e6237bee1618,G,MT,10.0,0.01,0.01,5,32,16,1,24,12,230,203,27,0,15,14,1,0,32.0,32,32,6.0,14,0,230,15,22046,1440,,,240,4,0,236,0,4,0,0,5263.157894736852,4893.6170212766,0.9894736842105263,1.0,0.9791666666666666
POST-HOC DEVELOPMENT DIAGNOSTIC,NOT FINAL EFFICACY,NOT PARAMETER SELECTION,NO METHOD CHANGE AUTHORIZED,prefix240,prefix240,re2tt_ts-train-service_delay_1,ts-train-service,delay,8534e6237bee1618,L,MT,10.0,0.01,0.01,5,32,16,1,24,12,230,203,27,0,15,14,1,0,32.0,32,32,6.0,14,0,230,15,22046,1440,,,240,4,0,236,0,4,0,0,140781101153632.88,121749296054551.95,0.0,0.0,0.0
POST-HOC DEVELOPMENT DIAGNOSTIC,NOT FINAL EFFICACY,NOT PARAMETER SELECTION,NO METHOD CHANGE AUTHORIZED,prefix240,prefix240,re2tt_ts-train-service_delay_1,ts-train-service,delay,8534e6237bee1618,ALL,MT,10.0,0.01,0.01,5,32,16,1,24,12,230,203,27,0,15,14,1,0,32.0,32,32,6.0,14,0,230,15,22046,1440,,,240,4,0,236,0,4,0,0,5000.0,4361.702127659585,0.9894736842105263,1.0,0.9791666666666666
POST-HOC DEVELOPMENT DIAGNOSTIC,NOT FINAL EFFICACY,NOT PARAMETER SELECTION,NO METHOD CHANGE AUTHORIZED,prefix240,prefix240,re2tt_ts-train-service_delay_2,ts-train-service,delay,84c4c18e60502036,G,MTL,10.0,0.01,0.01,5,32,16,1,24,12,238,191,27,20,5,2,2,1,32.0,32,32,5.0,2,0,238,5,22804,480,282346005436993.06,282346005416204.1,240,0,0,240,0,0,0,0,5263.157894736852,4893.6170212766,0.9724137931034482,0.9657534246575342,0.9791666666666666
POST-HOC DEVELOPMENT DIAGNOSTIC,NOT FINAL EFFICACY,NOT PARAMETER SELECTION,NO METHOD CHANGE AUTHORIZED,prefix240,prefix240,re2tt_ts-train-service_delay_2,ts-train-service,delay,84c4c18e60502036,L,MTL,10.0,0.01,0.01,5,32,16,1,24,12,238,191,27,20,5,2,2,1,32.0,32,32,5.0,2,0,238,5,22804,480,282340496676224.4,282340496655573.4,240,0,0,240,0,0,0,0,141409917304276.9,124120813938759.81,0.0,0.0,0.0
POST-HOC DEVELOPMENT DIAGNOSTIC,NOT FINAL EFFICACY,NOT PARAMETER SELECTION,NO METHOD CHANGE AUTHORIZED,prefix240,prefix240,re2tt_ts-train-service_delay_2,ts-train-service,delay,84c4c18e60502036,ALL,MTL,10.0,0.01,0.01,5,32,16,1,24,12,238,191,27,20,5,2,2,1,32.0,32,32,5.0,2,0,238,5,22804,480,285375839739974.7,285375839719213.7,240,0,0,240,0,0,0,0,5000.0,4361.702127659585,0.9724137931034482,0.9657534246575342,0.9791666666666666
POST-HOC DEVELOPMENT DIAGNOSTIC,NOT FINAL EFFICACY,NOT PARAMETER SELECTION,NO METHOD CHANGE AUTHORIZED,prefix240,prefix240,re2tt_ts-train-service_delay_2,ts-train-service,delay,84c4c18e60502036,G,MT,10.0,0.01,0.01,5,32,16,1,24,12,218,191,27,0,4,2,2,0,32.0,32,32,5.5,2,0,218,4,20884,384,,,240,0,0,240,0,0,0,0,5263.157894736852,4893.6170212766,0.9724137931034482,0.9657534246575342,0.9791666666666666
POST-HOC DEVELOPMENT DIAGNOSTIC,NOT FINAL EFFICACY,NOT PARAMETER SELECTION,NO METHOD CHANGE AUTHORIZED,prefix240,prefix240,re2tt_ts-train-service_delay_2,ts-train-service,delay,84c4c18e60502036,L,MT,10.0,0.01,0.01,5,32,16,1,24,12,218,191,27,0,4,2,2,0,32.0,32,32,5.5,2,0,218,4,20884,384,,,240,0,0,240,0,0,0,0,140781101153632.88,121749296054551.95,0.0,0.0,0.0
POST-HOC DEVELOPMENT DIAGNOSTIC,NOT FINAL EFFICACY,NOT PARAMETER SELECTION,NO METHOD CHANGE AUTHORIZED,prefix240,prefix240,re2tt_ts-train-service_delay_2,ts-train-service,delay,84c4c18e60502036,ALL,MT,10.0,0.01,0.01,5,32,16,1,24,12,218,191,27,0,4,2,2,0,32.0,32,32,5.5,2,0,218,4,20884,384,,,240,0,0,240,0,0,0,0,5000.0,4361.702127659585,0.9724137931034482,0.9657534246575342,0.9791666666666666
POST-HOC DEVELOPMENT DIAGNOSTIC,NOT FINAL EFFICACY,NOT PARAMETER SELECTION,NO METHOD CHANGE AUTHORIZED,prefix240,prefix240,re2tt_ts-train-service_delay_3,ts-train-service,delay,0868b9b567cd44c8,G,MTL,10.0,0.01,0.01,5,32,16,1,24,12,238,191,27,20,4,2,1,1,32.0,32,32,5.0,2,0,238,4,22790,384,161568570128170.88,161568570104533.9,240,0,0,240,0,0,0,0,5263.157894736852,4893.6170212766,0.9757785467128027,0.9724137931034482,0.9791666666666666
POST-HOC DEVELOPMENT DIAGNOSTIC,NOT FINAL EFFICACY,NOT PARAMETER SELECTION,NO METHOD CHANGE AUTHORIZED,prefix240,prefix240,re2tt_ts-train-service_delay_3,ts-train-service,delay,0868b9b567cd44c8,L,MTL,10.0,0.01,0.01,5,32,16,1,24,12,238,191,27,20,4,2,1,1,32.0,32,32,5.0,2,0,238,4,22790,384,161422875487227.47,161422875463560.66,240,0,0,240,0,0,0,0,141409917304276.9,124120813938759.81,0.0,0.0,0.0
POST-HOC DEVELOPMENT DIAGNOSTIC,NOT FINAL EFFICACY,NOT PARAMETER SELECTION,NO METHOD CHANGE AUTHORIZED,prefix240,prefix240,re2tt_ts-train-service_delay_3,ts-train-service,delay,0868b9b567cd44c8,ALL,MTL,10.0,0.01,0.01,5,32,16,1,24,12,238,191,27,20,4,2,1,1,32.0,32,32,5.0,2,0,238,4,22790,384,162232025801928.44,162232025778243.03,240,0,0,240,0,0,0,0,5000.0,4361.702127659585,0.9690721649484536,0.9591836734693877,0.9791666666666666
POST-HOC DEVELOPMENT DIAGNOSTIC,NOT FINAL EFFICACY,NOT PARAMETER SELECTION,NO METHOD CHANGE AUTHORIZED,prefix240,prefix240,re2tt_ts-train-service_delay_3,ts-train-service,delay,0868b9b567cd44c8,G,MT,10.0,0.01,0.01,5,32,16,1,24,12,218,191,27,0,3,2,1,0,32.0,32,32,5.0,2,0,218,3,20870,288,,,240,0,0,240,0,0,0,0,5263.157894736852,4893.6170212766,0.9757785467128027,0.9724137931034482,0.9791666666666666
POST-HOC DEVELOPMENT DIAGNOSTIC,NOT FINAL EFFICACY,NOT PARAMETER SELECTION,NO METHOD CHANGE AUTHORIZED,prefix240,prefix240,re2tt_ts-train-service_delay_3,ts-train-service,delay,0868b9b567cd44c8,L,MT,10.0,0.01,0.01,5,32,16,1,24,12,218,191,27,0,3,2,1,0,32.0,32,32,5.0,2,0,218,3,20870,288,,,240,0,0,240,0,0,0,0,140781101153632.88,121749296054551.95,0.0,0.0,0.0
POST-HOC DEVELOPMENT DIAGNOSTIC,NOT FINAL EFFICACY,NOT PARAMETER SELECTION,NO METHOD CHANGE AUTHORIZED,prefix240,prefix240,re2tt_ts-train-service_delay_3,ts-train-service,delay,0868b9b567cd44c8,ALL,MT,10.0,0.01,0.01,5,32,16,1,24,12,218,191,27,0,3,2,1,0,32.0,32,32,5.0,2,0,218,3,20870,288,,,240,0,0,240,0,0,0,0,5000.0,4361.702127659585,0.9690721649484536,0.9591836734693877,0.9791666666666666
POST-HOC DEVELOPMENT DIAGNOSTIC,NOT FINAL EFFICACY,NOT PARAMETER SELECTION,NO METHOD CHANGE AUTHORIZED,prefix240,prefix240,re2tt_ts-travel-service_disk_1,ts-travel-service,disk,27afdc4e5ac07b32,G,MTL,10.0,0.01,0.01,5,32,16,1,24,12,240,193,27,20,6,3,2,1,32.0,32,32,6.0,2,0,234,6,22464,576,218461840768266.72,218461840745689.8,240,0,0,240,0,0,0,0,5263.157894736852,4893.6170212766,0.9894736842105263,1.0,0.9791666666666666
POST-HOC DEVELOPMENT DIAGNOSTIC,NOT FINAL EFFICACY,NOT PARAMETER SELECTION,NO METHOD CHANGE AUTHORIZED,prefix240,prefix240,re2tt_ts-travel-service_disk_1,ts-travel-service,disk,27afdc4e5ac07b32,L,MTL,10.0,0.01,0.01,5,32,16,1,24,12,240,193,27,20,6,3,2,1,32.0,32,32,6.0,2,0,234,6,22464,576,218452803625027.66,218452803602370.62,240,0,0,240,0,0,0,0,141409917304276.9,124120813938759.81,0.0,0.0,0.0
POST-HOC DEVELOPMENT DIAGNOSTIC,NOT FINAL EFFICACY,NOT PARAMETER SELECTION,NO METHOD CHANGE AUTHORIZED,prefix240,prefix240,re2tt_ts-travel-service_disk_1,ts-travel-service,disk,27afdc4e5ac07b32,ALL,MTL,10.0,0.01,0.01,5,32,16,1,24,12,240,193,27,20,6,3,2,1,32.0,32,32,6.0,2,0,234,6,22464,576,233538298283752.72,233538298259718.66,240,0,0,240,0,0,0,0,5000.0,4361.702127659585,0.9894736842105263,1.0,0.9791666666666666
POST-HOC DEVELOPMENT DIAGNOSTIC,NOT FINAL EFFICACY,NOT PARAMETER SELECTION,NO METHOD CHANGE AUTHORIZED,prefix240,prefix240,re2tt_ts-travel-service_disk_1,ts-travel-service,disk,27afdc4e5ac07b32,G,MT,10.0,0.01,0.01,5,32,16,1,24,12,220,193,27,0,5,3,2,0,32.0,32,32,4.0,2,0,214,5,20544,480,,,240,0,0,240,0,0,0,0,5263.157894736852,4893.6170212766,0.9894736842105263,1.0,0.9791666666666666
POST-HOC DEVELOPMENT DIAGNOSTIC,NOT FINAL EFFICACY,NOT PARAMETER SELECTION,NO METHOD CHANGE AUTHORIZED,prefix240,prefix240,re2tt_ts-travel-service_disk_1,ts-travel-service,disk,27afdc4e5ac07b32,L,MT,10.0,0.01,0.01,5,32,16,1,24,12,220,193,27,0,5,3,2,0,32.0,32,32,4.0,2,0,214,5,20544,480,,,240,0,0,240,0,0,0,0,140781101153632.88,121749296054551.95,0.0,0.0,0.0
POST-HOC DEVELOPMENT DIAGNOSTIC,NOT FINAL EFFICACY,NOT PARAMETER SELECTION,NO METHOD CHANGE AUTHORIZED,prefix240,prefix240,re2tt_ts-travel-service_disk_1,ts-travel-service,disk,27afdc4e5ac07b32,ALL,MT,10.0,0.01,0.01,5,32,16,1,24,12,220,193,27,0,5,3,2,0,32.0,32,32,4.0,2,0,214,5,20544,480,,,240,0,0,240,0,0,0,0,5000.0,4361.702127659585,0.9894736842105263,1.0,0.9791666666666666
POST-HOC DEVELOPMENT DIAGNOSTIC,NOT FINAL EFFICACY,NOT PARAMETER SELECTION,NO METHOD CHANGE AUTHORIZED,prefix240,prefix240,re2tt_ts-travel-service_disk_2,ts-travel-service,disk,757b880ecadc87f4,G,MTL,10.0,0.01,0.01,5,32,16,1,24,12,189,154,21,14,13,10,2,1,32.0,32,32,7.0,8,0,189,13,18128,1248,149579833503301.44,149579833475082.47,240,0,0,240,0,0,0,0,5263.157894736852,4893.6170212766,0.9823321554770318,1.0,0.9652777777777778
POST-HOC DEVELOPMENT DIAGNOSTIC,NOT FINAL EFFICACY,NOT PARAMETER SELECTION,NO METHOD CHANGE AUTHORIZED,prefix240,prefix240,re2tt_ts-travel-service_disk_2,ts-travel-service,disk,757b880ecadc87f4,L,MTL,10.0,0.01,0.01,5,32,16,1,24,12,189,154,21,14,13,10,2,1,32.0,32,32,7.0,8,0,189,13,18128,1248,149407491144630.38,149407491116517.97,240,0,0,240,0,0,0,0,141409917304276.9,124120813938759.81,0.0,0.0,0.0
POST-HOC DEVELOPMENT DIAGNOSTIC,NOT FINAL EFFICACY,NOT PARAMETER SELECTION,NO METHOD CHANGE AUTHORIZED,prefix240,prefix240,re2tt_ts-travel-service_disk_2,ts-travel-service,disk,757b880ecadc87f4,ALL,MTL,10.0,0.01,0.01,5,32,16,1,24,12,189,154,21,14,13,10,2,1,32.0,32,32,7.0,8,0,189,13,18128,1248,148826275804654.47,148826275776483.94,240,0,0,240,0,0,0,0,5000.0,4361.702127659585,0.9823321554770318,1.0,0.9652777777777778
POST-HOC DEVELOPMENT DIAGNOSTIC,NOT FINAL EFFICACY,NOT PARAMETER SELECTION,NO METHOD CHANGE AUTHORIZED,prefix240,prefix240,re2tt_ts-travel-service_disk_2,ts-travel-service,disk,757b880ecadc87f4,G,MT,10.0,0.01,0.01,5,32,16,1,24,12,175,154,21,0,12,10,2,0,32.0,32,32,4.0,8,0,175,12,16784,1152,,,240,0,0,240,0,0,0,0,5263.157894736852,4893.6170212766,0.9823321554770318,1.0,0.9652777777777778
POST-HOC DEVELOPMENT DIAGNOSTIC,NOT FINAL EFFICACY,NOT PARAMETER SELECTION,NO METHOD CHANGE AUTHORIZED,prefix240,prefix240,re2tt_ts-travel-service_disk_2,ts-travel-service,disk,757b880ecadc87f4,L,MT,10.0,0.01,0.01,5,32,16,1,24,12,175,154,21,0,12,10,2,0,32.0,32,32,4.0,8,0,175,12,16784,1152,,,240,0,0,240,0,0,0,0,140781101153632.88,121749296054551.95,0.0,0.0,0.0
POST-HOC DEVELOPMENT DIAGNOSTIC,NOT FINAL EFFICACY,NOT PARAMETER SELECTION,NO METHOD CHANGE AUTHORIZED,prefix240,prefix240,re2tt_ts-travel-service_disk_2,ts-travel-service,disk,757b880ecadc87f4,ALL,MT,10.0,0.01,0.01,5,32,16,1,24,12,175,154,21,0,12,10,2,0,32.0,32,32,4.0,8,0,175,12,16784,1152,,,240,0,0,240,0,0,0,0,5000.0,4361.702127659585,0.9823321554770318,1.0,0.9652777777777778
POST-HOC DEVELOPMENT DIAGNOSTIC,NOT FINAL EFFICACY,NOT PARAMETER SELECTION,NO METHOD CHANGE AUTHORIZED,prefix240,prefix240,re2tt_ts-travel-service_disk_3,ts-travel-service,disk,3b90d794c8506cef,G,MTL,10.0,0.01,0.01,5,32,16,1,24,12,183,149,20,14,9,9,0,0,32.0,32,32,,9,0,183,9,17564,864,15330.260743093977,0.0,240,0,0,240,0,0,0,0,5263.157894736852,4893.6170212766,0.9965156794425087,1.0,0.9930555555555556
POST-HOC DEVELOPMENT DIAGNOSTIC,NOT FINAL EFFICACY,NOT PARAMETER SELECTION,NO METHOD CHANGE AUTHORIZED,prefix240,prefix240,re2tt_ts-travel-service_disk_3,ts-travel-service,disk,3b90d794c8506cef,L,MTL,10.0,0.01,0.01,5,32,16,1,24,12,183,149,20,14,9,9,0,0,32.0,32,32,,9,0,183,9,17564,864,15233.841302958479,0.0,240,0,0,240,0,0,0,0,141409917304276.9,124120813938759.81,0.0,0.0,0.0
POST-HOC DEVELOPMENT DIAGNOSTIC,NOT FINAL EFFICACY,NOT PARAMETER SELECTION,NO METHOD CHANGE AUTHORIZED,prefix240,prefix240,re2tt_ts-travel-service_disk_3,ts-travel-service,disk,3b90d794c8506cef,ALL,MTL,10.0,0.01,0.01,5,32,16,1,24,12,183,149,20,14,9,9,0,0,32.0,32,32,,9,0,183,9,17564,864,15236.524960476254,0.0,240,0,0,240,0,0,0,0,5000.0,4361.702127659585,0.9965156794425087,1.0,0.9930555555555556
POST-HOC DEVELOPMENT DIAGNOSTIC,NOT FINAL EFFICACY,NOT PARAMETER SELECTION,NO METHOD CHANGE AUTHORIZED,prefix240,prefix240,re2tt_ts-travel-service_disk_3,ts-travel-service,disk,3b90d794c8506cef,G,MT,10.0,0.01,0.01,5,32,16,1,24,12,169,149,20,0,9,9,0,0,32.0,32,32,,9,0,169,9,16220,864,,,240,0,0,240,0,0,0,0,5263.157894736852,4893.6170212766,0.9965156794425087,1.0,0.9930555555555556
POST-HOC DEVELOPMENT DIAGNOSTIC,NOT FINAL EFFICACY,NOT PARAMETER SELECTION,NO METHOD CHANGE AUTHORIZED,prefix240,prefix240,re2tt_ts-travel-service_disk_3,ts-travel-service,disk,3b90d794c8506cef,L,MT,10.0,0.01,0.01,5,32,16,1,24,12,169,149,20,0,9,9,0,0,32.0,32,32,,9,0,169,9,16220,864,,,240,0,0,240,0,0,0,0,140781101153632.88,121749296054551.95,0.0,0.0,0.0
POST-HOC DEVELOPMENT DIAGNOSTIC,NOT FINAL EFFICACY,NOT PARAMETER SELECTION,NO METHOD CHANGE AUTHORIZED,prefix240,prefix240,re2tt_ts-travel-service_disk_3,ts-travel-service,disk,3b90d794c8506cef,ALL,MT,10.0,0.01,0.01,5,32,16,1,24,12,169,149,20,0,9,9,0,0,32.0,32,32,,9,0,169,9,16220,864,,,240,0,0,240,0,0,0,0,5000.0,4361.702127659585,0.9965156794425087,1.0,0.9930555555555556
POST-HOC DEVELOPMENT DIAGNOSTIC,NOT FINAL EFFICACY,NOT PARAMETER SELECTION,NO METHOD CHANGE AUTHORIZED,prefix240,prefix240,re2tt_ts-travel-service_loss_1,ts-travel-service,loss,dd8536efed49ca5a,G,MTL,10.0,0.01,0.01,5,32,16,1,24,12,238,191,27,20,2,2,0,0,32.0,32,32,,2,0,236,2,22648,192,22735.995231523164,0.0,240,0,0,240,0,0,0,0,4893.6170212766,4893.6170212766,0.9619377162629758,0.9586206896551724,0.9652777777777778
POST-HOC DEVELOPMENT DIAGNOSTIC,NOT FINAL EFFICACY,NOT PARAMETER SELECTION,NO METHOD CHANGE AUTHORIZED,prefix240,prefix240,re2tt_ts-travel-service_loss_1,ts-travel-service,loss,dd8536efed49ca5a,L,MTL,10.0,0.01,0.01,5,32,16,1,24,12,238,191,27,20,2,2,0,0,32.0,32,32,,2,0,236,2,22648,192,22728.90713533514,0.0,240,0,0,240,0,0,0,0,121749296054551.95,124120813938759.81,0.0,0.0,0.0
POST-HOC DEVELOPMENT DIAGNOSTIC,NOT FINAL EFFICACY,NOT PARAMETER SELECTION,NO METHOD CHANGE AUTHORIZED,prefix240,prefix240,re2tt_ts-travel-service_loss_1,ts-travel-service,loss,dd8536efed49ca5a,ALL,MTL,10.0,0.01,0.01,5,32,16,1,24,12,238,191,27,20,2,2,0,0,32.0,32,32,,2,0,236,2,22648,192,22715.09903196531,0.0,240,0,0,240,0,0,0,0,4361.702127659585,4361.702127659585,0.9619377162629758,0.9586206896551724,0.9652777777777778
POST-HOC DEVELOPMENT DIAGNOSTIC,NOT FINAL EFFICACY,NOT PARAMETER SELECTION,NO METHOD CHANGE AUTHORIZED,prefix240,prefix240,re2tt_ts-travel-service_loss_1,ts-travel-service,loss,dd8536efed49ca5a,G,MT,10.0,0.01,0.01,5,32,16,1,24,12,218,191,27,0,2,2,0,0,32.0,32,32,,2,0,216,2,20728,192,,,240,0,0,240,0,0,0,0,4893.6170212766,4893.6170212766,0.9619377162629758,0.9586206896551724,0.9652777777777778
POST-HOC DEVELOPMENT DIAGNOSTIC,NOT FINAL EFFICACY,NOT PARAMETER SELECTION,NO METHOD CHANGE AUTHORIZED,prefix240,prefix240,re2tt_ts-travel-service_loss_1,ts-travel-service,loss,dd8536efed49ca5a,L,MT,10.0,0.01,0.01,5,32,16,1,24,12,218,191,27,0,2,2,0,0,32.0,32,32,,2,0,216,2,20728,192,,,240,0,0,240,0,0,0,0,121749296054551.95,121749296054551.95,0.0,0.0,0.0
POST-HOC DEVELOPMENT DIAGNOSTIC,NOT FINAL EFFICACY,NOT PARAMETER SELECTION,NO METHOD CHANGE AUTHORIZED,prefix240,prefix240,re2tt_ts-travel-service_loss_1,ts-travel-service,loss,dd8536efed49ca5a,ALL,MT,10.0,0.01,0.01,5,32,16,1,24,12,218,191,27,0,2,2,0,0,32.0,32,32,,2,0,216,2,20728,192,,,240,0,0,240,0,0,0,0,4361.702127659585,4361.702127659585,0.9619377162629758,0.9586206896551724,0.9652777777777778
POST-HOC DEVELOPMENT DIAGNOSTIC,NOT FINAL EFFICACY,NOT PARAMETER SELECTION,NO METHOD CHANGE AUTHORIZED,prefix240,prefix240,re2tt_ts-travel-service_loss_2,ts-travel-service,loss,b493b6b9e7b01687,G,MTL,10.0,0.01,0.01,5,32,16,1,24,12,246,199,27,20,13,10,2,1,32.0,32,32,3.0,10,0,242,13,23228,1248,235580769586367.5,235580769555867.25,240,6,0,234,0,3,0,3,4893.6170212766,4893.6170212766,0.975609756097561,0.9790209790209791,0.9722222222222222
POST-HOC DEVELOPMENT DIAGNOSTIC,NOT FINAL EFFICACY,NOT PARAMETER SELECTION,NO METHOD CHANGE AUTHORIZED,prefix240,prefix240,re2tt_ts-travel-service_loss_2,ts-travel-service,loss,b493b6b9e7b01687,L,MTL,10.0,0.01,0.01,5,32,16,1,24,12,246,199,27,20,13,10,2,1,32.0,32,32,3.0,10,0,242,13,23228,1248,235581826863448.06,235581826833169.47,240,77,0,163,0,3,12,62,121749296054551.95,124120813938759.81,0.3981042654028436,0.6268656716417911,0.2916666666666667
POST-HOC DEVELOPMENT DIAGNOSTIC,NOT FINAL EFFICACY,NOT PARAMETER SELECTION,NO METHOD CHANGE AUTHORIZED,prefix240,prefix240,re2tt_ts-travel-service_loss_2,ts-travel-service,loss,b493b6b9e7b01687,ALL,MTL,10.0,0.01,0.01,5,32,16,1,24,12,246,199,27,20,13,10,2,1,32.0,32,32,3.0,10,0,242,13,23228,1248,232488769049582.62,232488769019143.06,240,11,0,229,0,3,0,8,4361.702127659585,4361.702127659585,0.975609756097561,0.9790209790209791,0.9722222222222222
POST-HOC DEVELOPMENT DIAGNOSTIC,NOT FINAL EFFICACY,NOT PARAMETER SELECTION,NO METHOD CHANGE AUTHORIZED,prefix240,prefix240,re2tt_ts-travel-service_loss_2,ts-travel-service,loss,b493b6b9e7b01687,G,MT,10.0,0.01,0.01,5,32,16,1,24,12,226,199,27,0,12,10,2,0,32.0,32,32,4.5,10,0,222,12,21308,1152,,,240,5,0,235,0,3,2,0,4893.6170212766,4893.6170212766,0.975609756097561,0.9790209790209791,0.9722222222222222
POST-HOC DEVELOPMENT DIAGNOSTIC,NOT FINAL EFFICACY,NOT PARAMETER SELECTION,NO METHOD CHANGE AUTHORIZED,prefix240,prefix240,re2tt_ts-travel-service_loss_2,ts-travel-service,loss,b493b6b9e7b01687,L,MT,10.0,0.01,0.01,5,32,16,1,24,12,226,199,27,0,12,10,2,0,32.0,32,32,4.5,10,0,222,12,21308,1152,,,240,71,0,169,0,3,68,0,121749296054551.95,121749296054551.95,0.38235294117647056,0.65,0.2708333333333333
POST-HOC DEVELOPMENT DIAGNOSTIC,NOT FINAL EFFICACY,NOT PARAMETER SELECTION,NO METHOD CHANGE AUTHORIZED,prefix240,prefix240,re2tt_ts-travel-service_loss_2,ts-travel-service,loss,b493b6b9e7b01687,ALL,MT,10.0,0.01,0.01,5,32,16,1,24,12,226,199,27,0,12,10,2,0,32.0,32,32,4.5,10,0,222,12,21308,1152,,,240,3,0,237,0,3,0,0,4361.702127659585,4361.702127659585,0.975609756097561,0.9790209790209791,0.9722222222222222
POST-HOC DEVELOPMENT DIAGNOSTIC,NOT FINAL EFFICACY,NOT PARAMETER SELECTION,NO METHOD CHANGE AUTHORIZED,prefix240,prefix240,re2tt_ts-travel-service_loss_3,ts-travel-service,loss,7138fe1fe1ddf617,G,MTL,10.0,0.01,0.01,5,32,16,1,24,12,239,192,27,20,3,3,0,0,32.0,32,32,,3,0,239,3,22916,288,23013.080725409076,0.0,240,18,0,222,0,18,0,0,4893.6170212766,4893.6170212766,0.8989547038327527,0.9020979020979021,0.8958333333333334
POST-HOC DEVELOPMENT DIAGNOSTIC,NOT FINAL EFFICACY,NOT PARAMETER SELECTION,NO METHOD CHANGE AUTHORIZED,prefix240,prefix240,re2tt_ts-travel-service_loss_3,ts-travel-service,loss,7138fe1fe1ddf617,L,MTL,10.0,0.01,0.01,5,32,16,1,24,12,239,192,27,20,3,3,0,0,32.0,32,32,,3,0,239,3,22916,288,23086.49513330602,0.0,240,18,0,222,0,18,0,0,121749296054551.95,124120813938759.81,0.0,0.0,0.0
POST-HOC DEVELOPMENT DIAGNOSTIC,NOT FINAL EFFICACY,NOT PARAMETER SELECTION,NO METHOD CHANGE AUTHORIZED,prefix240,prefix240,re2tt_ts-travel-service_loss_3,ts-travel-service,loss,7138fe1fe1ddf617,ALL,MTL,10.0,0.01,0.01,5,32,16,1,24,12,239,192,27,20,3,3,0,0,32.0,32,32,,3,0,239,3,22916,288,23051.38250740678,0.0,240,18,0,222,0,18,0,0,4361.702127659585,4361.702127659585,0.9103448275862069,0.9041095890410958,0.9166666666666666
POST-HOC DEVELOPMENT DIAGNOSTIC,NOT FINAL EFFICACY,NOT PARAMETER SELECTION,NO METHOD CHANGE AUTHORIZED,prefix240,prefix240,re2tt_ts-travel-service_loss_3,ts-travel-service,loss,7138fe1fe1ddf617,G,MT,10.0,0.01,0.01,5,32,16,1,24,12,219,192,27,0,3,3,0,0,32.0,32,32,,3,0,219,3,20996,288,,,240,18,0,222,0,18,0,0,4893.6170212766,4893.6170212766,0.8989547038327527,0.9020979020979021,0.8958333333333334
POST-HOC DEVELOPMENT DIAGNOSTIC,NOT FINAL EFFICACY,NOT PARAMETER SELECTION,NO METHOD CHANGE AUTHORIZED,prefix240,prefix240,re2tt_ts-travel-service_loss_3,ts-travel-service,loss,7138fe1fe1ddf617,L,MT,10.0,0.01,0.01,5,32,16,1,24,12,219,192,27,0,3,3,0,0,32.0,32,32,,3,0,219,3,20996,288,,,240,18,0,222,0,18,0,0,121749296054551.95,121749296054551.95,0.0,0.0,0.0
POST-HOC DEVELOPMENT DIAGNOSTIC,NOT FINAL EFFICACY,NOT PARAMETER SELECTION,NO METHOD CHANGE AUTHORIZED,prefix240,prefix240,re2tt_ts-travel-service_loss_3,ts-travel-service,loss,7138fe1fe1ddf617,ALL,MT,10.0,0.01,0.01,5,32,16,1,24,12,219,192,27,0,3,3,0,0,32.0,32,32,,3,0,219,3,20996,288,,,240,18,0,222,0,18,0,0,4361.702127659585,4361.702127659585,0.9103448275862069,0.9041095890410958,0.9166666666666666
POST-HOC DEVELOPMENT DIAGNOSTIC,NOT FINAL EFFICACY,NOT PARAMETER SELECTION,NO METHOD CHANGE AUTHORIZED,lag3,primary,re2tt_ts-auth-service_cpu_1,ts-auth-service,cpu,96538c0c0d6a11d8,G,MTL,10.0,0.01,0.01,5,24,12,3,20,9,229,202,27,0,13,13,0,0,24.0,24,24,,13,0,229,13,24670,1404,20204.89571692074,0.0,252,3,0,249,0,3,0,0,4361.702127659583,4736.842105263159,0.15286624203821655,0.9230769230769231,0.08333333333333333
POST-HOC DEVELOPMENT DIAGNOSTIC,NOT FINAL EFFICACY,NOT PARAMETER SELECTION,NO METHOD CHANGE AUTHORIZED,lag3,primary,re2tt_ts-auth-service_cpu_1,ts-auth-service,cpu,96538c0c0d6a11d8,L,MTL,10.0,0.01,0.01,5,24,12,3,20,9,229,202,27,0,13,13,0,0,24.0,24,24,,13,0,229,13,24670,1404,20275.143450095635,0.0,252,3,0,249,0,3,0,0,8085.1063829787245,8421.052631578947,0.14193548387096774,1.0,0.0763888888888889
POST-HOC DEVELOPMENT DIAGNOSTIC,NOT FINAL EFFICACY,NOT PARAMETER SELECTION,NO METHOD CHANGE AUTHORIZED,lag3,primary,re2tt_ts-auth-service_cpu_1,ts-auth-service,cpu,96538c0c0d6a11d8,ALL,MTL,10.0,0.01,0.01,5,24,12,3,20,9,229,202,27,0,13,13,0,0,24.0,24,24,,13,0,229,13,24670,1404,20254.871173793894,0.0,252,3,0,249,0,3,0,0,5957.446808510638,6842.105263157894,0.14193548387096774,1.0,0.0763888888888889
POST-HOC DEVELOPMENT DIAGNOSTIC,NOT FINAL EFFICACY,NOT PARAMETER SELECTION,NO METHOD CHANGE AUTHORIZED,lag3,primary,re2tt_ts-auth-service_cpu_1,ts-auth-service,cpu,96538c0c0d6a11d8,G,MT,10.0,0.01,0.01,5,24,12,3,20,9,229,202,27,0,13,13,0,0,24.0,24,24,,13,0,229,13,24670,1404,,,252,3,0,249,0,3,0,0,4361.702127659583,4736.842105263159,0.15286624203821655,0.9230769230769231,0.08333333333333333
POST-HOC DEVELOPMENT DIAGNOSTIC,NOT FINAL EFFICACY,NOT PARAMETER SELECTION,NO METHOD CHANGE AUTHORIZED,lag3,primary,re2tt_ts-auth-service_cpu_1,ts-auth-service,cpu,96538c0c0d6a11d8,L,MT,10.0,0.01,0.01,5,24,12,3,20,9,229,202,27,0,13,13,0,0,24.0,24,24,,13,0,229,13,24670,1404,,,252,3,0,249,0,3,0,0,8085.1063829787245,7553.191489361706,0.14193548387096774,1.0,0.0763888888888889
POST-HOC DEVELOPMENT DIAGNOSTIC,NOT FINAL EFFICACY,NOT PARAMETER SELECTION,NO METHOD CHANGE AUTHORIZED,lag3,primary,re2tt_ts-auth-service_cpu_1,ts-auth-service,cpu,96538c0c0d6a11d8,ALL,MT,10.0,0.01,0.01,5,24,12,3,20,9,229,202,27,0,13,13,0,0,24.0,24,24,,13,0,229,13,24670,1404,,,252,3,0,249,0,3,0,0,5957.446808510638,5957.446808510638,0.14193548387096774,1.0,0.0763888888888889
POST-HOC DEVELOPMENT DIAGNOSTIC,NOT FINAL EFFICACY,NOT PARAMETER SELECTION,NO METHOD CHANGE AUTHORIZED,lag3,primary,re2tt_ts-auth-service_cpu_2,ts-auth-service,cpu,63f914383963739b,G,MTL,10.0,0.01,0.01,5,24,12,3,20,9,241,194,27,20,7,5,1,1,24.0,24,24,4.5,5,0,241,7,25892,756,188193455021336.38,188193454996705.12,252,21,0,231,0,0,0,21,4361.702127659583,4736.842105263159,0.5254237288135594,0.6739130434782609,0.4305555555555556
POST-HOC DEVELOPMENT DIAGNOSTIC,NOT FINAL EFFICACY,NOT PARAMETER SELECTION,NO METHOD CHANGE AUTHORIZED,lag3,primary,re2tt_ts-auth-service_cpu_2,ts-auth-service,cpu,63f914383963739b,L,MTL,10.0,0.01,0.01,5,24,12,3,20,9,241,194,27,20,7,5,1,1,24.0,24,24,4.5,5,0,241,7,25892,756,188207154946546.56,188207154921917.84,252,73,0,179,0,0,0,73,8085.1063829787245,8421.052631578947,0.5670498084291188,0.6324786324786325,0.5138888888888888
POST-HOC DEVELOPMENT DIAGNOSTIC,NOT FINAL EFFICACY,NOT PARAMETER SELECTION,NO METHOD CHANGE AUTHORIZED,lag3,primary,re2tt_ts-auth-service_cpu_2,ts-auth-service,cpu,63f914383963739b,ALL,MTL,10.0,0.01,0.01,5,24,12,3,20,9,241,194,27,20,7,5,1,1,24.0,24,24,4.5,5,0,241,7,25892,756,188249531476303.56,188249531451665.6,252,41,0,211,0,0,0,41,5957.446808510638,6842.105263157894,0.5758754863813229,0.6548672566371682,0.5138888888888888
POST-HOC DEVELOPMENT DIAGNOSTIC,NOT FINAL EFFICACY,NOT PARAMETER SELECTION,NO METHOD CHANGE AUTHORIZED,lag3,primary,re2tt_ts-auth-service_cpu_2,ts-auth-service,cpu,63f914383963739b,G,MT,10.0,0.01,0.01,5,24,12,3,20,9,221,194,27,0,6,5,1,0,24.0,24,24,4.0,5,0,221,6,23732,648,,,252,0,0,252,0,0,0,0,4361.702127659583,4736.842105263159,0.5254237288135594,0.6739130434782609,0.4305555555555556
POST-HOC DEVELOPMENT DIAGNOSTIC,NOT FINAL EFFICACY,NOT PARAMETER SELECTION,NO METHOD CHANGE AUTHORIZED,lag3,primary,re2tt_ts-auth-service_cpu_2,ts-auth-service,cpu,63f914383963739b,L,MT,10.0,0.01,0.01,5,24,12,3,20,9,221,194,27,0,6,5,1,0,24.0,24,24,4.0,5,0,221,6,23732,648,,,252,0,0,252,0,0,0,0,8085.1063829787245,7553.191489361706,0.39195979899497485,0.7090909090909091,0.2708333333333333
POST-HOC DEVELOPMENT DIAGNOSTIC,NOT FINAL EFFICACY,NOT PARAMETER SELECTION,NO METHOD CHANGE AUTHORIZED,lag3,primary,re2tt_ts-auth-service_cpu_2,ts-auth-service,cpu,63f914383963739b,ALL,MT,10.0,0.01,0.01,5,24,12,3,20,9,221,194,27,0,6,5,1,0,24.0,24,24,4.0,5,0,221,6,23732,648,,,252,0,0,252,0,0,0,0,5957.446808510638,5957.446808510638,0.49557522123893805,0.6829268292682927,0.3888888888888889
POST-HOC DEVELOPMENT DIAGNOSTIC,NOT FINAL EFFICACY,NOT PARAMETER SELECTION,NO METHOD CHANGE AUTHORIZED,lag3,primary,re2tt_ts-auth-service_cpu_3,ts-auth-service,cpu,45e43770afa33cef,G,MTL,10.0,0.01,0.01,5,24,12,3,20,9,247,200,27,20,18,11,4,3,24.0,24,24,5.0,11,0,241,18,25968,1944,670004066154633.4,670004066132373.4,252,0,0,252,0,0,0,0,4361.702127659583,4736.842105263159,0.0,0.0,0.0
POST-HOC DEVELOPMENT DIAGNOSTIC,NOT FINAL EFFICACY,NOT PARAMETER SELECTION,NO METHOD CHANGE AUTHORIZED,lag3,primary,re2tt_ts-auth-service_cpu_3,ts-auth-service,cpu,45e43770afa33cef,L,MTL,10.0,0.01,0.01,5,24,12,3,20,9,247,200,27,20,18,11,4,3,24.0,24,24,5.0,11,0,241,18,25968,1944,670562178277229.4,670562178254937.8,252,0,0,252,0,0,0,0,8085.1063829787245,8421.052631578947,0.0,0.0,0.0
POST-HOC DEVELOPMENT DIAGNOSTIC,NOT FINAL EFFICACY,NOT PARAMETER SELECTION,NO METHOD CHANGE AUTHORIZED,lag3,primary,re2tt_ts-auth-service_cpu_3,ts-auth-service,cpu,45e43770afa33cef,ALL,MTL,10.0,0.01,0.01,5,24,12,3,20,9,247,200,27,20,18,11,4,3,24.0,24,24,5.0,11,0,241,18,25968,1944,720369778173334.8,720369778150984.0,252,0,0,252,0,0,0,0,5957.446808510638,6842.105263157894,0.0,0.0,0.0
POST-HOC DEVELOPMENT DIAGNOSTIC,NOT FINAL EFFICACY,NOT PARAMETER SELECTION,NO METHOD CHANGE AUTHORIZED,lag3,primary,re2tt_ts-auth-service_cpu_3,ts-auth-service,cpu,45e43770afa33cef,G,MT,10.0,0.01,0.01,5,24,12,3,20,9,227,200,27,0,15,11,4,0,24.0,24,24,4.0,11,0,221,15,23808,1620,,,252,0,0,252,0,0,0,0,4361.702127659583,4736.842105263159,0.0,0.0,0.0
POST-HOC DEVELOPMENT DIAGNOSTIC,NOT FINAL EFFICACY,NOT PARAMETER SELECTION,NO METHOD CHANGE AUTHORIZED,lag3,primary,re2tt_ts-auth-service_cpu_3,ts-auth-service,cpu,45e43770afa33cef,L,MT,10.0,0.01,0.01,5,24,12,3,20,9,227,200,27,0,15,11,4,0,24.0,24,24,4.0,11,0,221,15,23808,1620,,,252,0,0,252,0,0,0,0,8085.1063829787245,7553.191489361706,0.0,0.0,0.0
POST-HOC DEVELOPMENT DIAGNOSTIC,NOT FINAL EFFICACY,NOT PARAMETER SELECTION,NO METHOD CHANGE AUTHORIZED,lag3,primary,re2tt_ts-auth-service_cpu_3,ts-auth-service,cpu,45e43770afa33cef,ALL,MT,10.0,0.01,0.01,5,24,12,3,20,9,227,200,27,0,15,11,4,0,24.0,24,24,4.0,11,0,221,15,23808,1620,,,252,0,0,252,0,0,0,0,5957.446808510638,5957.446808510638,0.0,0.0,0.0
POST-HOC DEVELOPMENT DIAGNOSTIC,NOT FINAL EFFICACY,NOT PARAMETER SELECTION,NO METHOD CHANGE AUTHORIZED,lag3,primary,re2tt_ts-auth-service_delay_1,ts-auth-service,delay,87443a2d6d14434c,G,MTL,10.0,0.01,0.01,5,24,12,3,20,9,252,204,27,21,18,15,2,1,24.0,1,24,5.0,13,1,251,17,27028,1836,222534723137870.94,222534723114769.8,252,5,0,247,0,5,0,0,4736.842105263162,4736.842105263159,0.06711409395973154,1.0,0.034722222222222224
POST-HOC DEVELOPMENT DIAGNOSTIC,NOT FINAL EFFICACY,NOT PARAMETER SELECTION,NO METHOD CHANGE AUTHORIZED,lag3,primary,re2tt_ts-auth-service_delay_1,ts-auth-service,delay,87443a2d6d14434c,L,MTL,10.0,0.01,0.01,5,24,12,3,20,9,252,204,27,21,18,15,2,1,24.0,1,24,5.0,13,1,251,17,27028,1836,222421197549850.28,222421197526872.6,252,5,0,247,0,5,0,0,9999.999999999998,8421.052631578947,0.06711409395973154,1.0,0.034722222222222224
POST-HOC DEVELOPMENT DIAGNOSTIC,NOT FINAL EFFICACY,NOT PARAMETER SELECTION,NO METHOD CHANGE AUTHORIZED,lag3,primary,re2tt_ts-auth-service_delay_1,ts-auth-service,delay,87443a2d6d14434c,ALL,MTL,10.0,0.01,0.01,5,24,12,3,20,9,252,204,27,21,18,15,2,1,24.0,1,24,5.0,13,1,251,17,27028,1836,248058449163849.25,248058449140782.56,252,6,0,246,0,6,0,0,7021.276595744682,6842.105263157894,0.08,1.0,0.041666666666666664
POST-HOC DEVELOPMENT DIAGNOSTIC,NOT FINAL EFFICACY,NOT PARAMETER SELECTION,NO METHOD CHANGE AUTHORIZED,lag3,primary,re2tt_ts-auth-service_delay_1,ts-auth-service,delay,87443a2d6d14434c,G,MT,10.0,0.01,0.01,5,24,12,3,20,9,231,204,27,0,17,15,2,0,24.0,1,24,5.0,13,1,230,16,24760,1728,,,252,5,0,247,0,5,0,0,4736.842105263162,4736.842105263159,0.06711409395973154,1.0,0.034722222222222224
POST-HOC DEVELOPMENT DIAGNOSTIC,NOT FINAL EFFICACY,NOT PARAMETER SELECTION,NO METHOD CHANGE AUTHORIZED,lag3,primary,re2tt_ts-auth-service_delay_1,ts-auth-service,delay,87443a2d6d14434c,L,MT,10.0,0.01,0.01,5,24,12,3,20,9,231,204,27,0,17,15,2,0,24.0,1,24,5.0,13,1,230,16,24760,1728,,,252,5,0,247,0,5,0,0,8085.1063829787245,7553.191489361706,0.06711409395973154,1.0,0.034722222222222224
POST-HOC DEVELOPMENT DIAGNOSTIC,NOT FINAL EFFICACY,NOT PARAMETER SELECTION,NO METHOD CHANGE AUTHORIZED,lag3,primary,re2tt_ts-auth-service_delay_1,ts-auth-service,delay,87443a2d6d14434c,ALL,MT,10.0,0.01,0.01,5,24,12,3,20,9,231,204,27,0,17,15,2,0,24.0,1,24,5.0,13,1,230,16,24760,1728,,,252,6,0,246,0,6,0,0,6842.105263157894,5957.446808510638,0.08,1.0,0.041666666666666664
POST-HOC DEVELOPMENT DIAGNOSTIC,NOT FINAL EFFICACY,NOT PARAMETER SELECTION,NO METHOD CHANGE AUTHORIZED,lag3,primary,re2tt_ts-auth-service_delay_2,ts-auth-service,delay,24851f5149e4321a,G,MTL,10.0,0.01,0.01,5,24,12,3,20,9,238,191,27,20,5,2,2,1,24.0,24,24,4.0,2,0,226,5,24408,540,251816593960804.06,251816593918508.4,252,0,0,252,0,0,0,0,4736.842105263162,4736.842105263159,0.34594594594594597,0.7804878048780488,0.2222222222222222
POST-HOC DEVELOPMENT DIAGNOSTIC,NOT FINAL EFFICACY,NOT PARAMETER SELECTION,NO METHOD CHANGE AUTHORIZED,lag3,primary,re2tt_ts-auth-service_delay_2,ts-auth-service,delay,24851f5149e4321a,L,MTL,10.0,0.01,0.01,5,24,12,3,20,9,238,191,27,20,5,2,2,1,24.0,24,24,4.0,2,0,226,5,24408,540,252237180474160.7,252237180431685.06,252,0,0,252,0,0,0,0,9999.999999999998,8421.052631578947,0.0,0.0,0.0
POST-HOC DEVELOPMENT DIAGNOSTIC,NOT FINAL EFFICACY,NOT PARAMETER SELECTION,NO METHOD CHANGE AUTHORIZED,lag3,primary,re2tt_ts-auth-service_delay_2,ts-auth-service,delay,24851f5149e4321a,ALL,MTL,10.0,0.01,0.01,5,24,12,3,20,9,238,191,27,20,5,2,2,1,24.0,24,24,4.0,2,0,226,5,24408,540,255521403045883.8,255521403003528.12,252,0,0,252,0,0,0,0,7021.276595744682,6842.105263157894,0.0,0.0,0.0
POST-HOC DEVELOPMENT DIAGNOSTIC,NOT FINAL EFFICACY,NOT PARAMETER SELECTION,NO METHOD CHANGE AUTHORIZED,lag3,primary,re2tt_ts-auth-service_delay_2,ts-auth-service,delay,24851f5149e4321a,G,MT,10.0,0.01,0.01,5,24,12,3,20,9,218,191,27,0,4,2,2,0,24.0,24,24,3.5,2,0,206,4,22248,432,,,252,0,0,252,0,0,0,0,4736.842105263162,4736.842105263159,0.34594594594594597,0.7804878048780488,0.2222222222222222
POST-HOC DEVELOPMENT DIAGNOSTIC,NOT FINAL EFFICACY,NOT PARAMETER SELECTION,NO METHOD CHANGE AUTHORIZED,lag3,primary,re2tt_ts-auth-service_delay_2,ts-auth-service,delay,24851f5149e4321a,L,MT,10.0,0.01,0.01,5,24,12,3,20,9,218,191,27,0,4,2,2,0,24.0,24,24,3.5,2,0,206,4,22248,432,,,252,0,0,252,0,0,0,0,8085.1063829787245,7553.191489361706,0.0,0.0,0.0
POST-HOC DEVELOPMENT DIAGNOSTIC,NOT FINAL EFFICACY,NOT PARAMETER SELECTION,NO METHOD CHANGE AUTHORIZED,lag3,primary,re2tt_ts-auth-service_delay_2,ts-auth-service,delay,24851f5149e4321a,ALL,MT,10.0,0.01,0.01,5,24,12,3,20,9,218,191,27,0,4,2,2,0,24.0,24,24,3.5,2,0,206,4,22248,432,,,252,0,0,252,0,0,0,0,6842.105263157894,5957.446808510638,0.0,0.0,0.0
POST-HOC DEVELOPMENT DIAGNOSTIC,NOT FINAL EFFICACY,NOT PARAMETER SELECTION,NO METHOD CHANGE AUTHORIZED,lag3,primary,re2tt_ts-auth-service_delay_3,ts-auth-service,delay,549b2f655fc55fd1,G,MTL,10.0,0.01,0.01,5,24,12,3,20,9,239,192,27,20,4,3,1,0,24.0,24,24,3.0,3,0,230,4,24816,432,75561861373643.95,75561861345291.95,252,0,0,252,0,0,0,0,4736.842105263162,4736.842105263159,0.0,0.0,0.0
POST-HOC DEVELOPMENT DIAGNOSTIC,NOT FINAL EFFICACY,NOT PARAMETER SELECTION,NO METHOD CHANGE AUTHORIZED,lag3,primary,re2tt_ts-auth-service_delay_3,ts-auth-service,delay,549b2f655fc55fd1,L,MTL,10.0,0.01,0.01,5,24,12,3,20,9,239,192,27,20,4,3,1,0,24.0,24,24,3.0,3,0,230,4,24816,432,75574347965698.67,75574347937019.7,252,0,0,252,0,0,0,0,9999.999999999998,8421.052631578947,0.0,0.0,0.0
POST-HOC DEVELOPMENT DIAGNOSTIC,NOT FINAL EFFICACY,NOT PARAMETER SELECTION,NO METHOD CHANGE AUTHORIZED,lag3,primary,re2tt_ts-auth-service_delay_3,ts-auth-service,delay,549b2f655fc55fd1,ALL,MTL,10.0,0.01,0.01,5,24,12,3,20,9,239,192,27,20,4,3,1,0,24.0,24,24,3.0,3,0,230,4,24816,432,75583457886058.75,75583457857781.69,252,0,0,252,0,0,0,0,7021.276595744682,6842.105263157894,0.0,0.0,0.0
POST-HOC DEVELOPMENT DIAGNOSTIC,NOT FINAL EFFICACY,NOT PARAMETER SELECTION,NO METHOD CHANGE AUTHORIZED,lag3,primary,re2tt_ts-auth-service_delay_3,ts-auth-service,delay,549b2f655fc55fd1,G,MT,10.0,0.01,0.01,5,24,12,3,20,9,219,192,27,0,4,3,1,0,24.0,24,24,3.0,3,0,210,4,22656,432,,,252,0,0,252,0,0,0,0,4736.842105263162,4736.842105263159,0.0,0.0,0.0
POST-HOC DEVELOPMENT DIAGNOSTIC,NOT FINAL EFFICACY,NOT PARAMETER SELECTION,NO METHOD CHANGE AUTHORIZED,lag3,primary,re2tt_ts-auth-service_delay_3,ts-auth-service,delay,549b2f655fc55fd1,L,MT,10.0,0.01,0.01,5,24,12,3,20,9,219,192,27,0,4,3,1,0,24.0,24,24,3.0,3,0,210,4,22656,432,,,252,0,0,252,0,0,0,0,8085.1063829787245,7553.191489361706,0.0,0.0,0.0
POST-HOC DEVELOPMENT DIAGNOSTIC,NOT FINAL EFFICACY,NOT PARAMETER SELECTION,NO METHOD CHANGE AUTHORIZED,lag3,primary,re2tt_ts-auth-service_delay_3,ts-auth-service,delay,549b2f655fc55fd1,ALL,MT,10.0,0.01,0.01,5,24,12,3,20,9,219,192,27,0,4,3,1,0,24.0,24,24,3.0,3,0,210,4,22656,432,,,252,0,0,252,0,0,0,0,6842.105263157894,5957.446808510638,0.0,0.0,0.0
POST-HOC DEVELOPMENT DIAGNOSTIC,NOT FINAL EFFICACY,NOT PARAMETER SELECTION,NO METHOD CHANGE AUTHORIZED,lag3,primary,re2tt_ts-order-service_disk_1,ts-order-service,disk,4bdb62f38b122bbc,G,MTL,10.0,0.01,0.01,5,24,12,3,20,9,250,203,27,20,17,11,4,2,24.0,24,24,3.5,11,0,232,17,25056,1836,632025611231819.5,632025611210694.9,252,0,0,252,0,0,0,0,4361.702127659583,4736.842105263159,0.9965156794425087,1.0,0.9930555555555556
POST-HOC DEVELOPMENT DIAGNOSTIC,NOT FINAL EFFICACY,NOT PARAMETER SELECTION,NO METHOD CHANGE AUTHORIZED,lag3,primary,re2tt_ts-order-service_disk_1,ts-order-service,disk,4bdb62f38b122bbc,L,MTL,10.0,0.01,0.01,5,24,12,3,20,9,250,203,27,20,17,11,4,2,24.0,24,24,3.5,11,0,232,17,25056,1836,613904797107484.2,613904797086539.8,252,0,0,252,0,0,0,0,8085.1063829787245,8421.052631578947,0.9787234042553191,1.0,0.9583333333333334
POST-HOC DEVELOPMENT DIAGNOSTIC,NOT FINAL EFFICACY,NOT PARAMETER SELECTION,NO METHOD CHANGE AUTHORIZED,lag3,primary,re2tt_ts-order-service_disk_1,ts-order-service,disk,4bdb62f38b122bbc,ALL,MTL,10.0,0.01,0.01,5,24,12,3,20,9,250,203,27,20,17,11,4,2,24.0,24,24,3.5,11,0,232,17,25056,1836,678645252448924.6,678645252427810.5,252,0,0,252,0,0,0,0,5957.446808510638,6842.105263157894,0.9859154929577465,1.0,0.9722222222222222
POST-HOC DEVELOPMENT DIAGNOSTIC,NOT FINAL EFFICACY,NOT PARAMETER SELECTION,NO METHOD CHANGE AUTHORIZED,lag3,primary,re2tt_ts-order-service_disk_1,ts-order-service,disk,4bdb62f38b122bbc,G,MT,10.0,0.01,0.01,5,24,12,3,20,9,230,203,27,0,15,11,4,0,24.0,24,24,3.5,11,0,212,15,22896,1620,,,252,0,0,252,0,0,0,0,4361.702127659583,4736.842105263159,0.9965156794425087,1.0,0.9930555555555556
POST-HOC DEVELOPMENT DIAGNOSTIC,NOT FINAL EFFICACY,NOT PARAMETER SELECTION,NO METHOD CHANGE AUTHORIZED,lag3,primary,re2tt_ts-order-service_disk_1,ts-order-service,disk,4bdb62f38b122bbc,L,MT,10.0,0.01,0.01,5,24,12,3,20,9,230,203,27,0,15,11,4,0,24.0,24,24,3.5,11,0,212,15,22896,1620,,,252,0,0,252,0,0,0,0,8085.1063829787245,7553.191489361706,0.9787234042553191,1.0,0.9583333333333334
POST-HOC DEVELOPMENT DIAGNOSTIC,NOT FINAL EFFICACY,NOT PARAMETER SELECTION,NO METHOD CHANGE AUTHORIZED,lag3,primary,re2tt_ts-order-service_disk_1,ts-order-service,disk,4bdb62f38b122bbc,ALL,MT,10.0,0.01,0.01,5,24,12,3,20,9,230,203,27,0,15,11,4,0,24.0,24,24,3.5,11,0,212,15,22896,1620,,,252,0,0,252,0,0,0,0,5957.446808510638,5957.446808510638,0.9859154929577465,1.0,0.9722222222222222
POST-HOC DEVELOPMENT DIAGNOSTIC,NOT FINAL EFFICACY,NOT PARAMETER SELECTION,NO METHOD CHANGE AUTHORIZED,lag3,primary,re2tt_ts-order-service_disk_2,ts-order-service,disk,b0a2dcc878eeefa3,G,MTL,10.0,0.01,0.01,5,24,12,3,20,9,176,142,20,14,2,2,0,0,24.0,24,24,,2,0,176,2,19008,216,26947.244197598844,0.0,252,0,0,252,0,0,0,0,4361.702127659583,4736.842105263159,0.9688581314878892,0.9655172413793104,0.9722222222222222
POST-HOC DEVELOPMENT DIAGNOSTIC,NOT FINAL EFFICACY,NOT PARAMETER SELECTION,NO METHOD CHANGE AUTHORIZED,lag3,primary,re2tt_ts-order-service_disk_2,ts-order-service,disk,b0a2dcc878eeefa3,L,MTL,10.0,0.01,0.01,5,24,12,3,20,9,176,142,20,14,2,2,0,0,24.0,24,24,,2,0,176,2,19008,216,27062.076376711277,0.0,252,0,0,252,0,0,0,0,8085.1063829787245,8421.052631578947,0.9859154929577465,1.0,0.9722222222222222
POST-HOC DEVELOPMENT DIAGNOSTIC,NOT FINAL EFFICACY,NOT PARAMETER SELECTION,NO METHOD CHANGE AUTHORIZED,lag3,primary,re2tt_ts-order-service_disk_2,ts-order-service,disk,b0a2dcc878eeefa3,ALL,MTL,10.0,0.01,0.01,5,24,12,3,20,9,176,142,20,14,2,2,0,0,24.0,24,24,,2,0,176,2,19008,216,27057.141860189047,0.0,252,0,0,252,0,0,0,0,5957.446808510638,6842.105263157894,0.975609756097561,0.9790209790209791,0.9722222222222222
POST-HOC DEVELOPMENT DIAGNOSTIC,NOT FINAL EFFICACY,NOT PARAMETER SELECTION,NO METHOD CHANGE AUTHORIZED,lag3,primary,re2tt_ts-order-service_disk_2,ts-order-service,disk,b0a2dcc878eeefa3,G,MT,10.0,0.01,0.01,5,24,12,3,20,9,162,142,20,0,2,2,0,0,24.0,24,24,,2,0,162,2,17496,216,,,252,0,0,252,0,0,0,0,4361.702127659583,4736.842105263159,0.9688581314878892,0.9655172413793104,0.9722222222222222
POST-HOC DEVELOPMENT DIAGNOSTIC,NOT FINAL EFFICACY,NOT PARAMETER SELECTION,NO METHOD CHANGE AUTHORIZED,lag3,primary,re2tt_ts-order-service_disk_2,ts-order-service,disk,b0a2dcc878eeefa3,L,MT,10.0,0.01,0.01,5,24,12,3,20,9,162,142,20,0,2,2,0,0,24.0,24,24,,2,0,162,2,17496,216,,,252,0,0,252,0,0,0,0,8085.1063829787245,7553.191489361706,0.9859154929577465,1.0,0.9722222222222222
POST-HOC DEVELOPMENT DIAGNOSTIC,NOT FINAL EFFICACY,NOT PARAMETER SELECTION,NO METHOD CHANGE AUTHORIZED,lag3,primary,re2tt_ts-order-service_disk_2,ts-order-service,disk,b0a2dcc878eeefa3,ALL,MT,10.0,0.01,0.01,5,24,12,3,20,9,162,142,20,0,2,2,0,0,24.0,24,24,,2,0,162,2,17496,216,,,252,0,0,252,0,0,0,0,5957.446808510638,5957.446808510638,0.975609756097561,0.9790209790209791,0.9722222222222222
POST-HOC DEVELOPMENT DIAGNOSTIC,NOT FINAL EFFICACY,NOT PARAMETER SELECTION,NO METHOD CHANGE AUTHORIZED,lag3,primary,re2tt_ts-order-service_disk_3,ts-order-service,disk,9b847bd8f23c07af,G,MTL,10.0,0.01,0.01,5,24,12,3,20,9,176,142,20,14,2,2,0,0,24.0,24,24,,2,0,174,2,18772,216,21089.004692936844,0.0,252,0,0,252,0,0,0,0,4361.702127659583,4736.842105263159,0.9364548494983278,0.9032258064516129,0.9722222222222222
POST-HOC DEVELOPMENT DIAGNOSTIC,NOT FINAL EFFICACY,NOT PARAMETER SELECTION,NO METHOD CHANGE AUTHORIZED,lag3,primary,re2tt_ts-order-service_disk_3,ts-order-service,disk,9b847bd8f23c07af,L,MTL,10.0,0.01,0.01,5,24,12,3,20,9,176,142,20,14,2,2,0,0,24.0,24,24,,2,0,174,2,18772,216,21168.265165133944,0.0,252,0,0,252,0,0,0,0,8085.1063829787245,8421.052631578947,0.9859154929577465,1.0,0.9722222222222222
POST-HOC DEVELOPMENT DIAGNOSTIC,NOT FINAL EFFICACY,NOT PARAMETER SELECTION,NO METHOD CHANGE AUTHORIZED,lag3,primary,re2tt_ts-order-service_disk_3,ts-order-service,disk,9b847bd8f23c07af,ALL,MTL,10.0,0.01,0.01,5,24,12,3,20,9,176,142,20,14,2,2,0,0,24.0,24,24,,2,0,174,2,18772,216,21170.224294291096,0.0,252,0,0,252,0,0,0,0,5957.446808510638,6842.105263157894,0.9655172413793104,0.958904109589041,0.9722222222222222
POST-HOC DEVELOPMENT DIAGNOSTIC,NOT FINAL EFFICACY,NOT PARAMETER SELECTION,NO METHOD CHANGE AUTHORIZED,lag3,primary,re2tt_ts-order-service_disk_3,ts-order-service,disk,9b847bd8f23c07af,G,MT,10.0,0.01,0.01,5,24,12,3,20,9,162,142,20,0,2,2,0,0,24.0,24,24,,2,0,160,2,17260,216,,,252,0,0,252,0,0,0,0,4361.702127659583,4736.842105263159,0.9364548494983278,0.9032258064516129,0.9722222222222222
POST-HOC DEVELOPMENT DIAGNOSTIC,NOT FINAL EFFICACY,NOT PARAMETER SELECTION,NO METHOD CHANGE AUTHORIZED,lag3,primary,re2tt_ts-order-service_disk_3,ts-order-service,disk,9b847bd8f23c07af,L,MT,10.0,0.01,0.01,5,24,12,3,20,9,162,142,20,0,2,2,0,0,24.0,24,24,,2,0,160,2,17260,216,,,252,0,0,252,0,0,0,0,8085.1063829787245,7553.191489361706,0.9859154929577465,1.0,0.9722222222222222
POST-HOC DEVELOPMENT DIAGNOSTIC,NOT FINAL EFFICACY,NOT PARAMETER SELECTION,NO METHOD CHANGE AUTHORIZED,lag3,primary,re2tt_ts-order-service_disk_3,ts-order-service,disk,9b847bd8f23c07af,ALL,MT,10.0,0.01,0.01,5,24,12,3,20,9,162,142,20,0,2,2,0,0,24.0,24,24,,2,0,160,2,17260,216,,,252,0,0,252,0,0,0,0,5957.446808510638,5957.446808510638,0.9655172413793104,0.958904109589041,0.9722222222222222
POST-HOC DEVELOPMENT DIAGNOSTIC,NOT FINAL EFFICACY,NOT PARAMETER SELECTION,NO METHOD CHANGE AUTHORIZED,lag3,primary,re2tt_ts-order-service_loss_1,ts-order-service,loss,cea480a087995c2a,G,MTL,10.0,0.01,0.01,5,24,12,3,20,9,252,205,27,20,20,16,2,2,24.0,24,24,5.0,16,0,250,20,26958,2160,438483371185354.75,438483371159010.75,252,8,0,244,0,8,0,0,4736.771931383981,4736.842105263159,0.9640287769784173,1.0,0.9305555555555556
POST-HOC DEVELOPMENT DIAGNOSTIC,NOT FINAL EFFICACY,NOT PARAMETER SELECTION,NO METHOD CHANGE AUTHORIZED,lag3,primary,re2tt_ts-order-service_loss_1,ts-order-service,loss,cea480a087995c2a,L,MTL,10.0,0.01,0.01,5,24,12,3,20,9,252,205,27,20,20,16,2,2,24.0,24,24,5.0,16,0,250,20,26958,2160,437902674498693.2,437902674472546.25,252,8,0,244,0,8,0,0,7021.276595744682,8421.052631578947,0.9640287769784173,1.0,0.9305555555555556
POST-HOC DEVELOPMENT DIAGNOSTIC,NOT FINAL EFFICACY,NOT PARAMETER SELECTION,NO METHOD CHANGE AUTHORIZED,lag3,primary,re2tt_ts-order-service_loss_1,ts-order-service,loss,cea480a087995c2a,ALL,MTL,10.0,0.01,0.01,5,24,12,3,20,9,252,205,27,20,20,16,2,2,24.0,24,24,5.0,16,0,250,20,26958,2160,453658969904450.4,453658969878184.6,252,8,0,244,0,8,0,0,7021.276595744682,6842.105263157894,0.9640287769784173,1.0,0.9305555555555556
POST-HOC DEVELOPMENT DIAGNOSTIC,NOT FINAL EFFICACY,NOT PARAMETER SELECTION,NO METHOD CHANGE AUTHORIZED,lag3,primary,re2tt_ts-order-service_loss_1,ts-order-service,loss,cea480a087995c2a,G,MT,10.0,0.01,0.01,5,24,12,3,20,9,232,205,27,0,18,16,2,0,24.0,24,24,4.0,16,0,230,18,24798,1944,,,252,8,0,244,0,8,0,0,4736.771931383981,4736.842105263159,0.9640287769784173,1.0,0.9305555555555556
POST-HOC DEVELOPMENT DIAGNOSTIC,NOT FINAL EFFICACY,NOT PARAMETER SELECTION,NO METHOD CHANGE AUTHORIZED,lag3,primary,re2tt_ts-order-service_loss_1,ts-order-service,loss,cea480a087995c2a,L,MT,10.0,0.01,0.01,5,24,12,3,20,9,232,205,27,0,18,16,2,0,24.0,24,24,4.0,16,0,230,18,24798,1944,,,252,8,0,244,0,8,0,0,5957.446808510638,7553.191489361706,0.9640287769784173,1.0,0.9305555555555556
POST-HOC DEVELOPMENT DIAGNOSTIC,NOT FINAL EFFICACY,NOT PARAMETER SELECTION,NO METHOD CHANGE AUTHORIZED,lag3,primary,re2tt_ts-order-service_loss_1,ts-order-service,loss,cea480a087995c2a,ALL,MT,10.0,0.01,0.01,5,24,12,3,20,9,232,205,27,0,18,16,2,0,24.0,24,24,4.0,16,0,230,18,24798,1944,,,252,8,0,244,0,8,0,0,6842.105263157894,5957.446808510638,0.9640287769784173,1.0,0.9305555555555556
POST-HOC DEVELOPMENT DIAGNOSTIC,NOT FINAL EFFICACY,NOT PARAMETER SELECTION,NO METHOD CHANGE AUTHORIZED,lag3,primary,re2tt_ts-order-service_loss_2,ts-order-service,loss,f900792c9a1f5622,G,MTL,10.0,0.01,0.01,5,24,12,3,20,9,181,147,20,14,7,7,0,0,24.0,24,24,,7,0,179,7,19324,756,17946.360308386305,0.0,252,0,0,252,0,0,0,0,4736.771931383981,4736.842105263159,0.38317757009345793,0.5857142857142857,0.2847222222222222
POST-HOC DEVELOPMENT DIAGNOSTIC,NOT FINAL EFFICACY,NOT PARAMETER SELECTION,NO METHOD CHANGE AUTHORIZED,lag3,primary,re2tt_ts-order-service_loss_2,ts-order-service,loss,f900792c9a1f5622,L,MTL,10.0,0.01,0.01,5,24,12,3,20,9,181,147,20,14,7,7,0,0,24.0,24,24,,7,0,179,7,19324,756,17977.267519956837,0.0,252,0,0,252,0,0,0,0,7021.276595744682,8421.052631578947,0.24444444444444444,0.6111111111111112,0.1527777777777778
POST-HOC DEVELOPMENT DIAGNOSTIC,NOT FINAL EFFICACY,NOT PARAMETER SELECTION,NO METHOD CHANGE AUTHORIZED,lag3,primary,re2tt_ts-order-service_loss_2,ts-order-service,loss,f900792c9a1f5622,ALL,MTL,10.0,0.01,0.01,5,24,12,3,20,9,181,147,20,14,7,7,0,0,24.0,24,24,,7,0,179,7,19324,756,17963.616642200002,0.0,252,0,0,252,0,0,0,0,7021.276595744682,6842.105263157894,0.24444444444444444,0.6111111111111112,0.1527777777777778
POST-HOC DEVELOPMENT DIAGNOSTIC,NOT FINAL EFFICACY,NOT PARAMETER SELECTION,NO METHOD CHANGE AUTHORIZED,lag3,primary,re2tt_ts-order-service_loss_2,ts-order-service,loss,f900792c9a1f5622,G,MT,10.0,0.01,0.01,5,24,12,3,20,9,167,147,20,0,7,7,0,0,24.0,24,24,,7,0,165,7,17812,756,,,252,0,0,252,0,0,0,0,4736.771931383981,4736.842105263159,0.38317757009345793,0.5857142857142857,0.2847222222222222
POST-HOC DEVELOPMENT DIAGNOSTIC,NOT FINAL EFFICACY,NOT PARAMETER SELECTION,NO METHOD CHANGE AUTHORIZED,lag3,primary,re2tt_ts-order-service_loss_2,ts-order-service,loss,f900792c9a1f5622,L,MT,10.0,0.01,0.01,5,24,12,3,20,9,167,147,20,0,7,7,0,0,24.0,24,24,,7,0,165,7,17812,756,,,252,0,0,252,0,0,0,0,5957.446808510638,7553.191489361706,0.32460732984293195,0.6595744680851063,0.2152777777777778
POST-HOC DEVELOPMENT DIAGNOSTIC,NOT FINAL EFFICACY,NOT PARAMETER SELECTION,NO METHOD CHANGE AUTHORIZED,lag3,primary,re2tt_ts-order-service_loss_2,ts-order-service,loss,f900792c9a1f5622,ALL,MT,10.0,0.01,0.01,5,24,12,3,20,9,167,147,20,0,7,7,0,0,24.0,24,24,,7,0,165,7,17812,756,,,252,0,0,252,0,0,0,0,6842.105263157894,5957.446808510638,0.2702702702702703,0.6097560975609756,0.1736111111111111
POST-HOC DEVELOPMENT DIAGNOSTIC,NOT FINAL EFFICACY,NOT PARAMETER SELECTION,NO METHOD CHANGE AUTHORIZED,lag3,primary,re2tt_ts-order-service_loss_3,ts-order-service,loss,9d1464b4fb8a49c0,G,MTL,10.0,0.01,0.01,5,24,12,3,20,9,181,147,20,14,7,7,0,0,24.0,24,24,,7,0,179,7,19332,756,16781.434562066417,0.0,252,0,0,252,0,0,0,0,4736.771931383981,4736.842105263159,0.15384615384615385,1.0,0.08333333333333333
POST-HOC DEVELOPMENT DIAGNOSTIC,NOT FINAL EFFICACY,NOT PARAMETER SELECTION,NO METHOD CHANGE AUTHORIZED,lag3,primary,re2tt_ts-order-service_loss_3,ts-order-service,loss,9d1464b4fb8a49c0,L,MTL,10.0,0.01,0.01,5,24,12,3,20,9,181,147,20,14,7,7,0,0,24.0,24,24,,7,0,179,7,19332,756,16829.7105609954,0.0,252,0,0,252,0,0,0,0,7021.276595744682,8421.052631578947,0.0273972602739726,1.0,0.013888888888888888
POST-HOC DEVELOPMENT DIAGNOSTIC,NOT FINAL EFFICACY,NOT PARAMETER SELECTION,NO METHOD CHANGE AUTHORIZED,lag3,primary,re2tt_ts-order-service_loss_3,ts-order-service,loss,9d1464b4fb8a49c0,ALL,MTL,10.0,0.01,0.01,5,24,12,3,20,9,181,147,20,14,7,7,0,0,24.0,24,24,,7,0,179,7,19332,756,16843.679787263456,0.0,252,0,0,252,0,0,0,0,7021.276595744682,6842.105263157894,0.0,0.0,0.0
POST-HOC DEVELOPMENT DIAGNOSTIC,NOT FINAL EFFICACY,NOT PARAMETER SELECTION,NO METHOD CHANGE AUTHORIZED,lag3,primary,re2tt_ts-order-service_loss_3,ts-order-service,loss,9d1464b4fb8a49c0,G,MT,10.0,0.01,0.01,5,24,12,3,20,9,167,147,20,0,7,7,0,0,24.0,24,24,,7,0,165,7,17820,756,,,252,0,0,252,0,0,0,0,4736.771931383981,4736.842105263159,0.15384615384615385,1.0,0.08333333333333333
POST-HOC DEVELOPMENT DIAGNOSTIC,NOT FINAL EFFICACY,NOT PARAMETER SELECTION,NO METHOD CHANGE AUTHORIZED,lag3,primary,re2tt_ts-order-service_loss_3,ts-order-service,loss,9d1464b4fb8a49c0,L,MT,10.0,0.01,0.01,5,24,12,3,20,9,167,147,20,0,7,7,0,0,24.0,24,24,,7,0,165,7,17820,756,,,252,0,0,252,0,0,0,0,5957.446808510638,7553.191489361706,0.14193548387096774,1.0,0.0763888888888889
POST-HOC DEVELOPMENT DIAGNOSTIC,NOT FINAL EFFICACY,NOT PARAMETER SELECTION,NO METHOD CHANGE AUTHORIZED,lag3,primary,re2tt_ts-order-service_loss_3,ts-order-service,loss,9d1464b4fb8a49c0,ALL,MT,10.0,0.01,0.01,5,24,12,3,20,9,167,147,20,0,7,7,0,0,24.0,24,24,,7,0,165,7,17820,756,,,252,0,0,252,0,0,0,0,6842.105263157894,5957.446808510638,0.0,0.0,0.0
POST-HOC DEVELOPMENT DIAGNOSTIC,NOT FINAL EFFICACY,NOT PARAMETER SELECTION,NO METHOD CHANGE AUTHORIZED,lag3,primary,re2tt_ts-route-service_mem_1,ts-route-service,mem,58e365eed32084b4,G,MTL,10.0,0.01,0.01,5,24,12,3,20,9,246,199,27,20,12,10,1,1,24.0,24,24,3.5,9,0,242,12,26040,1296,224671210960248.97,224671210928229.9,252,17,0,235,0,17,0,0,4736.771931383981,4736.842105263159,0.9965156794425087,1.0,0.9930555555555556
POST-HOC DEVELOPMENT DIAGNOSTIC,NOT FINAL EFFICACY,NOT PARAMETER SELECTION,NO METHOD CHANGE AUTHORIZED,lag3,primary,re2tt_ts-route-service_mem_1,ts-route-service,mem,58e365eed32084b4,L,MTL,10.0,0.01,0.01,5,24,12,3,20,9,246,199,27,20,12,10,1,1,24.0,24,24,3.5,9,0,242,12,26040,1296,224679676053821.44,224679676021729.62,252,17,0,235,0,17,0,0,8085.1063829787245,8421.052631578947,0.9965156794425087,1.0,0.9930555555555556
POST-HOC DEVELOPMENT DIAGNOSTIC,NOT FINAL EFFICACY,NOT PARAMETER SELECTION,NO METHOD CHANGE AUTHORIZED,lag3,primary,re2tt_ts-route-service_mem_1,ts-route-service,mem,58e365eed32084b4,ALL,MTL,10.0,0.01,0.01,5,24,12,3,20,9,246,199,27,20,12,10,1,1,24.0,24,24,3.5,9,0,242,12,26040,1296,225768811553406.0,225768811521237.6,252,17,0,235,0,17,0,0,5000.0,6842.105263157894,0.9965156794425087,1.0,0.9930555555555556
POST-HOC DEVELOPMENT DIAGNOSTIC,NOT FINAL EFFICACY,NOT PARAMETER SELECTION,NO METHOD CHANGE AUTHORIZED,lag3,primary,re2tt_ts-route-service_mem_1,ts-route-service,mem,58e365eed32084b4,G,MT,10.0,0.01,0.01,5,24,12,3,20,9,226,199,27,0,11,10,1,0,24.0,24,24,3.0,9,0,222,11,23880,1188,,,252,17,0,235,0,17,0,0,4736.771931383981,4736.842105263159,0.9965156794425087,1.0,0.9930555555555556
POST-HOC DEVELOPMENT DIAGNOSTIC,NOT FINAL EFFICACY,NOT PARAMETER SELECTION,NO METHOD CHANGE AUTHORIZED,lag3,primary,re2tt_ts-route-service_mem_1,ts-route-service,mem,58e365eed32084b4,L,MT,10.0,0.01,0.01,5,24,12,3,20,9,226,199,27,0,11,10,1,0,24.0,24,24,3.0,9,0,222,11,23880,1188,,,252,17,0,235,0,17,0,0,7021.276595744682,7553.191489361706,0.9965156794425087,1.0,0.9930555555555556
POST-HOC DEVELOPMENT DIAGNOSTIC,NOT FINAL EFFICACY,NOT PARAMETER SELECTION,NO METHOD CHANGE AUTHORIZED,lag3,primary,re2tt_ts-route-service_mem_1,ts-route-service,mem,58e365eed32084b4,ALL,MT,10.0,0.01,0.01,5,24,12,3,20,9,226,199,27,0,11,10,1,0,24.0,24,24,3.0,9,0,222,11,23880,1188,,,252,17,0,235,0,17,0,0,4736.771931383981,5957.446808510638,0.9965156794425087,1.0,0.9930555555555556
POST-HOC DEVELOPMENT DIAGNOSTIC,NOT FINAL EFFICACY,NOT PARAMETER SELECTION,NO METHOD CHANGE AUTHORIZED,lag3,primary,re2tt_ts-route-service_mem_2,ts-route-service,mem,15fa2ad3a7eecebd,G,MTL,10.0,0.01,0.01,5,24,12,3,20,9,240,193,27,20,9,4,3,2,24.0,24,24,2.0,4,0,233,9,25162,972,447214566071145.4,447214566038051.9,252,36,0,216,0,0,35,1,4736.771931383981,4736.842105263159,0.0,0.0,0.0
POST-HOC DEVELOPMENT DIAGNOSTIC,NOT FINAL EFFICACY,NOT PARAMETER SELECTION,NO METHOD CHANGE AUTHORIZED,lag3,primary,re2tt_ts-route-service_mem_2,ts-route-service,mem,15fa2ad3a7eecebd,L,MTL,10.0,0.01,0.01,5,24,12,3,20,9,240,193,27,20,9,4,3,2,24.0,24,24,2.0,4,0,233,9,25162,972,429380386744811.3,429380386711394.4,252,71,0,181,0,0,7,64,8085.1063829787245,8421.052631578947,0.33488372093023255,0.5070422535211268,0.25
POST-HOC DEVELOPMENT DIAGNOSTIC,NOT FINAL EFFICACY,NOT PARAMETER SELECTION,NO METHOD CHANGE AUTHORIZED,lag3,primary,re2tt_ts-route-service_mem_2,ts-route-service,mem,15fa2ad3a7eecebd,ALL,MTL,10.0,0.01,0.01,5,24,12,3,20,9,240,193,27,20,9,4,3,2,24.0,24,24,2.0,4,0,233,9,25162,972,459082919732440.25,459082919699454.25,252,92,0,160,0,0,92,0,5000.0,6842.105263157894,0.3644067796610169,0.4673913043478261,0.2986111111111111
POST-HOC DEVELOPMENT DIAGNOSTIC,NOT FINAL EFFICACY,NOT PARAMETER SELECTION,NO METHOD CHANGE AUTHORIZED,lag3,primary,re2tt_ts-route-service_mem_2,ts-route-service,mem,15fa2ad3a7eecebd,G,MT,10.0,0.01,0.01,5,24,12,3,20,9,220,193,27,0,7,4,3,0,24.0,24,24,2.0,4,0,213,7,23002,756,,,252,36,0,216,0,0,36,0,4736.771931383981,4736.842105263159,0.0,0.0,0.0
POST-HOC DEVELOPMENT DIAGNOSTIC,NOT FINAL EFFICACY,NOT PARAMETER SELECTION,NO METHOD CHANGE AUTHORIZED,lag3,primary,re2tt_ts-route-service_mem_2,ts-route-service,mem,15fa2ad3a7eecebd,L,MT,10.0,0.01,0.01,5,24,12,3,20,9,220,193,27,0,7,4,3,0,24.0,24,24,2.0,4,0,213,7,23002,756,,,252,68,0,184,0,0,68,0,7021.276595744682,7553.191489361706,0.3113207547169811,0.4852941176470588,0.22916666666666666
POST-HOC DEVELOPMENT DIAGNOSTIC,NOT FINAL EFFICACY,NOT PARAMETER SELECTION,NO METHOD CHANGE AUTHORIZED,lag3,primary,re2tt_ts-route-service_mem_2,ts-route-service,mem,15fa2ad3a7eecebd,ALL,MT,10.0,0.01,0.01,5,24,12,3,20,9,220,193,27,0,7,4,3,0,24.0,24,24,2.0,4,0,213,7,23002,756,,,252,92,0,160,0,0,92,0,4736.771931383981,5957.446808510638,0.3644067796610169,0.4673913043478261,0.2986111111111111
POST-HOC DEVELOPMENT DIAGNOSTIC,NOT FINAL EFFICACY,NOT PARAMETER SELECTION,NO METHOD CHANGE AUTHORIZED,lag3,primary,re2tt_ts-route-service_mem_3,ts-route-service,mem,c60cff817fc2d5cf,G,MTL,10.0,0.01,0.01,5,24,12,3,20,9,241,194,27,20,6,5,1,0,24.0,24,24,5.0,5,0,241,6,25964,648,73319314764127.1,73319314739898.92,252,0,0,252,0,0,0,0,4736.771931383981,4736.842105263159,0.9662162162162162,0.9407894736842105,0.9930555555555556
POST-HOC DEVELOPMENT DIAGNOSTIC,NOT FINAL EFFICACY,NOT PARAMETER SELECTION,NO METHOD CHANGE AUTHORIZED,lag3,primary,re2tt_ts-route-service_mem_3,ts-route-service,mem,c60cff817fc2d5cf,L,MTL,10.0,0.01,0.01,5,24,12,3,20,9,241,194,27,20,6,5,1,0,24.0,24,24,5.0,5,0,241,6,25964,648,73321584357479.81,73321584333247.4,252,0,0,252,0,0,0,0,8085.1063829787245,8421.052631578947,0.9823321554770318,1.0,0.9652777777777778
POST-HOC DEVELOPMENT DIAGNOSTIC,NOT FINAL EFFICACY,NOT PARAMETER SELECTION,NO METHOD CHANGE AUTHORIZED,lag3,primary,re2tt_ts-route-service_mem_3,ts-route-service,mem,c60cff817fc2d5cf,ALL,MTL,10.0,0.01,0.01,5,24,12,3,20,9,241,194,27,20,6,5,1,0,24.0,24,24,5.0,5,0,241,6,25964,648,73358915841316.2,73358915817042.77,252,0,0,252,0,0,0,0,5000.0,6842.105263157894,0.9556313993174061,0.9395973154362416,0.9722222222222222
POST-HOC DEVELOPMENT DIAGNOSTIC,NOT FINAL EFFICACY,NOT PARAMETER SELECTION,NO METHOD CHANGE AUTHORIZED,lag3,primary,re2tt_ts-route-service_mem_3,ts-route-service,mem,c60cff817fc2d5cf,G,MT,10.0,0.01,0.01,5,24,12,3,20,9,221,194,27,0,6,5,1,0,24.0,24,24,5.0,5,0,221,6,23804,648,,,252,0,0,252,0,0,0,0,4736.771931383981,4736.842105263159,0.9662162162162162,0.9407894736842105,0.9930555555555556
POST-HOC DEVELOPMENT DIAGNOSTIC,NOT FINAL EFFICACY,NOT PARAMETER SELECTION,NO METHOD CHANGE AUTHORIZED,lag3,primary,re2tt_ts-route-service_mem_3,ts-route-service,mem,c60cff817fc2d5cf,L,MT,10.0,0.01,0.01,5,24,12,3,20,9,221,194,27,0,6,5,1,0,24.0,24,24,5.0,5,0,221,6,23804,648,,,252,0,0,252,0,0,0,0,7021.276595744682,7553.191489361706,0.9859154929577465,1.0,0.9722222222222222
POST-HOC DEVELOPMENT DIAGNOSTIC,NOT FINAL EFFICACY,NOT PARAMETER SELECTION,NO METHOD CHANGE AUTHORIZED,lag3,primary,re2tt_ts-route-service_mem_3,ts-route-service,mem,c60cff817fc2d5cf,ALL,MT,10.0,0.01,0.01,5,24,12,3,20,9,221,194,27,0,6,5,1,0,24.0,24,24,5.0,5,0,221,6,23804,648,,,252,0,0,252,0,0,0,0,4736.771931383981,5957.446808510638,0.9662162162162162,0.9407894736842105,0.9930555555555556
POST-HOC DEVELOPMENT DIAGNOSTIC,NOT FINAL EFFICACY,NOT PARAMETER SELECTION,NO METHOD CHANGE AUTHORIZED,lag3,primary,re2tt_ts-route-service_socket_1,ts-route-service,socket,0f1447a5823d8a23,G,MTL,10.0,0.01,0.01,5,24,12,3,20,9,254,207,27,20,20,18,1,1,24.0,24,24,3.0,18,0,250,20,26982,2160,185004125415752.28,185004125384045.03,252,6,0,246,0,6,0,0,4736.771931383981,4736.842105263159,0.9130434782608695,0.9545454545454546,0.875
POST-HOC DEVELOPMENT DIAGNOSTIC,NOT FINAL EFFICACY,NOT PARAMETER SELECTION,NO METHOD CHANGE AUTHORIZED,lag3,primary,re2tt_ts-route-service_socket_1,ts-route-service,socket,0f1447a5823d8a23,L,MTL,10.0,0.01,0.01,5,24,12,3,20,9,254,207,27,20,20,18,1,1,24.0,24,24,3.0,18,0,250,20,26982,2160,185178719351559.75,185178719320695.44,252,6,0,246,0,6,0,0,7021.276595744682,8421.052631578947,0.4126984126984127,0.8666666666666667,0.2708333333333333
POST-HOC DEVELOPMENT DIAGNOSTIC,NOT FINAL EFFICACY,NOT PARAMETER SELECTION,NO METHOD CHANGE AUTHORIZED,lag3,primary,re2tt_ts-route-service_socket_1,ts-route-service,socket,0f1447a5823d8a23,ALL,MTL,10.0,0.01,0.01,5,24,12,3,20,9,254,207,27,20,20,18,1,1,24.0,24,24,3.0,18,0,250,20,26982,2160,184684992462500.53,184684992431211.38,252,6,0,246,0,6,0,0,7021.276595744682,6842.105263157894,0.42105263157894735,0.8695652173913043,0.2777777777777778
POST-HOC DEVELOPMENT DIAGNOSTIC,NOT FINAL EFFICACY,NOT PARAMETER SELECTION,NO METHOD CHANGE AUTHORIZED,lag3,primary,re2tt_ts-route-service_socket_1,ts-route-service,socket,0f1447a5823d8a23,G,MT,10.0,0.01,0.01,5,24,12,3,20,9,234,207,27,0,19,18,1,0,24.0,24,24,3.0,18,0,230,19,24822,2052,,,252,6,0,246,0,6,0,0,4736.771931383981,4736.842105263159,0.9130434782608695,0.9545454545454546,0.875
POST-HOC DEVELOPMENT DIAGNOSTIC,NOT FINAL EFFICACY,NOT PARAMETER SELECTION,NO METHOD CHANGE AUTHORIZED,lag3,primary,re2tt_ts-route-service_socket_1,ts-route-service,socket,0f1447a5823d8a23,L,MT,10.0,0.01,0.01,5,24,12,3,20,9,234,207,27,0,19,18,1,0,24.0,24,24,3.0,18,0,230,19,24822,2052,,,252,6,0,246,0,6,0,0,5957.446808510638,7553.191489361706,0.5821596244131455,0.8985507246376812,0.4305555555555556
POST-HOC DEVELOPMENT DIAGNOSTIC,NOT FINAL EFFICACY,NOT PARAMETER SELECTION,NO METHOD CHANGE AUTHORIZED,lag3,primary,re2tt_ts-route-service_socket_1,ts-route-service,socket,0f1447a5823d8a23,ALL,MT,10.0,0.01,0.01,5,24,12,3,20,9,234,207,27,0,19,18,1,0,24.0,24,24,3.0,18,0,230,19,24822,2052,,,252,6,0,246,0,6,0,0,6842.105263157894,5957.446808510638,0.49246231155778897,0.8909090909090909,0.3402777777777778
POST-HOC DEVELOPMENT DIAGNOSTIC,NOT FINAL EFFICACY,NOT PARAMETER SELECTION,NO METHOD CHANGE AUTHORIZED,lag3,primary,re2tt_ts-route-service_socket_2,ts-route-service,socket,5bf54b9f116a5fa1,G,MTL,10.0,0.01,0.01,5,24,12,3,20,9,241,194,27,20,8,6,1,1,24.0,24,24,4.0,5,0,237,8,25584,864,372804637007047.75,372804636975204.25,252,0,0,252,0,0,0,0,4736.771931383981,4736.842105263159,0.0,0.0,0.0
POST-HOC DEVELOPMENT DIAGNOSTIC,NOT FINAL EFFICACY,NOT PARAMETER SELECTION,NO METHOD CHANGE AUTHORIZED,lag3,primary,re2tt_ts-route-service_socket_2,ts-route-service,socket,5bf54b9f116a5fa1,L,MTL,10.0,0.01,0.01,5,24,12,3,20,9,241,194,27,20,8,6,1,1,24.0,24,24,4.0,5,0,237,8,25584,864,372810213783603.4,372810213752233.75,252,0,0,252,0,0,0,0,7021.276595744682,8421.052631578947,0.0,0.0,0.0
POST-HOC DEVELOPMENT DIAGNOSTIC,NOT FINAL EFFICACY,NOT PARAMETER SELECTION,NO METHOD CHANGE AUTHORIZED,lag3,primary,re2tt_ts-route-service_socket_2,ts-route-service,socket,5bf54b9f116a5fa1,ALL,MTL,10.0,0.01,0.01,5,24,12,3,20,9,241,194,27,20,8,6,1,1,24.0,24,24,4.0,5,0,237,8,25584,864,372781180117691.9,372781180086106.9,252,1,0,251,0,1,0,0,7021.276595744682,6842.105263157894,0.0,0.0,0.0
POST-HOC DEVELOPMENT DIAGNOSTIC,NOT FINAL EFFICACY,NOT PARAMETER SELECTION,NO METHOD CHANGE AUTHORIZED,lag3,primary,re2tt_ts-route-service_socket_2,ts-route-service,socket,5bf54b9f116a5fa1,G,MT,10.0,0.01,0.01,5,24,12,3,20,9,221,194,27,0,7,6,1,0,24.0,24,24,4.0,5,0,217,7,23424,756,,,252,0,0,252,0,0,0,0,4736.771931383981,4736.842105263159,0.0,0.0,0.0
POST-HOC DEVELOPMENT DIAGNOSTIC,NOT FINAL EFFICACY,NOT PARAMETER SELECTION,NO METHOD CHANGE AUTHORIZED,lag3,primary,re2tt_ts-route-service_socket_2,ts-route-service,socket,5bf54b9f116a5fa1,L,MT,10.0,0.01,0.01,5,24,12,3,20,9,221,194,27,0,7,6,1,0,24.0,24,24,4.0,5,0,217,7,23424,756,,,252,0,0,252,0,0,0,0,5957.446808510638,7553.191489361706,0.0,0.0,0.0
POST-HOC DEVELOPMENT DIAGNOSTIC,NOT FINAL EFFICACY,NOT PARAMETER SELECTION,NO METHOD CHANGE AUTHORIZED,lag3,primary,re2tt_ts-route-service_socket_2,ts-route-service,socket,5bf54b9f116a5fa1,ALL,MT,10.0,0.01,0.01,5,24,12,3,20,9,221,194,27,0,7,6,1,0,24.0,24,24,4.0,5,0,217,7,23424,756,,,252,1,0,251,0,1,0,0,6842.105263157894,5957.446808510638,0.0,0.0,0.0
POST-HOC DEVELOPMENT DIAGNOSTIC,NOT FINAL EFFICACY,NOT PARAMETER SELECTION,NO METHOD CHANGE AUTHORIZED,lag3,primary,re2tt_ts-route-service_socket_3,ts-route-service,socket,47f193d58b233d8a,G,MTL,10.0,0.01,0.01,5,24,12,3,20,9,241,194,27,20,7,5,1,1,24.0,24,24,3.5,5,0,239,7,25800,756,215304832476155.8,215304832449032.44,252,19,0,233,0,0,19,0,4736.771931383981,4736.842105263159,0.9859154929577465,1.0,0.9722222222222222
POST-HOC DEVELOPMENT DIAGNOSTIC,NOT FINAL EFFICACY,NOT PARAMETER SELECTION,NO METHOD CHANGE AUTHORIZED,lag3,primary,re2tt_ts-route-service_socket_3,ts-route-service,socket,47f193d58b233d8a,L,MTL,10.0,0.01,0.01,5,24,12,3,20,9,241,194,27,20,7,5,1,1,24.0,24,24,3.5,5,0,239,7,25800,756,215274699431581.03,215274699404461.3,252,106,0,146,0,0,106,0,7021.276595744682,8421.052631578947,0.8427299703264095,0.7357512953367875,0.9861111111111112
POST-HOC DEVELOPMENT DIAGNOSTIC,NOT FINAL EFFICACY,NOT PARAMETER SELECTION,NO METHOD CHANGE AUTHORIZED,lag3,primary,re2tt_ts-route-service_socket_3,ts-route-service,socket,47f193d58b233d8a,ALL,MTL,10.0,0.01,0.01,5,24,12,3,20,9,241,194,27,20,7,5,1,1,24.0,24,24,3.5,5,0,239,7,25800,756,215233205141974.16,215233205114711.94,252,20,0,232,0,0,20,0,7021.276595744682,6842.105263157894,0.9859154929577465,1.0,0.9722222222222222
POST-HOC DEVELOPMENT DIAGNOSTIC,NOT FINAL EFFICACY,NOT PARAMETER SELECTION,NO METHOD CHANGE AUTHORIZED,lag3,primary,re2tt_ts-route-service_socket_3,ts-route-service,socket,47f193d58b233d8a,G,MT,10.0,0.01,0.01,5,24,12,3,20,9,221,194,27,0,6,5,1,0,24.0,24,24,3.0,5,0,219,6,23640,648,,,252,19,0,233,0,0,19,0,4736.771931383981,4736.842105263159,0.9859154929577465,1.0,0.9722222222222222
POST-HOC DEVELOPMENT DIAGNOSTIC,NOT FINAL EFFICACY,NOT PARAMETER SELECTION,NO METHOD CHANGE AUTHORIZED,lag3,primary,re2tt_ts-route-service_socket_3,ts-route-service,socket,47f193d58b233d8a,L,MT,10.0,0.01,0.01,5,24,12,3,20,9,221,194,27,0,6,5,1,0,24.0,24,24,3.0,5,0,219,6,23640,648,,,252,106,0,146,0,0,106,0,5957.446808510638,7553.191489361706,0.8427299703264095,0.7357512953367875,0.9861111111111112
POST-HOC DEVELOPMENT DIAGNOSTIC,NOT FINAL EFFICACY,NOT PARAMETER SELECTION,NO METHOD CHANGE AUTHORIZED,lag3,primary,re2tt_ts-route-service_socket_3,ts-route-service,socket,47f193d58b233d8a,ALL,MT,10.0,0.01,0.01,5,24,12,3,20,9,221,194,27,0,6,5,1,0,24.0,24,24,3.0,5,0,219,6,23640,648,,,252,20,0,232,0,0,20,0,6842.105263157894,5957.446808510638,0.9859154929577465,1.0,0.9722222222222222
POST-HOC DEVELOPMENT DIAGNOSTIC,NOT FINAL EFFICACY,NOT PARAMETER SELECTION,NO METHOD CHANGE AUTHORIZED,lag3,primary,re2tt_ts-train-service_cpu_1,ts-train-service,cpu,f13a01ab09a3962b,G,MTL,10.0,0.01,0.01,5,24,12,3,20,9,248,201,27,20,14,12,1,1,24.0,24,24,3.0,12,0,246,14,26522,1512,185641019619900.47,185641019597438.62,252,11,0,241,0,11,0,0,4736.771931383981,4736.842105263159,0.9894736842105263,1.0,0.9791666666666666
POST-HOC DEVELOPMENT DIAGNOSTIC,NOT FINAL EFFICACY,NOT PARAMETER SELECTION,NO METHOD CHANGE AUTHORIZED,lag3,primary,re2tt_ts-train-service_cpu_1,ts-train-service,cpu,f13a01ab09a3962b,L,MTL,10.0,0.01,0.01,5,24,12,3,20,9,248,201,27,20,14,12,1,1,24.0,24,24,3.0,12,0,246,14,26522,1512,185665165926518.5,185665165904010.75,252,11,0,241,0,11,0,0,8085.1063829787245,8421.052631578947,0.9823321554770318,1.0,0.9652777777777778
POST-HOC DEVELOPMENT DIAGNOSTIC,NOT FINAL EFFICACY,NOT PARAMETER SELECTION,NO METHOD CHANGE AUTHORIZED,lag3,primary,re2tt_ts-train-service_cpu_1,ts-train-service,cpu,f13a01ab09a3962b,ALL,MTL,10.0,0.01,0.01,5,24,12,3,20,9,248,201,27,20,14,12,1,1,24.0,24,24,3.0,12,0,246,14,26522,1512,185507186204820.3,185507186182282.75,252,11,0,241,0,11,0,0,5000.0,6842.105263157894,0.9894736842105263,1.0,0.9791666666666666
POST-HOC DEVELOPMENT DIAGNOSTIC,NOT FINAL EFFICACY,NOT PARAMETER SELECTION,NO METHOD CHANGE AUTHORIZED,lag3,primary,re2tt_ts-train-service_cpu_1,ts-train-service,cpu,f13a01ab09a3962b,G,MT,10.0,0.01,0.01,5,24,12,3,20,9,228,201,27,0,13,12,1,0,24.0,24,24,3.0,12,0,226,13,24362,1404,,,252,11,0,241,0,11,0,0,4736.771931383981,4736.842105263159,0.9894736842105263,1.0,0.9791666666666666
POST-HOC DEVELOPMENT DIAGNOSTIC,NOT FINAL EFFICACY,NOT PARAMETER SELECTION,NO METHOD CHANGE AUTHORIZED,lag3,primary,re2tt_ts-train-service_cpu_1,ts-train-service,cpu,f13a01ab09a3962b,L,MT,10.0,0.01,0.01,5,24,12,3,20,9,228,201,27,0,13,12,1,0,24.0,24,24,3.0,12,0,226,13,24362,1404,,,252,11,0,241,0,11,0,0,7021.276595744682,7553.191489361706,0.9823321554770318,1.0,0.9652777777777778
POST-HOC DEVELOPMENT DIAGNOSTIC,NOT FINAL EFFICACY,NOT PARAMETER SELECTION,NO METHOD CHANGE AUTHORIZED,lag3,primary,re2tt_ts-train-service_cpu_1,ts-train-service,cpu,f13a01ab09a3962b,ALL,MT,10.0,0.01,0.01,5,24,12,3,20,9,228,201,27,0,13,12,1,0,24.0,24,24,3.0,12,0,226,13,24362,1404,,,252,11,0,241,0,11,0,0,4736.771931383981,5957.446808510638,0.9894736842105263,1.0,0.9791666666666666
POST-HOC DEVELOPMENT DIAGNOSTIC,NOT FINAL EFFICACY,NOT PARAMETER SELECTION,NO METHOD CHANGE AUTHORIZED,lag3,primary,re2tt_ts-train-service_cpu_2,ts-train-service,cpu,b4f7da80e26ff729,G,MTL,10.0,0.01,0.01,5,24,12,3,20,9,245,198,27,20,10,9,1,0,24.0,24,24,2.0,9,0,243,10,26196,1080,48398971331322.62,48398971307541.46,252,17,0,235,0,15,2,0,4736.771931383981,4736.842105263159,0.9859154929577465,1.0,0.9722222222222222
POST-HOC DEVELOPMENT DIAGNOSTIC,NOT FINAL EFFICACY,NOT PARAMETER SELECTION,NO METHOD CHANGE AUTHORIZED,lag3,primary,re2tt_ts-train-service_cpu_2,ts-train-service,cpu,b4f7da80e26ff729,L,MTL,10.0,0.01,0.01,5,24,12,3,20,9,245,198,27,20,10,9,1,0,24.0,24,24,2.0,9,0,243,10,26196,1080,48345041622402.07,48345041598620.9,252,17,0,235,0,15,2,0,8085.1063829787245,8421.052631578947,0.9823321554770318,1.0,0.9652777777777778
POST-HOC DEVELOPMENT DIAGNOSTIC,NOT FINAL EFFICACY,NOT PARAMETER SELECTION,NO METHOD CHANGE AUTHORIZED,lag3,primary,re2tt_ts-train-service_cpu_2,ts-train-service,cpu,b4f7da80e26ff729,ALL,MTL,10.0,0.01,0.01,5,24,12,3,20,9,245,198,27,20,10,9,1,0,24.0,24,24,2.0,9,0,243,10,26196,1080,48545996133836.69,48545996110023.945,252,15,0,237,0,15,0,0,5000.0,6842.105263157894,0.9859154929577465,1.0,0.9722222222222222
POST-HOC DEVELOPMENT DIAGNOSTIC,NOT FINAL EFFICACY,NOT PARAMETER SELECTION,NO METHOD CHANGE AUTHORIZED,lag3,primary,re2tt_ts-train-service_cpu_2,ts-train-service,cpu,b4f7da80e26ff729,G,MT,10.0,0.01,0.01,5,24,12,3,20,9,225,198,27,0,10,9,1,0,24.0,24,24,2.0,9,0,223,10,24036,1080,,,252,17,0,235,0,15,2,0,4736.771931383981,4736.842105263159,0.9859154929577465,1.0,0.9722222222222222
POST-HOC DEVELOPMENT DIAGNOSTIC,NOT FINAL EFFICACY,NOT PARAMETER SELECTION,NO METHOD CHANGE AUTHORIZED,lag3,primary,re2tt_ts-train-service_cpu_2,ts-train-service,cpu,b4f7da80e26ff729,L,MT,10.0,0.01,0.01,5,24,12,3,20,9,225,198,27,0,10,9,1,0,24.0,24,24,2.0,9,0,223,10,24036,1080,,,252,17,0,235,0,15,2,0,7021.276595744682,7553.191489361706,0.9823321554770318,1.0,0.9652777777777778
POST-HOC DEVELOPMENT DIAGNOSTIC,NOT FINAL EFFICACY,NOT PARAMETER SELECTION,NO METHOD CHANGE AUTHORIZED,lag3,primary,re2tt_ts-train-service_cpu_2,ts-train-service,cpu,b4f7da80e26ff729,ALL,MT,10.0,0.01,0.01,5,24,12,3,20,9,225,198,27,0,10,9,1,0,24.0,24,24,2.0,9,0,223,10,24036,1080,,,252,15,0,237,0,15,0,0,4736.771931383981,5957.446808510638,0.9859154929577465,1.0,0.9722222222222222
POST-HOC DEVELOPMENT DIAGNOSTIC,NOT FINAL EFFICACY,NOT PARAMETER SELECTION,NO METHOD CHANGE AUTHORIZED,lag3,primary,re2tt_ts-train-service_cpu_3,ts-train-service,cpu,8fe6a000483edc0e,G,MTL,10.0,0.01,0.01,5,24,12,3,20,9,248,201,27,20,14,12,1,1,24.0,24,24,5.0,12,0,248,14,26728,1512,207857032750243.56,207857032717266.62,252,9,0,243,0,9,0,0,4736.771931383981,4736.842105263159,0.9067524115755627,0.844311377245509,0.9791666666666666
POST-HOC DEVELOPMENT DIAGNOSTIC,NOT FINAL EFFICACY,NOT PARAMETER SELECTION,NO METHOD CHANGE AUTHORIZED,lag3,primary,re2tt_ts-train-service_cpu_3,ts-train-service,cpu,8fe6a000483edc0e,L,MTL,10.0,0.01,0.01,5,24,12,3,20,9,248,201,27,20,14,12,1,1,24.0,24,24,5.0,12,0,248,14,26728,1512,207904957912444.5,207904957879623.25,252,9,0,243,0,9,0,0,8085.1063829787245,8421.052631578947,0.9724137931034482,0.9657534246575342,0.9791666666666666
POST-HOC DEVELOPMENT DIAGNOSTIC,NOT FINAL EFFICACY,NOT PARAMETER SELECTION,NO METHOD CHANGE AUTHORIZED,lag3,primary,re2tt_ts-train-service_cpu_3,ts-train-service,cpu,8fe6a000483edc0e,ALL,MTL,10.0,0.01,0.01,5,24,12,3,20,9,248,201,27,20,14,12,1,1,24.0,24,24,5.0,12,0,248,14,26728,1512,207144913336701.38,207144913303811.06,252,9,0,243,0,9,0,0,5000.0,6842.105263157894,0.9245901639344263,0.8757763975155279,0.9791666666666666
POST-HOC DEVELOPMENT DIAGNOSTIC,NOT FINAL EFFICACY,NOT PARAMETER SELECTION,NO METHOD CHANGE AUTHORIZED,lag3,primary,re2tt_ts-train-service_cpu_3,ts-train-service,cpu,8fe6a000483edc0e,G,MT,10.0,0.01,0.01,5,24,12,3,20,9,228,201,27,0,13,12,1,0,24.0,24,24,5.0,12,0,228,13,24568,1404,,,252,9,0,243,0,9,0,0,4736.771931383981,4736.842105263159,0.9067524115755627,0.844311377245509,0.9791666666666666
POST-HOC DEVELOPMENT DIAGNOSTIC,NOT FINAL EFFICACY,NOT PARAMETER SELECTION,NO METHOD CHANGE AUTHORIZED,lag3,primary,re2tt_ts-train-service_cpu_3,ts-train-service,cpu,8fe6a000483edc0e,L,MT,10.0,0.01,0.01,5,24,12,3,20,9,228,201,27,0,13,12,1,0,24.0,24,24,5.0,12,0,228,13,24568,1404,,,252,9,0,243,0,9,0,0,7021.276595744682,7553.191489361706,0.9527027027027027,0.9276315789473685,0.9791666666666666
POST-HOC DEVELOPMENT DIAGNOSTIC,NOT FINAL EFFICACY,NOT PARAMETER SELECTION,NO METHOD CHANGE AUTHORIZED,lag3,primary,re2tt_ts-train-service_cpu_3,ts-train-service,cpu,8fe6a000483edc0e,ALL,MT,10.0,0.01,0.01,5,24,12,3,20,9,228,201,27,0,13,12,1,0,24.0,24,24,5.0,12,0,228,13,24568,1404,,,252,9,0,243,0,9,0,0,4736.771931383981,5957.446808510638,0.9067524115755627,0.844311377245509,0.9791666666666666
POST-HOC DEVELOPMENT DIAGNOSTIC,NOT FINAL EFFICACY,NOT PARAMETER SELECTION,NO METHOD CHANGE AUTHORIZED,lag3,primary,re2tt_ts-train-service_delay_1,ts-train-service,delay,8534e6237bee1618,G,MTL,10.0,0.01,0.01,5,24,12,3,20,9,250,203,27,20,15,14,1,0,24.0,24,24,5.0,14,0,246,15,26544,1620,79932629930536.23,79932629907735.1,252,4,0,248,0,4,0,0,4893.6170212766,4736.842105263159,0.9894736842105263,1.0,0.9791666666666666
POST-HOC DEVELOPMENT DIAGNOSTIC,NOT FINAL EFFICACY,NOT PARAMETER SELECTION,NO METHOD CHANGE AUTHORIZED,lag3,primary,re2tt_ts-train-service_delay_1,ts-train-service,delay,8534e6237bee1618,L,MTL,10.0,0.01,0.01,5,24,12,3,20,9,250,203,27,20,15,14,1,0,24.0,24,24,5.0,14,0,246,15,26544,1620,79914312261261.64,79914312238435.62,252,4,0,248,0,4,0,0,15531.914893617028,8421.052631578947,0.9894736842105263,1.0,0.9791666666666666
POST-HOC DEVELOPMENT DIAGNOSTIC,NOT FINAL EFFICACY,NOT PARAMETER SELECTION,NO METHOD CHANGE AUTHORIZED,lag3,primary,re2tt_ts-train-service_delay_1,ts-train-service,delay,8534e6237bee1618,ALL,MTL,10.0,0.01,0.01,5,24,12,3,20,9,250,203,27,20,15,14,1,0,24.0,24,24,5.0,14,0,246,15,26544,1620,80133097454001.52,80133097431135.77,252,4,0,248,0,4,0,0,7378.390435091546,6842.105263157894,0.9894736842105263,1.0,0.9791666666666666
POST-HOC DEVELOPMENT DIAGNOSTIC,NOT FINAL EFFICACY,NOT PARAMETER SELECTION,NO METHOD CHANGE AUTHORIZED,lag3,primary,re2tt_ts-train-service_delay_1,ts-train-service,delay,8534e6237bee1618,G,MT,10.0,0.01,0.01,5,24,12,3,20,9,230,203,27,0,15,14,1,0,24.0,24,24,5.0,14,0,226,15,24384,1620,,,252,4,0,248,0,4,0,0,4893.6170212766,4736.842105263159,0.9894736842105263,1.0,0.9791666666666666
POST-HOC DEVELOPMENT DIAGNOSTIC,NOT FINAL EFFICACY,NOT PARAMETER SELECTION,NO METHOD CHANGE AUTHORIZED,lag3,primary,re2tt_ts-train-service_delay_1,ts-train-service,delay,8534e6237bee1618,L,MT,10.0,0.01,0.01,5,24,12,3,20,9,230,203,27,0,15,14,1,0,24.0,24,24,5.0,14,0,226,15,24384,1620,,,252,4,0,248,0,4,0,0,8245.614035087718,7553.191489361706,0.9894736842105263,1.0,0.9791666666666666
POST-HOC DEVELOPMENT DIAGNOSTIC,NOT FINAL EFFICACY,NOT PARAMETER SELECTION,NO METHOD CHANGE AUTHORIZED,lag3,primary,re2tt_ts-train-service_delay_1,ts-train-service,delay,8534e6237bee1618,ALL,MT,10.0,0.01,0.01,5,24,12,3,20,9,230,203,27,0,15,14,1,0,24.0,24,24,5.0,14,0,226,15,24384,1620,,,252,4,0,248,0,4,0,0,7021.276595744682,5957.446808510638,0.9894736842105263,1.0,0.9791666666666666
POST-HOC DEVELOPMENT DIAGNOSTIC,NOT FINAL EFFICACY,NOT PARAMETER SELECTION,NO METHOD CHANGE AUTHORIZED,lag3,primary,re2tt_ts-train-service_delay_2,ts-train-service,delay,84c4c18e60502036,G,MTL,10.0,0.01,0.01,5,24,12,3,20,9,238,191,27,20,5,2,2,1,24.0,24,24,4.0,2,0,232,5,25048,540,337541286263904.4,337541286239131.3,252,0,0,252,0,0,0,0,4893.6170212766,4736.842105263159,0.9690721649484536,0.9591836734693877,0.9791666666666666
POST-HOC DEVELOPMENT DIAGNOSTIC,NOT FINAL EFFICACY,NOT PARAMETER SELECTION,NO METHOD CHANGE AUTHORIZED,lag3,primary,re2tt_ts-train-service_delay_2,ts-train-service,delay,84c4c18e60502036,L,MTL,10.0,0.01,0.01,5,24,12,3,20,9,238,191,27,20,5,2,2,1,24.0,24,24,4.0,2,0,232,5,25048,540,337393884660673.0,337393884635914.44,252,0,0,252,0,0,0,0,15531.914893617028,8421.052631578947,0.9714285714285714,1.0,0.9444444444444444
POST-HOC DEVELOPMENT DIAGNOSTIC,NOT FINAL EFFICACY,NOT PARAMETER SELECTION,NO METHOD CHANGE AUTHORIZED,lag3,primary,re2tt_ts-train-service_delay_2,ts-train-service,delay,84c4c18e60502036,ALL,MTL,10.0,0.01,0.01,5,24,12,3,20,9,238,191,27,20,5,2,2,1,24.0,24,24,4.0,2,0,232,5,25048,540,349146344062722.94,349146344037909.06,252,0,0,252,0,0,0,0,7378.390435091546,6842.105263157894,0.9823321554770318,1.0,0.9652777777777778
POST-HOC DEVELOPMENT DIAGNOSTIC,NOT FINAL EFFICACY,NOT PARAMETER SELECTION,NO METHOD CHANGE AUTHORIZED,lag3,primary,re2tt_ts-train-service_delay_2,ts-train-service,delay,84c4c18e60502036,G,MT,10.0,0.01,0.01,5,24,12,3,20,9,218,191,27,0,4,2,2,0,24.0,24,24,4.0,2,0,212,4,22888,432,,,252,0,0,252,0,0,0,0,4893.6170212766,4736.842105263159,0.9690721649484536,0.9591836734693877,0.9791666666666666
POST-HOC DEVELOPMENT DIAGNOSTIC,NOT FINAL EFFICACY,NOT PARAMETER SELECTION,NO METHOD CHANGE AUTHORIZED,lag3,primary,re2tt_ts-train-service_delay_2,ts-train-service,delay,84c4c18e60502036,L,MT,10.0,0.01,0.01,5,24,12,3,20,9,218,191,27,0,4,2,2,0,24.0,24,24,4.0,2,0,212,4,22888,432,,,252,0,0,252,0,0,0,0,8245.614035087718,7553.191489361706,0.9823321554770318,1.0,0.9652777777777778
POST-HOC DEVELOPMENT DIAGNOSTIC,NOT FINAL EFFICACY,NOT PARAMETER SELECTION,NO METHOD CHANGE AUTHORIZED,lag3,primary,re2tt_ts-train-service_delay_2,ts-train-service,delay,84c4c18e60502036,ALL,MT,10.0,0.01,0.01,5,24,12,3,20,9,218,191,27,0,4,2,2,0,24.0,24,24,4.0,2,0,212,4,22888,432,,,252,0,0,252,0,0,0,0,7021.276595744682,5957.446808510638,0.9823321554770318,1.0,0.9652777777777778
POST-HOC DEVELOPMENT DIAGNOSTIC,NOT FINAL EFFICACY,NOT PARAMETER SELECTION,NO METHOD CHANGE AUTHORIZED,lag3,primary,re2tt_ts-train-service_delay_3,ts-train-service,delay,0868b9b567cd44c8,G,MTL,10.0,0.01,0.01,5,24,12,3,20,9,238,191,27,20,4,2,1,1,24.0,24,24,4.0,2,0,236,4,25436,432,210108261277907.62,210108261242565.53,252,0,0,252,0,0,0,0,4893.6170212766,4736.842105263159,0.9690721649484536,0.9591836734693877,0.9791666666666666
POST-HOC DEVELOPMENT DIAGNOSTIC,NOT FINAL EFFICACY,NOT PARAMETER SELECTION,NO METHOD CHANGE AUTHORIZED,lag3,primary,re2tt_ts-train-service_delay_3,ts-train-service,delay,0868b9b567cd44c8,L,MTL,10.0,0.01,0.01,5,24,12,3,20,9,238,191,27,20,4,2,1,1,24.0,24,24,4.0,2,0,236,4,25436,432,209875910394695.66,209875910359566.75,252,0,0,252,0,0,0,0,15531.914893617028,8421.052631578947,0.9823321554770318,1.0,0.9652777777777778
POST-HOC DEVELOPMENT DIAGNOSTIC,NOT FINAL EFFICACY,NOT PARAMETER SELECTION,NO METHOD CHANGE AUTHORIZED,lag3,primary,re2tt_ts-train-service_delay_3,ts-train-service,delay,0868b9b567cd44c8,ALL,MTL,10.0,0.01,0.01,5,24,12,3,20,9,238,191,27,20,4,2,1,1,24.0,24,24,4.0,2,0,236,4,25436,432,211553539759681.6,211553539724496.0,252,0,0,252,0,0,0,0,7378.390435091546,6842.105263157894,0.9859154929577465,1.0,0.9722222222222222
POST-HOC DEVELOPMENT DIAGNOSTIC,NOT FINAL EFFICACY,NOT PARAMETER SELECTION,NO METHOD CHANGE AUTHORIZED,lag3,primary,re2tt_ts-train-service_delay_3,ts-train-service,delay,0868b9b567cd44c8,G,MT,10.0,0.01,0.01,5,24,12,3,20,9,218,191,27,0,3,2,1,0,24.0,24,24,4.0,2,0,216,3,23276,324,,,252,0,0,252,0,0,0,0,4893.6170212766,4736.842105263159,0.9690721649484536,0.9591836734693877,0.9791666666666666
POST-HOC DEVELOPMENT DIAGNOSTIC,NOT FINAL EFFICACY,NOT PARAMETER SELECTION,NO METHOD CHANGE AUTHORIZED,lag3,primary,re2tt_ts-train-service_delay_3,ts-train-service,delay,0868b9b567cd44c8,L,MT,10.0,0.01,0.01,5,24,12,3,20,9,218,191,27,0,3,2,1,0,24.0,24,24,4.0,2,0,216,3,23276,324,,,252,0,0,252,0,0,0,0,8245.614035087718,7553.191489361706,0.9894736842105263,1.0,0.9791666666666666
POST-HOC DEVELOPMENT DIAGNOSTIC,NOT FINAL EFFICACY,NOT PARAMETER SELECTION,NO METHOD CHANGE AUTHORIZED,lag3,primary,re2tt_ts-train-service_delay_3,ts-train-service,delay,0868b9b567cd44c8,ALL,MT,10.0,0.01,0.01,5,24,12,3,20,9,218,191,27,0,3,2,1,0,24.0,24,24,4.0,2,0,216,3,23276,324,,,252,0,0,252,0,0,0,0,7021.276595744682,5957.446808510638,0.9825783972125436,0.986013986013986,0.9791666666666666
POST-HOC DEVELOPMENT DIAGNOSTIC,NOT FINAL EFFICACY,NOT PARAMETER SELECTION,NO METHOD CHANGE AUTHORIZED,lag3,primary,re2tt_ts-travel-service_disk_1,ts-travel-service,disk,27afdc4e5ac07b32,G,MTL,10.0,0.01,0.01,5,24,12,3,20,9,232,186,26,20,7,2,2,3,24.0,24,24,5.0,2,0,226,7,24408,756,480038988235806.5,480038988208783.1,252,0,0,252,0,0,0,0,4893.6170212766,4736.842105263159,0.9657534246575342,0.9527027027027027,0.9791666666666666
POST-HOC DEVELOPMENT DIAGNOSTIC,NOT FINAL EFFICACY,NOT PARAMETER SELECTION,NO METHOD CHANGE AUTHORIZED,lag3,primary,re2tt_ts-travel-service_disk_1,ts-travel-service,disk,27afdc4e5ac07b32,L,MTL,10.0,0.01,0.01,5,24,12,3,20,9,232,186,26,20,7,2,2,3,24.0,24,24,5.0,2,0,226,7,24408,756,471882430550726.94,471882430523711.1,252,0,0,252,0,0,0,0,15531.914893617028,8421.052631578947,0.9550173010380623,0.9517241379310345,0.9583333333333334
POST-HOC DEVELOPMENT DIAGNOSTIC,NOT FINAL EFFICACY,NOT PARAMETER SELECTION,NO METHOD CHANGE AUTHORIZED,lag3,primary,re2tt_ts-travel-service_disk_1,ts-travel-service,disk,27afdc4e5ac07b32,ALL,MTL,10.0,0.01,0.01,5,24,12,3,20,9,232,186,26,20,7,2,2,3,24.0,24,24,5.0,2,0,226,7,24408,756,480077451211804.3,480077451184940.5,252,0,0,252,0,0,0,0,7378.390435091546,6842.105263157894,0.9657534246575342,0.9527027027027027,0.9791666666666666
POST-HOC DEVELOPMENT DIAGNOSTIC,NOT FINAL EFFICACY,NOT PARAMETER SELECTION,NO METHOD CHANGE AUTHORIZED,lag3,primary,re2tt_ts-travel-service_disk_1,ts-travel-service,disk,27afdc4e5ac07b32,G,MT,10.0,0.01,0.01,5,24,12,3,20,9,212,186,26,0,4,2,2,0,24.0,24,24,3.5,2,0,206,4,22248,432,,,252,0,0,252,0,0,0,0,4893.6170212766,4736.842105263159,0.9657534246575342,0.9527027027027027,0.9791666666666666
POST-HOC DEVELOPMENT DIAGNOSTIC,NOT FINAL EFFICACY,NOT PARAMETER SELECTION,NO METHOD CHANGE AUTHORIZED,lag3,primary,re2tt_ts-travel-service_disk_1,ts-travel-service,disk,27afdc4e5ac07b32,L,MT,10.0,0.01,0.01,5,24,12,3,20,9,212,186,26,0,4,2,2,0,24.0,24,24,3.5,2,0,206,4,22248,432,,,252,0,0,252,0,0,0,0,8245.614035087718,7553.191489361706,0.9657534246575342,0.9527027027027027,0.9791666666666666
POST-HOC DEVELOPMENT DIAGNOSTIC,NOT FINAL EFFICACY,NOT PARAMETER SELECTION,NO METHOD CHANGE AUTHORIZED,lag3,primary,re2tt_ts-travel-service_disk_1,ts-travel-service,disk,27afdc4e5ac07b32,ALL,MT,10.0,0.01,0.01,5,24,12,3,20,9,212,186,26,0,4,2,2,0,24.0,24,24,3.5,2,0,206,4,22248,432,,,252,0,0,252,0,0,0,0,7021.276595744682,5957.446808510638,0.9657534246575342,0.9527027027027027,0.9791666666666666
POST-HOC DEVELOPMENT DIAGNOSTIC,NOT FINAL EFFICACY,NOT PARAMETER SELECTION,NO METHOD CHANGE AUTHORIZED,lag3,primary,re2tt_ts-travel-service_disk_2,ts-travel-service,disk,757b880ecadc87f4,G,MTL,10.0,0.01,0.01,5,24,12,3,20,9,183,149,20,14,11,9,1,1,24.0,24,24,4.0,7,0,183,11,19740,1188,189274012423184.06,189274012391872.2,252,0,0,252,0,0,0,0,4893.6170212766,4736.842105263159,0.9823321554770318,1.0,0.9652777777777778
POST-HOC DEVELOPMENT DIAGNOSTIC,NOT FINAL EFFICACY,NOT PARAMETER SELECTION,NO METHOD CHANGE AUTHORIZED,lag3,primary,re2tt_ts-travel-service_disk_2,ts-travel-service,disk,757b880ecadc87f4,L,MTL,10.0,0.01,0.01,5,24,12,3,20,9,183,149,20,14,11,9,1,1,24.0,24,24,4.0,7,0,183,11,19740,1188,189311376694753.5,189311376663433.97,252,0,0,252,0,0,0,0,15531.914893617028,8421.052631578947,0.9823321554770318,1.0,0.9652777777777778
POST-HOC DEVELOPMENT DIAGNOSTIC,NOT FINAL EFFICACY,NOT PARAMETER SELECTION,NO METHOD CHANGE AUTHORIZED,lag3,primary,re2tt_ts-travel-service_disk_2,ts-travel-service,disk,757b880ecadc87f4,ALL,MTL,10.0,0.01,0.01,5,24,12,3,20,9,183,149,20,14,11,9,1,1,24.0,24,24,4.0,7,0,183,11,19740,1188,189326971607719.1,189326971576358.34,252,0,0,252,0,0,0,0,7378.390435091546,6842.105263157894,0.9823321554770318,1.0,0.9652777777777778
POST-HOC DEVELOPMENT DIAGNOSTIC,NOT FINAL EFFICACY,NOT PARAMETER SELECTION,NO METHOD CHANGE AUTHORIZED,lag3,primary,re2tt_ts-travel-service_disk_2,ts-travel-service,disk,757b880ecadc87f4,G,MT,10.0,0.01,0.01,5,24,12,3,20,9,169,149,20,0,10,9,1,0,24.0,24,24,4.0,7,0,169,10,18228,1080,,,252,0,0,252,0,0,0,0,4893.6170212766,4736.842105263159,0.9823321554770318,1.0,0.9652777777777778
POST-HOC DEVELOPMENT DIAGNOSTIC,NOT FINAL EFFICACY,NOT PARAMETER SELECTION,NO METHOD CHANGE AUTHORIZED,lag3,primary,re2tt_ts-travel-service_disk_2,ts-travel-service,disk,757b880ecadc87f4,L,MT,10.0,0.01,0.01,5,24,12,3,20,9,169,149,20,0,10,9,1,0,24.0,24,24,4.0,7,0,169,10,18228,1080,,,252,0,0,252,0,0,0,0,8245.614035087718,7553.191489361706,0.9823321554770318,1.0,0.9652777777777778
POST-HOC DEVELOPMENT DIAGNOSTIC,NOT FINAL EFFICACY,NOT PARAMETER SELECTION,NO METHOD CHANGE AUTHORIZED,lag3,primary,re2tt_ts-travel-service_disk_2,ts-travel-service,disk,757b880ecadc87f4,ALL,MT,10.0,0.01,0.01,5,24,12,3,20,9,169,149,20,0,10,9,1,0,24.0,24,24,4.0,7,0,169,10,18228,1080,,,252,0,0,252,0,0,0,0,7021.276595744682,5957.446808510638,0.9823321554770318,1.0,0.9652777777777778
POST-HOC DEVELOPMENT DIAGNOSTIC,NOT FINAL EFFICACY,NOT PARAMETER SELECTION,NO METHOD CHANGE AUTHORIZED,lag3,primary,re2tt_ts-travel-service_disk_3,ts-travel-service,disk,3b90d794c8506cef,G,MTL,10.0,0.01,0.01,5,24,12,3,20,9,183,149,20,14,9,9,0,0,24.0,24,24,,9,0,179,9,19324,972,18573.868471626458,0.0,252,0,0,252,0,0,0,0,4893.6170212766,4736.842105263159,0.9965156794425087,1.0,0.9930555555555556
POST-HOC DEVELOPMENT DIAGNOSTIC,NOT FINAL EFFICACY,NOT PARAMETER SELECTION,NO METHOD CHANGE AUTHORIZED,lag3,primary,re2tt_ts-travel-service_disk_3,ts-travel-service,disk,3b90d794c8506cef,L,MTL,10.0,0.01,0.01,5,24,12,3,20,9,183,149,20,14,9,9,0,0,24.0,24,24,,9,0,179,9,19324,972,18531.617551258,0.0,252,0,0,252,0,0,0,0,15531.914893617028,8421.052631578947,0.9787234042553191,1.0,0.9583333333333334
POST-HOC DEVELOPMENT DIAGNOSTIC,NOT FINAL EFFICACY,NOT PARAMETER SELECTION,NO METHOD CHANGE AUTHORIZED,lag3,primary,re2tt_ts-travel-service_disk_3,ts-travel-service,disk,3b90d794c8506cef,ALL,MTL,10.0,0.01,0.01,5,24,12,3,20,9,183,149,20,14,9,9,0,0,24.0,24,24,,9,0,179,9,19324,972,18557.547719542246,0.0,252,0,0,252,0,0,0,0,7378.390435091546,6842.105263157894,0.9965156794425087,1.0,0.9930555555555556
POST-HOC DEVELOPMENT DIAGNOSTIC,NOT FINAL EFFICACY,NOT PARAMETER SELECTION,NO METHOD CHANGE AUTHORIZED,lag3,primary,re2tt_ts-travel-service_disk_3,ts-travel-service,disk,3b90d794c8506cef,G,MT,10.0,0.01,0.01,5,24,12,3,20,9,169,149,20,0,9,9,0,0,24.0,24,24,,9,0,165,9,17812,972,,,252,0,0,252,0,0,0,0,4893.6170212766,4736.842105263159,0.9965156794425087,1.0,0.9930555555555556
POST-HOC DEVELOPMENT DIAGNOSTIC,NOT FINAL EFFICACY,NOT PARAMETER SELECTION,NO METHOD CHANGE AUTHORIZED,lag3,primary,re2tt_ts-travel-service_disk_3,ts-travel-service,disk,3b90d794c8506cef,L,MT,10.0,0.01,0.01,5,24,12,3,20,9,169,149,20,0,9,9,0,0,24.0,24,24,,9,0,165,9,17812,972,,,252,0,0,252,0,0,0,0,8245.614035087718,7553.191489361706,0.9965156794425087,1.0,0.9930555555555556
POST-HOC DEVELOPMENT DIAGNOSTIC,NOT FINAL EFFICACY,NOT PARAMETER SELECTION,NO METHOD CHANGE AUTHORIZED,lag3,primary,re2tt_ts-travel-service_disk_3,ts-travel-service,disk,3b90d794c8506cef,ALL,MT,10.0,0.01,0.01,5,24,12,3,20,9,169,149,20,0,9,9,0,0,24.0,24,24,,9,0,165,9,17812,972,,,252,0,0,252,0,0,0,0,7021.276595744682,5957.446808510638,0.9965156794425087,1.0,0.9930555555555556
POST-HOC DEVELOPMENT DIAGNOSTIC,NOT FINAL EFFICACY,NOT PARAMETER SELECTION,NO METHOD CHANGE AUTHORIZED,lag3,primary,re2tt_ts-travel-service_loss_1,ts-travel-service,loss,dd8536efed49ca5a,G,MTL,10.0,0.01,0.01,5,24,12,3,20,9,238,191,27,20,2,2,0,0,24.0,24,24,,2,0,236,2,25402,216,26836.510027069493,0.0,252,0,0,252,0,0,0,0,4736.842105263162,4736.842105263159,0.9619377162629758,0.9586206896551724,0.9652777777777778
POST-HOC DEVELOPMENT DIAGNOSTIC,NOT FINAL EFFICACY,NOT PARAMETER SELECTION,NO METHOD CHANGE AUTHORIZED,lag3,primary,re2tt_ts-travel-service_loss_1,ts-travel-service,loss,dd8536efed49ca5a,L,MTL,10.0,0.01,0.01,5,24,12,3,20,9,238,191,27,20,2,2,0,0,24.0,24,24,,2,0,236,2,25402,216,26918.346262500298,0.0,252,0,0,252,0,0,0,0,9999.999999999998,8421.052631578947,0.9090909090909091,0.9541984732824428,0.8680555555555556
POST-HOC DEVELOPMENT DIAGNOSTIC,NOT FINAL EFFICACY,NOT PARAMETER SELECTION,NO METHOD CHANGE AUTHORIZED,lag3,primary,re2tt_ts-travel-service_loss_1,ts-travel-service,loss,dd8536efed49ca5a,ALL,MTL,10.0,0.01,0.01,5,24,12,3,20,9,238,191,27,20,2,2,0,0,24.0,24,24,,2,0,236,2,25402,216,26910.619133807875,0.0,252,0,0,252,0,0,0,0,7021.276595744682,6842.105263157894,0.9619377162629758,0.9586206896551724,0.9652777777777778
POST-HOC DEVELOPMENT DIAGNOSTIC,NOT FINAL EFFICACY,NOT PARAMETER SELECTION,NO METHOD CHANGE AUTHORIZED,lag3,primary,re2tt_ts-travel-service_loss_1,ts-travel-service,loss,dd8536efed49ca5a,G,MT,10.0,0.01,0.01,5,24,12,3,20,9,218,191,27,0,2,2,0,0,24.0,24,24,,2,0,216,2,23242,216,,,252,0,0,252,0,0,0,0,4736.842105263162,4736.842105263159,0.9619377162629758,0.9586206896551724,0.9652777777777778
POST-HOC DEVELOPMENT DIAGNOSTIC,NOT FINAL EFFICACY,NOT PARAMETER SELECTION,NO METHOD CHANGE AUTHORIZED,lag3,primary,re2tt_ts-travel-service_loss_1,ts-travel-service,loss,dd8536efed49ca5a,L,MT,10.0,0.01,0.01,5,24,12,3,20,9,218,191,27,0,2,2,0,0,24.0,24,24,,2,0,216,2,23242,216,,,252,0,0,252,0,0,0,0,8085.1063829787245,7553.191489361706,0.9619377162629758,0.9586206896551724,0.9652777777777778
POST-HOC DEVELOPMENT DIAGNOSTIC,NOT FINAL EFFICACY,NOT PARAMETER SELECTION,NO METHOD CHANGE AUTHORIZED,lag3,primary,re2tt_ts-travel-service_loss_1,ts-travel-service,loss,dd8536efed49ca5a,ALL,MT,10.0,0.01,0.01,5,24,12,3,20,9,218,191,27,0,2,2,0,0,24.0,24,24,,2,0,216,2,23242,216,,,252,0,0,252,0,0,0,0,6842.105263157894,5957.446808510638,0.9619377162629758,0.9586206896551724,0.9652777777777778
POST-HOC DEVELOPMENT DIAGNOSTIC,NOT FINAL EFFICACY,NOT PARAMETER SELECTION,NO METHOD CHANGE AUTHORIZED,lag3,primary,re2tt_ts-travel-service_loss_2,ts-travel-service,loss,b493b6b9e7b01687,G,MTL,10.0,0.01,0.01,5,24,12,3,20,9,246,199,27,20,12,10,1,1,24.0,24,24,2.0,10,0,244,12,26304,1296,191221593792023.0,191221593759443.12,252,3,0,249,0,3,0,0,4736.842105263162,4736.842105263159,0.9537366548042705,0.9781021897810219,0.9305555555555556
POST-HOC DEVELOPMENT DIAGNOSTIC,NOT FINAL EFFICACY,NOT PARAMETER SELECTION,NO METHOD CHANGE AUTHORIZED,lag3,primary,re2tt_ts-travel-service_loss_2,ts-travel-service,loss,b493b6b9e7b01687,L,MTL,10.0,0.01,0.01,5,24,12,3,20,9,246,199,27,20,12,10,1,1,24.0,24,24,2.0,10,0,244,12,26304,1296,191371641713591.28,191371641681088.28,252,3,0,249,0,3,0,0,9999.999999999998,8421.052631578947,0.9424460431654677,0.9776119402985075,0.9097222222222222
POST-HOC DEVELOPMENT DIAGNOSTIC,NOT FINAL EFFICACY,NOT PARAMETER SELECTION,NO METHOD CHANGE AUTHORIZED,lag3,primary,re2tt_ts-travel-service_loss_2,ts-travel-service,loss,b493b6b9e7b01687,ALL,MTL,10.0,0.01,0.01,5,24,12,3,20,9,246,199,27,20,12,10,1,1,24.0,24,24,2.0,10,0,244,12,26304,1296,190981813546402.88,190981813513883.44,252,3,0,249,0,3,0,0,7021.276595744682,6842.105263157894,0.9424460431654677,0.9776119402985075,0.9097222222222222
POST-HOC DEVELOPMENT DIAGNOSTIC,NOT FINAL EFFICACY,NOT PARAMETER SELECTION,NO METHOD CHANGE AUTHORIZED,lag3,primary,re2tt_ts-travel-service_loss_2,ts-travel-service,loss,b493b6b9e7b01687,G,MT,10.0,0.01,0.01,5,24,12,3,20,9,226,199,27,0,11,10,1,0,24.0,24,24,2.0,10,0,224,11,24144,1188,,,252,3,0,249,0,3,0,0,4736.842105263162,4736.842105263159,0.9537366548042705,0.9781021897810219,0.9305555555555556
POST-HOC DEVELOPMENT DIAGNOSTIC,NOT FINAL EFFICACY,NOT PARAMETER SELECTION,NO METHOD CHANGE AUTHORIZED,lag3,primary,re2tt_ts-travel-service_loss_2,ts-travel-service,loss,b493b6b9e7b01687,L,MT,10.0,0.01,0.01,5,24,12,3,20,9,226,199,27,0,11,10,1,0,24.0,24,24,2.0,10,0,224,11,24144,1188,,,252,3,0,249,0,3,0,0,8085.1063829787245,7553.191489361706,0.9424460431654677,0.9776119402985075,0.9097222222222222
POST-HOC DEVELOPMENT DIAGNOSTIC,NOT FINAL EFFICACY,NOT PARAMETER SELECTION,NO METHOD CHANGE AUTHORIZED,lag3,primary,re2tt_ts-travel-service_loss_2,ts-travel-service,loss,b493b6b9e7b01687,ALL,MT,10.0,0.01,0.01,5,24,12,3,20,9,226,199,27,0,11,10,1,0,24.0,24,24,2.0,10,0,224,11,24144,1188,,,252,3,0,249,0,3,0,0,6842.105263157894,5957.446808510638,0.9424460431654677,0.9776119402985075,0.9097222222222222
POST-HOC DEVELOPMENT DIAGNOSTIC,NOT FINAL EFFICACY,NOT PARAMETER SELECTION,NO METHOD CHANGE AUTHORIZED,lag3,primary,re2tt_ts-travel-service_loss_3,ts-travel-service,loss,7138fe1fe1ddf617,G,MTL,10.0,0.01,0.01,5,24,12,3,20,9,239,192,27,20,3,3,0,0,24.0,24,24,,3,0,239,3,25776,324,22889.569352222432,0.0,252,18,0,234,0,18,0,0,4736.842105263162,4736.842105263159,0.3492063492063492,0.7333333333333333,0.22916666666666666
POST-HOC DEVELOPMENT DIAGNOSTIC,NOT FINAL EFFICACY,NOT PARAMETER SELECTION,NO METHOD CHANGE AUTHORIZED,lag3,primary,re2tt_ts-travel-service_loss_3,ts-travel-service,loss,7138fe1fe1ddf617,L,MTL,10.0,0.01,0.01,5,24,12,3,20,9,239,192,27,20,3,3,0,0,24.0,24,24,,3,0,239,3,25776,324,22961.38198014942,0.0,252,18,0,234,0,18,0,0,9999.999999999998,8421.052631578947,0.3448275862068966,1.0,0.20833333333333334
POST-HOC DEVELOPMENT DIAGNOSTIC,NOT FINAL EFFICACY,NOT PARAMETER SELECTION,NO METHOD CHANGE AUTHORIZED,lag3,primary,re2tt_ts-travel-service_loss_3,ts-travel-service,loss,7138fe1fe1ddf617,ALL,MTL,10.0,0.01,0.01,5,24,12,3,20,9,239,192,27,20,3,3,0,0,24.0,24,24,,3,0,239,3,25776,324,22946.24560414001,0.0,252,18,0,234,0,18,0,0,7021.276595744682,6842.105263157894,0.3333333333333333,0.8333333333333334,0.20833333333333334
POST-HOC DEVELOPMENT DIAGNOSTIC,NOT FINAL EFFICACY,NOT PARAMETER SELECTION,NO METHOD CHANGE AUTHORIZED,lag3,primary,re2tt_ts-travel-service_loss_3,ts-travel-service,loss,7138fe1fe1ddf617,G,MT,10.0,0.01,0.01,5,24,12,3,20,9,219,192,27,0,3,3,0,0,24.0,24,24,,3,0,219,3,23616,324,,,252,18,0,234,0,18,0,0,4736.842105263162,4736.842105263159,0.3492063492063492,0.7333333333333333,0.22916666666666666
POST-HOC DEVELOPMENT DIAGNOSTIC,NOT FINAL EFFICACY,NOT PARAMETER SELECTION,NO METHOD CHANGE AUTHORIZED,lag3,primary,re2tt_ts-travel-service_loss_3,ts-travel-service,loss,7138fe1fe1ddf617,L,MT,10.0,0.01,0.01,5,24,12,3,20,9,219,192,27,0,3,3,0,0,24.0,24,24,,3,0,219,3,23616,324,,,252,18,0,234,0,18,0,0,8085.1063829787245,7553.191489361706,0.3448275862068966,1.0,0.20833333333333334
POST-HOC DEVELOPMENT DIAGNOSTIC,NOT FINAL EFFICACY,NOT PARAMETER SELECTION,NO METHOD CHANGE AUTHORIZED,lag3,primary,re2tt_ts-travel-service_loss_3,ts-travel-service,loss,7138fe1fe1ddf617,ALL,MT,10.0,0.01,0.01,5,24,12,3,20,9,219,192,27,0,3,3,0,0,24.0,24,24,,3,0,219,3,23616,324,,,252,18,0,234,0,18,0,0,6842.105263157894,5957.446808510638,0.32786885245901637,0.7692307692307693,0.20833333333333334
POST-HOC DEVELOPMENT DIAGNOSTIC,NOT FINAL EFFICACY,NOT PARAMETER SELECTION,NO METHOD CHANGE AUTHORIZED,residual-floor-0.001,primary,re2tt_ts-auth-service_cpu_1,ts-auth-service,cpu,96538c0c0d6a11d8,G,MTL,10.0,0.01,0.001,5,24,12,1,18,9,229,202,27,0,13,13,0,0,24.0,24,24,,13,0,229,13,24684,1404,20369.62716974115,0.0,252,3,0,249,0,3,0,0,38297.8723404256,43617.021276595835,0.15286624203821655,0.9230769230769231,0.08333333333333333
POST-HOC DEVELOPMENT DIAGNOSTIC,NOT FINAL EFFICACY,NOT PARAMETER SELECTION,NO METHOD CHANGE AUTHORIZED,residual-floor-0.001,primary,re2tt_ts-auth-service_cpu_1,ts-auth-service,cpu,96538c0c0d6a11d8,L,MTL,10.0,0.01,0.001,5,24,12,1,18,9,229,202,27,0,13,13,0,0,24.0,24,24,,13,0,229,13,24684,1404,20449.953558645397,0.0,252,3,0,249,0,3,0,0,2216949271969378.0,2216949271969378.0,0.0,0.0,0.0
POST-HOC DEVELOPMENT DIAGNOSTIC,NOT FINAL EFFICACY,NOT PARAMETER SELECTION,NO METHOD CHANGE AUTHORIZED,residual-floor-0.001,primary,re2tt_ts-auth-service_cpu_1,ts-auth-service,cpu,96538c0c0d6a11d8,ALL,MTL,10.0,0.01,0.001,5,24,12,1,18,9,229,202,27,0,13,13,0,0,24.0,24,24,,13,0,229,13,24684,1404,20426.187958373386,0.0,252,3,0,249,0,3,0,0,38297.87234042561,43617.021276595835,0.15286624203821655,0.9230769230769231,0.08333333333333333
POST-HOC DEVELOPMENT DIAGNOSTIC,NOT FINAL EFFICACY,NOT PARAMETER SELECTION,NO METHOD CHANGE AUTHORIZED,residual-floor-0.001,primary,re2tt_ts-auth-service_cpu_1,ts-auth-service,cpu,96538c0c0d6a11d8,G,MT,10.0,0.01,0.001,5,24,12,1,18,9,229,202,27,0,13,13,0,0,24.0,24,24,,13,0,229,13,24684,1404,,,252,3,0,249,0,3,0,0,38297.8723404256,43617.021276595835,0.15286624203821655,0.9230769230769231,0.08333333333333333
POST-HOC DEVELOPMENT DIAGNOSTIC,NOT FINAL EFFICACY,NOT PARAMETER SELECTION,NO METHOD CHANGE AUTHORIZED,residual-floor-0.001,primary,re2tt_ts-auth-service_cpu_1,ts-auth-service,cpu,96538c0c0d6a11d8,L,MT,10.0,0.01,0.001,5,24,12,1,18,9,229,202,27,0,13,13,0,0,24.0,24,24,,13,0,229,13,24684,1404,,,252,3,0,249,0,3,0,0,1533723507621475.5,1588908264089758.8,0.0,0.0,0.0
POST-HOC DEVELOPMENT DIAGNOSTIC,NOT FINAL EFFICACY,NOT PARAMETER SELECTION,NO METHOD CHANGE AUTHORIZED,residual-floor-0.001,primary,re2tt_ts-auth-service_cpu_1,ts-auth-service,cpu,96538c0c0d6a11d8,ALL,MT,10.0,0.01,0.001,5,24,12,1,18,9,229,202,27,0,13,13,0,0,24.0,24,24,,13,0,229,13,24684,1404,,,252,3,0,249,0,3,0,0,38297.87234042561,43617.021276595835,0.15286624203821655,0.9230769230769231,0.08333333333333333
POST-HOC DEVELOPMENT DIAGNOSTIC,NOT FINAL EFFICACY,NOT PARAMETER SELECTION,NO METHOD CHANGE AUTHORIZED,residual-floor-0.001,primary,re2tt_ts-auth-service_cpu_2,ts-auth-service,cpu,63f914383963739b,G,MTL,10.0,0.01,0.001,5,24,12,1,18,9,241,194,27,20,7,5,1,1,24.0,24,24,4.5,5,0,241,7,25908,756,176311239586453.03,176311239562164.03,252,9,0,243,0,0,1,8,38297.8723404256,43617.021276595835,0.4588744588744589,0.6091954022988506,0.3680555555555556
POST-HOC DEVELOPMENT DIAGNOSTIC,NOT FINAL EFFICACY,NOT PARAMETER SELECTION,NO METHOD CHANGE AUTHORIZED,residual-floor-0.001,primary,re2tt_ts-auth-service_cpu_2,ts-auth-service,cpu,63f914383963739b,L,MTL,10.0,0.01,0.001,5,24,12,1,18,9,241,194,27,20,7,5,1,1,24.0,24,24,4.5,5,0,241,7,25908,756,176293600207676.44,176293600183431.78,252,89,0,163,0,0,9,80,2216949271969378.0,2216949271969378.0,0.20809248554913296,0.6206896551724138,0.125
POST-HOC DEVELOPMENT DIAGNOSTIC,NOT FINAL EFFICACY,NOT PARAMETER SELECTION,NO METHOD CHANGE AUTHORIZED,residual-floor-0.001,primary,re2tt_ts-auth-service_cpu_2,ts-auth-service,cpu,63f914383963739b,ALL,MTL,10.0,0.01,0.001,5,24,12,1,18,9,241,194,27,20,7,5,1,1,24.0,24,24,4.5,5,0,241,7,25908,756,176373312913266.16,176373312888848.03,252,11,0,241,0,0,0,11,38297.87234042561,43617.021276595835,0.4588744588744589,0.6091954022988506,0.3680555555555556
POST-HOC DEVELOPMENT DIAGNOSTIC,NOT FINAL EFFICACY,NOT PARAMETER SELECTION,NO METHOD CHANGE AUTHORIZED,residual-floor-0.001,primary,re2tt_ts-auth-service_cpu_2,ts-auth-service,cpu,63f914383963739b,G,MT,10.0,0.01,0.001,5,24,12,1,18,9,221,194,27,0,6,5,1,0,24.0,24,24,4.0,5,0,221,6,23748,648,,,252,5,0,247,0,0,5,0,38297.8723404256,43617.021276595835,0.4588744588744589,0.6091954022988506,0.3680555555555556
POST-HOC DEVELOPMENT DIAGNOSTIC,NOT FINAL EFFICACY,NOT PARAMETER SELECTION,NO METHOD CHANGE AUTHORIZED,residual-floor-0.001,primary,re2tt_ts-auth-service_cpu_2,ts-auth-service,cpu,63f914383963739b,L,MT,10.0,0.01,0.001,5,24,12,1,18,9,221,194,27,0,6,5,1,0,24.0,24,24,4.0,5,0,221,6,23748,648,,,252,49,0,203,0,0,49,0,1533723507621475.5,1588908264089758.8,0.2702702702702703,0.6097560975609756,0.1736111111111111
POST-HOC DEVELOPMENT DIAGNOSTIC,NOT FINAL EFFICACY,NOT PARAMETER SELECTION,NO METHOD CHANGE AUTHORIZED,residual-floor-0.001,primary,re2tt_ts-auth-service_cpu_2,ts-auth-service,cpu,63f914383963739b,ALL,MT,10.0,0.01,0.001,5,24,12,1,18,9,221,194,27,0,6,5,1,0,24.0,24,24,4.0,5,0,221,6,23748,648,,,252,2,0,250,0,0,2,0,38297.87234042561,43617.021276595835,0.4588744588744589,0.6091954022988506,0.3680555555555556
POST-HOC DEVELOPMENT DIAGNOSTIC,NOT FINAL EFFICACY,NOT PARAMETER SELECTION,NO METHOD CHANGE AUTHORIZED,residual-floor-0.001,primary,re2tt_ts-auth-service_cpu_3,ts-auth-service,cpu,45e43770afa33cef,G,MTL,10.0,0.01,0.001,5,24,12,1,18,9,247,200,27,20,18,11,4,3,24.0,24,24,5.0,11,0,247,18,26600,1944,628817188013051.8,628817187989269.8,252,35,0,217,0,0,1,34,38297.8723404256,43617.021276595835,0.0,0.0,0.0
POST-HOC DEVELOPMENT DIAGNOSTIC,NOT FINAL EFFICACY,NOT PARAMETER SELECTION,NO METHOD CHANGE AUTHORIZED,residual-floor-0.001,primary,re2tt_ts-auth-service_cpu_3,ts-auth-service,cpu,45e43770afa33cef,L,MTL,10.0,0.01,0.001,5,24,12,1,18,9,247,200,27,20,18,11,4,3,24.0,24,24,5.0,11,0,247,18,26600,1944,631819036304537.4,631819036280711.6,252,79,0,173,0,0,9,70,2216949271969378.0,2216949271969378.0,0.4056603773584906,0.6323529411764706,0.2986111111111111
POST-HOC DEVELOPMENT DIAGNOSTIC,NOT FINAL EFFICACY,NOT PARAMETER SELECTION,NO METHOD CHANGE AUTHORIZED,residual-floor-0.001,primary,re2tt_ts-auth-service_cpu_3,ts-auth-service,cpu,45e43770afa33cef,ALL,MTL,10.0,0.01,0.001,5,24,12,1,18,9,247,200,27,20,18,11,4,3,24.0,24,24,5.0,11,0,247,18,26600,1944,646771843120684.1,646771843096785.5,252,0,0,252,0,0,0,0,38297.87234042561,43617.021276595835,0.0,0.0,0.0
POST-HOC DEVELOPMENT DIAGNOSTIC,NOT FINAL EFFICACY,NOT PARAMETER SELECTION,NO METHOD CHANGE AUTHORIZED,residual-floor-0.001,primary,re2tt_ts-auth-service_cpu_3,ts-auth-service,cpu,45e43770afa33cef,G,MT,10.0,0.01,0.001,5,24,12,1,18,9,227,200,27,0,15,11,4,0,24.0,24,24,4.0,11,0,227,15,24440,1620,,,252,9,0,243,0,0,9,0,38297.8723404256,43617.021276595835,0.0,0.0,0.0
POST-HOC DEVELOPMENT DIAGNOSTIC,NOT FINAL EFFICACY,NOT PARAMETER SELECTION,NO METHOD CHANGE AUTHORIZED,residual-floor-0.001,primary,re2tt_ts-auth-service_cpu_3,ts-auth-service,cpu,45e43770afa33cef,L,MT,10.0,0.01,0.001,5,24,12,1,18,9,227,200,27,0,15,11,4,0,24.0,24,24,4.0,11,0,227,15,24440,1620,,,252,73,0,179,0,0,73,0,1533723507621475.5,1588908264089758.8,0.3981042654028436,0.6268656716417911,0.2916666666666667
POST-HOC DEVELOPMENT DIAGNOSTIC,NOT FINAL EFFICACY,NOT PARAMETER SELECTION,NO METHOD CHANGE AUTHORIZED,residual-floor-0.001,primary,re2tt_ts-auth-service_cpu_3,ts-auth-service,cpu,45e43770afa33cef,ALL,MT,10.0,0.01,0.001,5,24,12,1,18,9,227,200,27,0,15,11,4,0,24.0,24,24,4.0,11,0,227,15,24440,1620,,,252,0,0,252,0,0,0,0,38297.87234042561,43617.021276595835,0.0,0.0,0.0
POST-HOC DEVELOPMENT DIAGNOSTIC,NOT FINAL EFFICACY,NOT PARAMETER SELECTION,NO METHOD CHANGE AUTHORIZED,residual-floor-0.001,primary,re2tt_ts-auth-service_delay_1,ts-auth-service,delay,87443a2d6d14434c,G,MTL,10.0,0.01,0.001,5,24,12,1,18,9,252,204,27,21,18,15,2,1,24.0,1,24,5.0,13,1,251,17,27048,1836,192842515517304.3,192842515493492.25,252,5,0,247,0,5,0,0,43617.021276595835,43617.021276595835,0.06711409395973154,1.0,0.034722222222222224
POST-HOC DEVELOPMENT DIAGNOSTIC,NOT FINAL EFFICACY,NOT PARAMETER SELECTION,NO METHOD CHANGE AUTHORIZED,residual-floor-0.001,primary,re2tt_ts-auth-service_delay_1,ts-auth-service,delay,87443a2d6d14434c,L,MTL,10.0,0.01,0.001,5,24,12,1,18,9,252,204,27,21,18,15,2,1,24.0,1,24,5.0,13,1,251,17,27048,1836,192842294530408.28,192842294507231.94,252,5,0,247,0,5,0,0,2228997154575922.8,2216949271969378.0,0.0,0.0,0.0
POST-HOC DEVELOPMENT DIAGNOSTIC,NOT FINAL EFFICACY,NOT PARAMETER SELECTION,NO METHOD CHANGE AUTHORIZED,residual-floor-0.001,primary,re2tt_ts-auth-service_delay_1,ts-auth-service,delay,87443a2d6d14434c,ALL,MTL,10.0,0.01,0.001,5,24,12,1,18,9,252,204,27,21,18,15,2,1,24.0,1,24,5.0,13,1,251,17,27048,1836,192537920554756.38,192537920531532.75,252,6,0,246,0,6,0,0,43617.021276595835,43617.021276595835,0.08,1.0,0.041666666666666664
POST-HOC DEVELOPMENT DIAGNOSTIC,NOT FINAL EFFICACY,NOT PARAMETER SELECTION,NO METHOD CHANGE AUTHORIZED,residual-floor-0.001,primary,re2tt_ts-auth-service_delay_1,ts-auth-service,delay,87443a2d6d14434c,G,MT,10.0,0.01,0.001,5,24,12,1,18,9,231,204,27,0,17,15,2,0,24.0,1,24,5.0,13,1,230,16,24780,1728,,,252,5,0,247,0,5,0,0,43617.021276595835,43617.021276595835,0.06711409395973154,1.0,0.034722222222222224
POST-HOC DEVELOPMENT DIAGNOSTIC,NOT FINAL EFFICACY,NOT PARAMETER SELECTION,NO METHOD CHANGE AUTHORIZED,residual-floor-0.001,primary,re2tt_ts-auth-service_delay_1,ts-auth-service,delay,87443a2d6d14434c,L,MT,10.0,0.01,0.001,5,24,12,1,18,9,231,204,27,0,17,15,2,0,24.0,1,24,5.0,13,1,230,16,24780,1728,,,252,5,0,247,0,5,0,0,1621115710253954.5,1588908264089758.8,0.0,0.0,0.0
POST-HOC DEVELOPMENT DIAGNOSTIC,NOT FINAL EFFICACY,NOT PARAMETER SELECTION,NO METHOD CHANGE AUTHORIZED,residual-floor-0.001,primary,re2tt_ts-auth-service_delay_1,ts-auth-service,delay,87443a2d6d14434c,ALL,MT,10.0,0.01,0.001,5,24,12,1,18,9,231,204,27,0,17,15,2,0,24.0,1,24,5.0,13,1,230,16,24780,1728,,,252,6,0,246,0,6,0,0,43617.021276595835,43617.021276595835,0.08,1.0,0.041666666666666664
POST-HOC DEVELOPMENT DIAGNOSTIC,NOT FINAL EFFICACY,NOT PARAMETER SELECTION,NO METHOD CHANGE AUTHORIZED,residual-floor-0.001,primary,re2tt_ts-auth-service_delay_2,ts-auth-service,delay,24851f5149e4321a,G,MTL,10.0,0.01,0.001,5,24,12,1,18,9,238,191,27,20,5,2,2,1,24.0,24,24,4.0,2,0,226,5,24408,540,233412954923543.34,233412954880926.62,252,0,0,252,0,0,0,0,43617.021276595835,43617.021276595835,0.4577114427860697,0.8070175438596491,0.3194444444444444
POST-HOC DEVELOPMENT DIAGNOSTIC,NOT FINAL EFFICACY,NOT PARAMETER SELECTION,NO METHOD CHANGE AUTHORIZED,residual-floor-0.001,primary,re2tt_ts-auth-service_delay_2,ts-auth-service,delay,24851f5149e4321a,L,MTL,10.0,0.01,0.001,5,24,12,1,18,9,238,191,27,20,5,2,2,1,24.0,24,24,4.0,2,0,226,5,24408,540,233565835089503.3,233565835046237.9,252,0,0,252,0,0,0,0,2228997154575922.8,2216949271969378.0,0.0,0.0,0.0
POST-HOC DEVELOPMENT DIAGNOSTIC,NOT FINAL EFFICACY,NOT PARAMETER SELECTION,NO METHOD CHANGE AUTHORIZED,residual-floor-0.001,primary,re2tt_ts-auth-service_delay_2,ts-auth-service,delay,24851f5149e4321a,ALL,MTL,10.0,0.01,0.001,5,24,12,1,18,9,238,191,27,20,5,2,2,1,24.0,24,24,4.0,2,0,226,5,24408,540,237153634455476.56,237153634413144.0,252,0,0,252,0,0,0,0,43617.021276595835,43617.021276595835,0.4577114427860697,0.8070175438596491,0.3194444444444444
POST-HOC DEVELOPMENT DIAGNOSTIC,NOT FINAL EFFICACY,NOT PARAMETER SELECTION,NO METHOD CHANGE AUTHORIZED,residual-floor-0.001,primary,re2tt_ts-auth-service_delay_2,ts-auth-service,delay,24851f5149e4321a,G,MT,10.0,0.01,0.001,5,24,12,1,18,9,218,191,27,0,4,2,2,0,24.0,24,24,3.5,2,0,206,4,22248,432,,,252,0,0,252,0,0,0,0,43617.021276595835,43617.021276595835,0.4577114427860697,0.8070175438596491,0.3194444444444444
POST-HOC DEVELOPMENT DIAGNOSTIC,NOT FINAL EFFICACY,NOT PARAMETER SELECTION,NO METHOD CHANGE AUTHORIZED,residual-floor-0.001,primary,re2tt_ts-auth-service_delay_2,ts-auth-service,delay,24851f5149e4321a,L,MT,10.0,0.01,0.001,5,24,12,1,18,9,218,191,27,0,4,2,2,0,24.0,24,24,3.5,2,0,206,4,22248,432,,,252,0,0,252,0,0,0,0,1621115710253954.5,1588908264089758.8,0.0,0.0,0.0
POST-HOC DEVELOPMENT DIAGNOSTIC,NOT FINAL EFFICACY,NOT PARAMETER SELECTION,NO METHOD CHANGE AUTHORIZED,residual-floor-0.001,primary,re2tt_ts-auth-service_delay_2,ts-auth-service,delay,24851f5149e4321a,ALL,MT,10.0,0.01,0.001,5,24,12,1,18,9,218,191,27,0,4,2,2,0,24.0,24,24,3.5,2,0,206,4,22248,432,,,252,0,0,252,0,0,0,0,43617.021276595835,43617.021276595835,0.4577114427860697,0.8070175438596491,0.3194444444444444
POST-HOC DEVELOPMENT DIAGNOSTIC,NOT FINAL EFFICACY,NOT PARAMETER SELECTION,NO METHOD CHANGE AUTHORIZED,residual-floor-0.001,primary,re2tt_ts-auth-service_delay_3,ts-auth-service,delay,549b2f655fc55fd1,G,MTL,10.0,0.01,0.001,5,24,12,1,18,9,239,192,27,20,4,3,1,0,24.0,24,24,3.0,3,0,239,4,25744,432,69082252239888.15,69082252210464.86,252,0,0,252,0,0,0,0,43617.021276595835,43617.021276595835,0.0,0.0,0.0
POST-HOC DEVELOPMENT DIAGNOSTIC,NOT FINAL EFFICACY,NOT PARAMETER SELECTION,NO METHOD CHANGE AUTHORIZED,residual-floor-0.001,primary,re2tt_ts-auth-service_delay_3,ts-auth-service,delay,549b2f655fc55fd1,L,MTL,10.0,0.01,0.001,5,24,12,1,18,9,239,192,27,20,4,3,1,0,24.0,24,24,3.0,3,0,239,4,25744,432,69083557208970.875,69083557178873.484,252,0,0,252,0,0,0,0,2228997154575922.8,2216949271969378.0,0.0,0.0,0.0
POST-HOC DEVELOPMENT DIAGNOSTIC,NOT FINAL EFFICACY,NOT PARAMETER SELECTION,NO METHOD CHANGE AUTHORIZED,residual-floor-0.001,primary,re2tt_ts-auth-service_delay_3,ts-auth-service,delay,549b2f655fc55fd1,ALL,MTL,10.0,0.01,0.001,5,24,12,1,18,9,239,192,27,20,4,3,1,0,24.0,24,24,3.0,3,0,239,4,25744,432,69080531935442.63,69080531905971.69,252,0,0,252,0,0,0,0,43617.021276595835,43617.021276595835,0.0,0.0,0.0
POST-HOC DEVELOPMENT DIAGNOSTIC,NOT FINAL EFFICACY,NOT PARAMETER SELECTION,NO METHOD CHANGE AUTHORIZED,residual-floor-0.001,primary,re2tt_ts-auth-service_delay_3,ts-auth-service,delay,549b2f655fc55fd1,G,MT,10.0,0.01,0.001,5,24,12,1,18,9,219,192,27,0,4,3,1,0,24.0,24,24,3.0,3,0,219,4,23584,432,,,252,0,0,252,0,0,0,0,43617.021276595835,43617.021276595835,0.0,0.0,0.0
POST-HOC DEVELOPMENT DIAGNOSTIC,NOT FINAL EFFICACY,NOT PARAMETER SELECTION,NO METHOD CHANGE AUTHORIZED,residual-floor-0.001,primary,re2tt_ts-auth-service_delay_3,ts-auth-service,delay,549b2f655fc55fd1,L,MT,10.0,0.01,0.001,5,24,12,1,18,9,219,192,27,0,4,3,1,0,24.0,24,24,3.0,3,0,219,4,23584,432,,,252,0,0,252,0,0,0,0,1621115710253954.5,1588908264089758.8,0.0,0.0,0.0
POST-HOC DEVELOPMENT DIAGNOSTIC,NOT FINAL EFFICACY,NOT PARAMETER SELECTION,NO METHOD CHANGE AUTHORIZED,residual-floor-0.001,primary,re2tt_ts-auth-service_delay_3,ts-auth-service,delay,549b2f655fc55fd1,ALL,MT,10.0,0.01,0.001,5,24,12,1,18,9,219,192,27,0,4,3,1,0,24.0,24,24,3.0,3,0,219,4,23584,432,,,252,0,0,252,0,0,0,0,43617.021276595835,43617.021276595835,0.0,0.0,0.0
POST-HOC DEVELOPMENT DIAGNOSTIC,NOT FINAL EFFICACY,NOT PARAMETER SELECTION,NO METHOD CHANGE AUTHORIZED,residual-floor-0.001,primary,re2tt_ts-order-service_disk_1,ts-order-service,disk,4bdb62f38b122bbc,G,MTL,10.0,0.01,0.001,5,24,12,1,18,9,250,203,27,20,17,11,4,2,24.0,24,24,3.5,11,0,236,17,25476,1836,607107323059644.4,607107323038023.5,252,0,0,252,0,0,0,0,38297.8723404256,43617.021276595835,0.9787234042553191,1.0,0.9583333333333334
POST-HOC DEVELOPMENT DIAGNOSTIC,NOT FINAL EFFICACY,NOT PARAMETER SELECTION,NO METHOD CHANGE AUTHORIZED,residual-floor-0.001,primary,re2tt_ts-order-service_disk_1,ts-order-service,disk,4bdb62f38b122bbc,L,MTL,10.0,0.01,0.001,5,24,12,1,18,9,250,203,27,20,17,11,4,2,24.0,24,24,3.5,11,0,236,17,25476,1836,588901387391667.2,588901387370225.8,252,0,0,252,0,0,0,0,2216949271969378.0,2216949271969378.0,0.0,0.0,0.0
POST-HOC DEVELOPMENT DIAGNOSTIC,NOT FINAL EFFICACY,NOT PARAMETER SELECTION,NO METHOD CHANGE AUTHORIZED,residual-floor-0.001,primary,re2tt_ts-order-service_disk_1,ts-order-service,disk,4bdb62f38b122bbc,ALL,MTL,10.0,0.01,0.001,5,24,12,1,18,9,250,203,27,20,17,11,4,2,24.0,24,24,3.5,11,0,236,17,25476,1836,642506380449581.6,642506380427987.0,252,0,0,252,0,0,0,0,38297.87234042561,43617.021276595835,0.9894736842105263,1.0,0.9791666666666666
POST-HOC DEVELOPMENT DIAGNOSTIC,NOT FINAL EFFICACY,NOT PARAMETER SELECTION,NO METHOD CHANGE AUTHORIZED,residual-floor-0.001,primary,re2tt_ts-order-service_disk_1,ts-order-service,disk,4bdb62f38b122bbc,G,MT,10.0,0.01,0.001,5,24,12,1,18,9,230,203,27,0,15,11,4,0,24.0,24,24,3.5,11,0,216,15,23316,1620,,,252,0,0,252,0,0,0,0,38297.8723404256,43617.021276595835,0.9787234042553191,1.0,0.9583333333333334
POST-HOC DEVELOPMENT DIAGNOSTIC,NOT FINAL EFFICACY,NOT PARAMETER SELECTION,NO METHOD CHANGE AUTHORIZED,residual-floor-0.001,primary,re2tt_ts-order-service_disk_1,ts-order-service,disk,4bdb62f38b122bbc,L,MT,10.0,0.01,0.001,5,24,12,1,18,9,230,203,27,0,15,11,4,0,24.0,24,24,3.5,11,0,216,15,23316,1620,,,252,0,0,252,0,0,0,0,1533723507621475.5,1588908264089758.8,0.0,0.0,0.0
POST-HOC DEVELOPMENT DIAGNOSTIC,NOT FINAL EFFICACY,NOT PARAMETER SELECTION,NO METHOD CHANGE AUTHORIZED,residual-floor-0.001,primary,re2tt_ts-order-service_disk_1,ts-order-service,disk,4bdb62f38b122bbc,ALL,MT,10.0,0.01,0.001,5,24,12,1,18,9,230,203,27,0,15,11,4,0,24.0,24,24,3.5,11,0,216,15,23316,1620,,,252,0,0,252,0,0,0,0,38297.87234042561,43617.021276595835,0.9894736842105263,1.0,0.9791666666666666
POST-HOC DEVELOPMENT DIAGNOSTIC,NOT FINAL EFFICACY,NOT PARAMETER SELECTION,NO METHOD CHANGE AUTHORIZED,residual-floor-0.001,primary,re2tt_ts-order-service_disk_2,ts-order-service,disk,b0a2dcc878eeefa3,G,MTL,10.0,0.01,0.001,5,24,12,1,18,9,176,142,20,14,2,2,0,0,24.0,24,24,,2,0,176,2,19008,216,27409.005343617257,0.0,252,0,0,252,0,0,0,0,38297.8723404256,43617.021276595835,0.9688581314878892,0.9655172413793104,0.9722222222222222
POST-HOC DEVELOPMENT DIAGNOSTIC,NOT FINAL EFFICACY,NOT PARAMETER SELECTION,NO METHOD CHANGE AUTHORIZED,residual-floor-0.001,primary,re2tt_ts-order-service_disk_2,ts-order-service,disk,b0a2dcc878eeefa3,L,MTL,10.0,0.01,0.001,5,24,12,1,18,9,176,142,20,14,2,2,0,0,24.0,24,24,,2,0,176,2,19008,216,27354.87027447805,0.0,252,0,0,252,0,0,0,0,2216949271969378.0,2216949271969378.0,0.0,0.0,0.0
POST-HOC DEVELOPMENT DIAGNOSTIC,NOT FINAL EFFICACY,NOT PARAMETER SELECTION,NO METHOD CHANGE AUTHORIZED,residual-floor-0.001,primary,re2tt_ts-order-service_disk_2,ts-order-service,disk,b0a2dcc878eeefa3,ALL,MTL,10.0,0.01,0.001,5,24,12,1,18,9,176,142,20,14,2,2,0,0,24.0,24,24,,2,0,176,2,19008,216,27324.779126746052,0.0,252,0,0,252,0,0,0,0,38297.87234042561,43617.021276595835,0.9688581314878892,0.9655172413793104,0.9722222222222222
POST-HOC DEVELOPMENT DIAGNOSTIC,NOT FINAL EFFICACY,NOT PARAMETER SELECTION,NO METHOD CHANGE AUTHORIZED,residual-floor-0.001,primary,re2tt_ts-order-service_disk_2,ts-order-service,disk,b0a2dcc878eeefa3,G,MT,10.0,0.01,0.001,5,24,12,1,18,9,162,142,20,0,2,2,0,0,24.0,24,24,,2,0,162,2,17496,216,,,252,0,0,252,0,0,0,0,38297.8723404256,43617.021276595835,0.9688581314878892,0.9655172413793104,0.9722222222222222
POST-HOC DEVELOPMENT DIAGNOSTIC,NOT FINAL EFFICACY,NOT PARAMETER SELECTION,NO METHOD CHANGE AUTHORIZED,residual-floor-0.001,primary,re2tt_ts-order-service_disk_2,ts-order-service,disk,b0a2dcc878eeefa3,L,MT,10.0,0.01,0.001,5,24,12,1,18,9,162,142,20,0,2,2,0,0,24.0,24,24,,2,0,162,2,17496,216,,,252,0,0,252,0,0,0,0,1533723507621475.5,1588908264089758.8,0.0,0.0,0.0
POST-HOC DEVELOPMENT DIAGNOSTIC,NOT FINAL EFFICACY,NOT PARAMETER SELECTION,NO METHOD CHANGE AUTHORIZED,residual-floor-0.001,primary,re2tt_ts-order-service_disk_2,ts-order-service,disk,b0a2dcc878eeefa3,ALL,MT,10.0,0.01,0.001,5,24,12,1,18,9,162,142,20,0,2,2,0,0,24.0,24,24,,2,0,162,2,17496,216,,,252,0,0,252,0,0,0,0,38297.87234042561,43617.021276595835,0.9688581314878892,0.9655172413793104,0.9722222222222222
POST-HOC DEVELOPMENT DIAGNOSTIC,NOT FINAL EFFICACY,NOT PARAMETER SELECTION,NO METHOD CHANGE AUTHORIZED,residual-floor-0.001,primary,re2tt_ts-order-service_disk_3,ts-order-service,disk,9b847bd8f23c07af,G,MTL,10.0,0.01,0.001,5,24,12,1,18,9,176,142,20,14,2,2,0,0,24.0,24,24,,2,0,176,2,18996,216,21243.838492495717,0.0,252,0,0,252,0,0,0,0,38297.8723404256,43617.021276595835,0.9271523178807947,0.8860759493670886,0.9722222222222222
POST-HOC DEVELOPMENT DIAGNOSTIC,NOT FINAL EFFICACY,NOT PARAMETER SELECTION,NO METHOD CHANGE AUTHORIZED,residual-floor-0.001,primary,re2tt_ts-order-service_disk_3,ts-order-service,disk,9b847bd8f23c07af,L,MTL,10.0,0.01,0.001,5,24,12,1,18,9,176,142,20,14,2,2,0,0,24.0,24,24,,2,0,176,2,18996,216,21316.93580028418,0.0,252,0,0,252,0,0,0,0,2216949271969378.0,2216949271969378.0,0.0,0.0,0.0
POST-HOC DEVELOPMENT DIAGNOSTIC,NOT FINAL EFFICACY,NOT PARAMETER SELECTION,NO METHOD CHANGE AUTHORIZED,residual-floor-0.001,primary,re2tt_ts-order-service_disk_3,ts-order-service,disk,9b847bd8f23c07af,ALL,MTL,10.0,0.01,0.001,5,24,12,1,18,9,176,142,20,14,2,2,0,0,24.0,24,24,,2,0,176,2,18996,216,21325.168251795913,0.0,252,0,0,252,0,0,0,0,38297.87234042561,43617.021276595835,0.9364548494983278,0.9032258064516129,0.9722222222222222
POST-HOC DEVELOPMENT DIAGNOSTIC,NOT FINAL EFFICACY,NOT PARAMETER SELECTION,NO METHOD CHANGE AUTHORIZED,residual-floor-0.001,primary,re2tt_ts-order-service_disk_3,ts-order-service,disk,9b847bd8f23c07af,G,MT,10.0,0.01,0.001,5,24,12,1,18,9,162,142,20,0,2,2,0,0,24.0,24,24,,2,0,162,2,17484,216,,,252,0,0,252,0,0,0,0,38297.8723404256,43617.021276595835,0.9271523178807947,0.8860759493670886,0.9722222222222222
POST-HOC DEVELOPMENT DIAGNOSTIC,NOT FINAL EFFICACY,NOT PARAMETER SELECTION,NO METHOD CHANGE AUTHORIZED,residual-floor-0.001,primary,re2tt_ts-order-service_disk_3,ts-order-service,disk,9b847bd8f23c07af,L,MT,10.0,0.01,0.001,5,24,12,1,18,9,162,142,20,0,2,2,0,0,24.0,24,24,,2,0,162,2,17484,216,,,252,0,0,252,0,0,0,0,1533723507621475.5,1588908264089758.8,0.0,0.0,0.0
POST-HOC DEVELOPMENT DIAGNOSTIC,NOT FINAL EFFICACY,NOT PARAMETER SELECTION,NO METHOD CHANGE AUTHORIZED,residual-floor-0.001,primary,re2tt_ts-order-service_disk_3,ts-order-service,disk,9b847bd8f23c07af,ALL,MT,10.0,0.01,0.001,5,24,12,1,18,9,162,142,20,0,2,2,0,0,24.0,24,24,,2,0,162,2,17484,216,,,252,0,0,252,0,0,0,0,38297.87234042561,43617.021276595835,0.9364548494983278,0.9032258064516129,0.9722222222222222
POST-HOC DEVELOPMENT DIAGNOSTIC,NOT FINAL EFFICACY,NOT PARAMETER SELECTION,NO METHOD CHANGE AUTHORIZED,residual-floor-0.001,primary,re2tt_ts-order-service_loss_1,ts-order-service,loss,cea480a087995c2a,G,MTL,10.0,0.01,0.001,5,24,12,1,18,9,252,205,27,20,20,16,2,2,24.0,24,24,5.0,16,0,252,20,27190,2160,422113767790911.75,422113767764639.0,252,23,0,229,0,8,3,12,42105.26315789484,43617.021276595835,0.9537366548042705,0.9781021897810219,0.9305555555555556
POST-HOC DEVELOPMENT DIAGNOSTIC,NOT FINAL EFFICACY,NOT PARAMETER SELECTION,NO METHOD CHANGE AUTHORIZED,residual-floor-0.001,primary,re2tt_ts-order-service_loss_1,ts-order-service,loss,cea480a087995c2a,L,MTL,10.0,0.01,0.001,5,24,12,1,18,9,252,205,27,20,20,16,2,2,24.0,24,24,5.0,16,0,252,20,27190,2160,421750649082076.8,421750649055955.4,252,164,0,88,0,0,46,118,1692004912705919.5,2216949271969378.0,0.2885572139303483,0.5087719298245614,0.2013888888888889
POST-HOC DEVELOPMENT DIAGNOSTIC,NOT FINAL EFFICACY,NOT PARAMETER SELECTION,NO METHOD CHANGE AUTHORIZED,residual-floor-0.001,primary,re2tt_ts-order-service_loss_1,ts-order-service,loss,cea480a087995c2a,ALL,MTL,10.0,0.01,0.001,5,24,12,1,18,9,252,205,27,20,20,16,2,2,24.0,24,24,5.0,16,0,252,20,27190,2160,426016468839701.25,426016468813465.0,252,8,0,244,0,8,0,0,42105.26315789484,43617.021276595835,0.9537366548042705,0.9781021897810219,0.9305555555555556
POST-HOC DEVELOPMENT DIAGNOSTIC,NOT FINAL EFFICACY,NOT PARAMETER SELECTION,NO METHOD CHANGE AUTHORIZED,residual-floor-0.001,primary,re2tt_ts-order-service_loss_1,ts-order-service,loss,cea480a087995c2a,G,MT,10.0,0.01,0.001,5,24,12,1,18,9,232,205,27,0,18,16,2,0,24.0,24,24,4.0,16,0,232,18,25030,1944,,,252,12,0,240,0,8,4,0,42105.26315789484,43617.021276595835,0.9537366548042705,0.9781021897810219,0.9305555555555556
POST-HOC DEVELOPMENT DIAGNOSTIC,NOT FINAL EFFICACY,NOT PARAMETER SELECTION,NO METHOD CHANGE AUTHORIZED,residual-floor-0.001,primary,re2tt_ts-order-service_loss_1,ts-order-service,loss,cea480a087995c2a,L,MT,10.0,0.01,0.001,5,24,12,1,18,9,232,205,27,0,18,16,2,0,24.0,24,24,4.0,16,0,232,18,25030,1944,,,252,64,0,188,0,5,59,0,1450471951279854.0,1588908264089758.8,0.13496932515337423,0.5789473684210527,0.0763888888888889
POST-HOC DEVELOPMENT DIAGNOSTIC,NOT FINAL EFFICACY,NOT PARAMETER SELECTION,NO METHOD CHANGE AUTHORIZED,residual-floor-0.001,primary,re2tt_ts-order-service_loss_1,ts-order-service,loss,cea480a087995c2a,ALL,MT,10.0,0.01,0.001,5,24,12,1,18,9,232,205,27,0,18,16,2,0,24.0,24,24,4.0,16,0,232,18,25030,1944,,,252,8,0,244,0,8,0,0,42105.26315789484,43617.021276595835,0.9537366548042705,0.9781021897810219,0.9305555555555556
POST-HOC DEVELOPMENT DIAGNOSTIC,NOT FINAL EFFICACY,NOT PARAMETER SELECTION,NO METHOD CHANGE AUTHORIZED,residual-floor-0.001,primary,re2tt_ts-order-service_loss_2,ts-order-service,loss,f900792c9a1f5622,G,MTL,10.0,0.01,0.001,5,24,12,1,18,9,181,147,20,14,7,7,0,0,24.0,24,24,,7,0,181,7,19542,756,18216.276939184405,0.0,252,0,0,252,0,0,0,0,42105.26315789484,43617.021276595835,0.4055299539170507,0.6027397260273972,0.3055555555555556
POST-HOC DEVELOPMENT DIAGNOSTIC,NOT FINAL EFFICACY,NOT PARAMETER SELECTION,NO METHOD CHANGE AUTHORIZED,residual-floor-0.001,primary,re2tt_ts-order-service_loss_2,ts-order-service,loss,f900792c9a1f5622,L,MTL,10.0,0.01,0.001,5,24,12,1,18,9,181,147,20,14,7,7,0,0,24.0,24,24,,7,0,181,7,19542,756,18261.503509993647,0.0,252,0,0,252,0,0,0,0,1692004912705919.5,2216949271969378.0,0.0,0.0,0.0
POST-HOC DEVELOPMENT DIAGNOSTIC,NOT FINAL EFFICACY,NOT PARAMETER SELECTION,NO METHOD CHANGE AUTHORIZED,residual-floor-0.001,primary,re2tt_ts-order-service_loss_2,ts-order-service,loss,f900792c9a1f5622,ALL,MTL,10.0,0.01,0.001,5,24,12,1,18,9,181,147,20,14,7,7,0,0,24.0,24,24,,7,0,181,7,19542,756,18248.93564770598,0.0,252,0,0,252,0,0,0,0,42105.26315789484,43617.021276595835,0.4055299539170507,0.6027397260273972,0.3055555555555556
POST-HOC DEVELOPMENT DIAGNOSTIC,NOT FINAL EFFICACY,NOT PARAMETER SELECTION,NO METHOD CHANGE AUTHORIZED,residual-floor-0.001,primary,re2tt_ts-order-service_loss_2,ts-order-service,loss,f900792c9a1f5622,G,MT,10.0,0.01,0.001,5,24,12,1,18,9,167,147,20,0,7,7,0,0,24.0,24,24,,7,0,167,7,18030,756,,,252,0,0,252,0,0,0,0,42105.26315789484,43617.021276595835,0.4055299539170507,0.6027397260273972,0.3055555555555556
POST-HOC DEVELOPMENT DIAGNOSTIC,NOT FINAL EFFICACY,NOT PARAMETER SELECTION,NO METHOD CHANGE AUTHORIZED,residual-floor-0.001,primary,re2tt_ts-order-service_loss_2,ts-order-service,loss,f900792c9a1f5622,L,MT,10.0,0.01,0.001,5,24,12,1,18,9,167,147,20,0,7,7,0,0,24.0,24,24,,7,0,167,7,18030,756,,,252,0,0,252,0,0,0,0,1450471951279854.0,1588908264089758.8,0.0,0.0,0.0
POST-HOC DEVELOPMENT DIAGNOSTIC,NOT FINAL EFFICACY,NOT PARAMETER SELECTION,NO METHOD CHANGE AUTHORIZED,residual-floor-0.001,primary,re2tt_ts-order-service_loss_2,ts-order-service,loss,f900792c9a1f5622,ALL,MT,10.0,0.01,0.001,5,24,12,1,18,9,167,147,20,0,7,7,0,0,24.0,24,24,,7,0,167,7,18030,756,,,252,0,0,252,0,0,0,0,42105.26315789484,43617.021276595835,0.4055299539170507,0.6027397260273972,0.3055555555555556
POST-HOC DEVELOPMENT DIAGNOSTIC,NOT FINAL EFFICACY,NOT PARAMETER SELECTION,NO METHOD CHANGE AUTHORIZED,residual-floor-0.001,primary,re2tt_ts-order-service_loss_3,ts-order-service,loss,9d1464b4fb8a49c0,G,MTL,10.0,0.01,0.001,5,24,12,1,18,9,181,147,20,14,7,7,0,0,24.0,24,24,,7,0,181,7,19548,756,17186.889951060988,0.0,252,0,0,252,0,0,0,0,42105.26315789484,43617.021276595835,0.2545454545454545,1.0,0.14583333333333334
POST-HOC DEVELOPMENT DIAGNOSTIC,NOT FINAL EFFICACY,NOT PARAMETER SELECTION,NO METHOD CHANGE AUTHORIZED,residual-floor-0.001,primary,re2tt_ts-order-service_loss_3,ts-order-service,loss,9d1464b4fb8a49c0,L,MTL,10.0,0.01,0.001,5,24,12,1,18,9,181,147,20,14,7,7,0,0,24.0,24,24,,7,0,181,7,19548,756,17254.29002654329,0.0,252,0,0,252,0,0,0,0,1692004912705919.5,2216949271969378.0,0.0,0.0,0.0
POST-HOC DEVELOPMENT DIAGNOSTIC,NOT FINAL EFFICACY,NOT PARAMETER SELECTION,NO METHOD CHANGE AUTHORIZED,residual-floor-0.001,primary,re2tt_ts-order-service_loss_3,ts-order-service,loss,9d1464b4fb8a49c0,ALL,MTL,10.0,0.01,0.001,5,24,12,1,18,9,181,147,20,14,7,7,0,0,24.0,24,24,,7,0,181,7,19548,756,17265.179379393838,0.0,252,0,0,252,0,0,0,0,42105.26315789484,43617.021276595835,0.0,0.0,0.0
POST-HOC DEVELOPMENT DIAGNOSTIC,NOT FINAL EFFICACY,NOT PARAMETER SELECTION,NO METHOD CHANGE AUTHORIZED,residual-floor-0.001,primary,re2tt_ts-order-service_loss_3,ts-order-service,loss,9d1464b4fb8a49c0,G,MT,10.0,0.01,0.001,5,24,12,1,18,9,167,147,20,0,7,7,0,0,24.0,24,24,,7,0,167,7,18036,756,,,252,0,0,252,0,0,0,0,42105.26315789484,43617.021276595835,0.2545454545454545,1.0,0.14583333333333334
POST-HOC DEVELOPMENT DIAGNOSTIC,NOT FINAL EFFICACY,NOT PARAMETER SELECTION,NO METHOD CHANGE AUTHORIZED,residual-floor-0.001,primary,re2tt_ts-order-service_loss_3,ts-order-service,loss,9d1464b4fb8a49c0,L,MT,10.0,0.01,0.001,5,24,12,1,18,9,167,147,20,0,7,7,0,0,24.0,24,24,,7,0,167,7,18036,756,,,252,0,0,252,0,0,0,0,1450471951279854.0,1588908264089758.8,0.0,0.0,0.0
POST-HOC DEVELOPMENT DIAGNOSTIC,NOT FINAL EFFICACY,NOT PARAMETER SELECTION,NO METHOD CHANGE AUTHORIZED,residual-floor-0.001,primary,re2tt_ts-order-service_loss_3,ts-order-service,loss,9d1464b4fb8a49c0,ALL,MT,10.0,0.01,0.001,5,24,12,1,18,9,167,147,20,0,7,7,0,0,24.0,24,24,,7,0,167,7,18036,756,,,252,0,0,252,0,0,0,0,42105.26315789484,43617.021276595835,0.0,0.0,0.0
POST-HOC DEVELOPMENT DIAGNOSTIC,NOT FINAL EFFICACY,NOT PARAMETER SELECTION,NO METHOD CHANGE AUTHORIZED,residual-floor-0.001,primary,re2tt_ts-route-service_mem_1,ts-route-service,mem,58e365eed32084b4,G,MTL,10.0,0.01,0.001,5,24,12,1,18,9,246,199,27,20,12,10,1,1,24.0,24,24,3.5,9,0,242,12,26056,1296,212712724528024.7,212712724496567.06,252,17,0,235,0,17,0,0,47368.421052631595,43617.021276595835,0.9894736842105263,1.0,0.9791666666666666
POST-HOC DEVELOPMENT DIAGNOSTIC,NOT FINAL EFFICACY,NOT PARAMETER SELECTION,NO METHOD CHANGE AUTHORIZED,residual-floor-0.001,primary,re2tt_ts-route-service_mem_1,ts-route-service,mem,58e365eed32084b4,L,MTL,10.0,0.01,0.001,5,24,12,1,18,9,246,199,27,20,12,10,1,1,24.0,24,24,3.5,9,0,242,12,26056,1296,212707070849212.7,212707070817631.84,252,17,0,235,0,17,0,0,2216949271969378.0,2216949271969378.0,0.0,0.0,0.0
POST-HOC DEVELOPMENT DIAGNOSTIC,NOT FINAL EFFICACY,NOT PARAMETER SELECTION,NO METHOD CHANGE AUTHORIZED,residual-floor-0.001,primary,re2tt_ts-route-service_mem_1,ts-route-service,mem,58e365eed32084b4,ALL,MTL,10.0,0.01,0.001,5,24,12,1,18,9,246,199,27,20,12,10,1,1,24.0,24,24,3.5,9,0,242,12,26056,1296,212951660948302.44,212951660916636.38,252,17,0,235,0,17,0,0,47368.421052631595,43617.021276595835,0.9894736842105263,1.0,0.9791666666666666
POST-HOC DEVELOPMENT DIAGNOSTIC,NOT FINAL EFFICACY,NOT PARAMETER SELECTION,NO METHOD CHANGE AUTHORIZED,residual-floor-0.001,primary,re2tt_ts-route-service_mem_1,ts-route-service,mem,58e365eed32084b4,G,MT,10.0,0.01,0.001,5,24,12,1,18,9,226,199,27,0,11,10,1,0,24.0,24,24,3.0,9,0,222,11,23896,1188,,,252,17,0,235,0,17,0,0,47368.421052631595,43617.021276595835,0.9894736842105263,1.0,0.9791666666666666
POST-HOC DEVELOPMENT DIAGNOSTIC,NOT FINAL EFFICACY,NOT PARAMETER SELECTION,NO METHOD CHANGE AUTHORIZED,residual-floor-0.001,primary,re2tt_ts-route-service_mem_1,ts-route-service,mem,58e365eed32084b4,L,MT,10.0,0.01,0.001,5,24,12,1,18,9,226,199,27,0,11,10,1,0,24.0,24,24,3.0,9,0,222,11,23896,1188,,,252,17,0,235,0,17,0,0,1552129368208442.8,1588908264089758.8,0.0,0.0,0.0
POST-HOC DEVELOPMENT DIAGNOSTIC,NOT FINAL EFFICACY,NOT PARAMETER SELECTION,NO METHOD CHANGE AUTHORIZED,residual-floor-0.001,primary,re2tt_ts-route-service_mem_1,ts-route-service,mem,58e365eed32084b4,ALL,MT,10.0,0.01,0.001,5,24,12,1,18,9,226,199,27,0,11,10,1,0,24.0,24,24,3.0,9,0,222,11,23896,1188,,,252,17,0,235,0,17,0,0,47368.421052631595,43617.021276595835,0.9894736842105263,1.0,0.9791666666666666
POST-HOC DEVELOPMENT DIAGNOSTIC,NOT FINAL EFFICACY,NOT PARAMETER SELECTION,NO METHOD CHANGE AUTHORIZED,residual-floor-0.001,primary,re2tt_ts-route-service_mem_2,ts-route-service,mem,15fa2ad3a7eecebd,G,MTL,10.0,0.01,0.001,5,24,12,1,18,9,240,193,27,20,9,4,3,2,24.0,24,24,2.0,4,0,233,9,25164,972,417549449548309.7,417549449515402.25,252,20,0,232,0,0,18,2,47368.421052631595,43617.021276595835,0.0,0.0,0.0
POST-HOC DEVELOPMENT DIAGNOSTIC,NOT FINAL EFFICACY,NOT PARAMETER SELECTION,NO METHOD CHANGE AUTHORIZED,residual-floor-0.001,primary,re2tt_ts-route-service_mem_2,ts-route-service,mem,15fa2ad3a7eecebd,L,MTL,10.0,0.01,0.001,5,24,12,1,18,9,240,193,27,20,9,4,3,2,24.0,24,24,2.0,4,0,233,9,25164,972,415664793977368.9,415664793943861.0,252,64,0,188,0,0,4,60,2216949271969378.0,2216949271969378.0,0.26732673267326734,0.46551724137931033,0.1875
POST-HOC DEVELOPMENT DIAGNOSTIC,NOT FINAL EFFICACY,NOT PARAMETER SELECTION,NO METHOD CHANGE AUTHORIZED,residual-floor-0.001,primary,re2tt_ts-route-service_mem_2,ts-route-service,mem,15fa2ad3a7eecebd,ALL,MTL,10.0,0.01,0.001,5,24,12,1,18,9,240,193,27,20,9,4,3,2,24.0,24,24,2.0,4,0,233,9,25164,972,429460364538674.0,429460364505573.25,252,20,0,232,0,0,0,20,47368.421052631595,43617.021276595835,0.0,0.0,0.0
POST-HOC DEVELOPMENT DIAGNOSTIC,NOT FINAL EFFICACY,NOT PARAMETER SELECTION,NO METHOD CHANGE AUTHORIZED,residual-floor-0.001,primary,re2tt_ts-route-service_mem_2,ts-route-service,mem,15fa2ad3a7eecebd,G,MT,10.0,0.01,0.001,5,24,12,1,18,9,220,193,27,0,7,4,3,0,24.0,24,24,2.0,4,0,213,7,23004,756,,,252,20,0,232,0,0,20,0,47368.421052631595,43617.021276595835,0.0,0.0,0.0
POST-HOC DEVELOPMENT DIAGNOSTIC,NOT FINAL EFFICACY,NOT PARAMETER SELECTION,NO METHOD CHANGE AUTHORIZED,residual-floor-0.001,primary,re2tt_ts-route-service_mem_2,ts-route-service,mem,15fa2ad3a7eecebd,L,MT,10.0,0.01,0.001,5,24,12,1,18,9,220,193,27,0,7,4,3,0,24.0,24,24,2.0,4,0,213,7,23004,756,,,252,60,0,192,0,0,60,0,1552129368208442.8,1588908264089758.8,0.2358974358974359,0.45098039215686275,0.1597222222222222
POST-HOC DEVELOPMENT DIAGNOSTIC,NOT FINAL EFFICACY,NOT PARAMETER SELECTION,NO METHOD CHANGE AUTHORIZED,residual-floor-0.001,primary,re2tt_ts-route-service_mem_2,ts-route-service,mem,15fa2ad3a7eecebd,ALL,MT,10.0,0.01,0.001,5,24,12,1,18,9,220,193,27,0,7,4,3,0,24.0,24,24,2.0,4,0,213,7,23004,756,,,252,17,0,235,0,0,17,0,47368.421052631595,43617.021276595835,0.0,0.0,0.0
POST-HOC DEVELOPMENT DIAGNOSTIC,NOT FINAL EFFICACY,NOT PARAMETER SELECTION,NO METHOD CHANGE AUTHORIZED,residual-floor-0.001,primary,re2tt_ts-route-service_mem_3,ts-route-service,mem,c60cff817fc2d5cf,G,MTL,10.0,0.01,0.001,5,24,12,1,18,9,241,194,27,20,6,5,1,0,24.0,24,24,5.0,5,0,241,6,25980,648,69931735438201.914,69931735413888.06,252,0,0,252,0,0,0,0,47368.421052631595,43617.021276595835,0.16766467065868262,0.6086956521739131,0.09722222222222222
POST-HOC DEVELOPMENT DIAGNOSTIC,NOT FINAL EFFICACY,NOT PARAMETER SELECTION,NO METHOD CHANGE AUTHORIZED,residual-floor-0.001,primary,re2tt_ts-route-service_mem_3,ts-route-service,mem,c60cff817fc2d5cf,L,MTL,10.0,0.01,0.001,5,24,12,1,18,9,241,194,27,20,6,5,1,0,24.0,24,24,5.0,5,0,241,6,25980,648,69928908905019.55,69928908880687.03,252,63,0,189,0,0,63,0,2216949271969378.0,2216949271969378.0,0.0,0.0,0.0
POST-HOC DEVELOPMENT DIAGNOSTIC,NOT FINAL EFFICACY,NOT PARAMETER SELECTION,NO METHOD CHANGE AUTHORIZED,residual-floor-0.001,primary,re2tt_ts-route-service_mem_3,ts-route-service,mem,c60cff817fc2d5cf,ALL,MTL,10.0,0.01,0.001,5,24,12,1,18,9,241,194,27,20,6,5,1,0,24.0,24,24,5.0,5,0,241,6,25980,648,69938934107752.64,69938934083393.734,252,13,0,239,0,0,13,0,47368.421052631595,43617.021276595835,0.09937888198757763,0.47058823529411764,0.05555555555555555
POST-HOC DEVELOPMENT DIAGNOSTIC,NOT FINAL EFFICACY,NOT PARAMETER SELECTION,NO METHOD CHANGE AUTHORIZED,residual-floor-0.001,primary,re2tt_ts-route-service_mem_3,ts-route-service,mem,c60cff817fc2d5cf,G,MT,10.0,0.01,0.001,5,24,12,1,18,9,221,194,27,0,6,5,1,0,24.0,24,24,5.0,5,0,221,6,23820,648,,,252,0,0,252,0,0,0,0,47368.421052631595,43617.021276595835,0.16766467065868262,0.6086956521739131,0.09722222222222222
POST-HOC DEVELOPMENT DIAGNOSTIC,NOT FINAL EFFICACY,NOT PARAMETER SELECTION,NO METHOD CHANGE AUTHORIZED,residual-floor-0.001,primary,re2tt_ts-route-service_mem_3,ts-route-service,mem,c60cff817fc2d5cf,L,MT,10.0,0.01,0.001,5,24,12,1,18,9,221,194,27,0,6,5,1,0,24.0,24,24,5.0,5,0,221,6,23820,648,,,252,63,0,189,0,0,63,0,1552129368208442.8,1588908264089758.8,0.0136986301369863,0.5,0.006944444444444444
POST-HOC DEVELOPMENT DIAGNOSTIC,NOT FINAL EFFICACY,NOT PARAMETER SELECTION,NO METHOD CHANGE AUTHORIZED,residual-floor-0.001,primary,re2tt_ts-route-service_mem_3,ts-route-service,mem,c60cff817fc2d5cf,ALL,MT,10.0,0.01,0.001,5,24,12,1,18,9,221,194,27,0,6,5,1,0,24.0,24,24,5.0,5,0,221,6,23820,648,,,252,13,0,239,0,0,13,0,47368.421052631595,43617.021276595835,0.09937888198757763,0.47058823529411764,0.05555555555555555
POST-HOC DEVELOPMENT DIAGNOSTIC,NOT FINAL EFFICACY,NOT PARAMETER SELECTION,NO METHOD CHANGE AUTHORIZED,residual-floor-0.001,primary,re2tt_ts-route-service_socket_1,ts-route-service,socket,0f1447a5823d8a23,G,MTL,10.0,0.01,0.001,5,24,12,1,18,9,254,207,27,20,20,18,1,1,24.0,24,24,3.0,18,0,250,20,26990,2160,173289285511776.47,173289285480364.44,252,7,0,245,0,6,1,0,42105.26315789484,43617.021276595835,0.39572192513368987,0.8604651162790697,0.2569444444444444
POST-HOC DEVELOPMENT DIAGNOSTIC,NOT FINAL EFFICACY,NOT PARAMETER SELECTION,NO METHOD CHANGE AUTHORIZED,residual-floor-0.001,primary,re2tt_ts-route-service_socket_1,ts-route-service,socket,0f1447a5823d8a23,L,MTL,10.0,0.01,0.001,5,24,12,1,18,9,254,207,27,20,20,18,1,1,24.0,24,24,3.0,18,0,250,20,26990,2160,173353192992280.75,173353192961013.0,252,65,0,187,0,6,4,55,1692004912705919.5,2216949271969378.0,0.3333333333333333,0.6111111111111112,0.22916666666666666
POST-HOC DEVELOPMENT DIAGNOSTIC,NOT FINAL EFFICACY,NOT PARAMETER SELECTION,NO METHOD CHANGE AUTHORIZED,residual-floor-0.001,primary,re2tt_ts-route-service_socket_1,ts-route-service,socket,0f1447a5823d8a23,ALL,MTL,10.0,0.01,0.001,5,24,12,1,18,9,254,207,27,20,20,18,1,1,24.0,24,24,3.0,18,0,250,20,26990,2160,173060170718394.97,173060170687076.88,252,11,0,241,0,6,5,0,42105.26315789484,43617.021276595835,0.0,0.0,0.0
POST-HOC DEVELOPMENT DIAGNOSTIC,NOT FINAL EFFICACY,NOT PARAMETER SELECTION,NO METHOD CHANGE AUTHORIZED,residual-floor-0.001,primary,re2tt_ts-route-service_socket_1,ts-route-service,socket,0f1447a5823d8a23,G,MT,10.0,0.01,0.001,5,24,12,1,18,9,234,207,27,0,19,18,1,0,24.0,24,24,3.0,18,0,230,19,24830,2052,,,252,7,0,245,0,6,1,0,42105.26315789484,43617.021276595835,0.39572192513368987,0.8604651162790697,0.2569444444444444
POST-HOC DEVELOPMENT DIAGNOSTIC,NOT FINAL EFFICACY,NOT PARAMETER SELECTION,NO METHOD CHANGE AUTHORIZED,residual-floor-0.001,primary,re2tt_ts-route-service_socket_1,ts-route-service,socket,0f1447a5823d8a23,L,MT,10.0,0.01,0.001,5,24,12,1,18,9,234,207,27,0,19,18,1,0,24.0,24,24,3.0,18,0,230,19,24830,2052,,,252,61,0,191,0,6,55,0,1450471951279854.0,1588908264089758.8,0.3350253807106599,0.6226415094339622,0.22916666666666666
POST-HOC DEVELOPMENT DIAGNOSTIC,NOT FINAL EFFICACY,NOT PARAMETER SELECTION,NO METHOD CHANGE AUTHORIZED,residual-floor-0.001,primary,re2tt_ts-route-service_socket_1,ts-route-service,socket,0f1447a5823d8a23,ALL,MT,10.0,0.01,0.001,5,24,12,1,18,9,234,207,27,0,19,18,1,0,24.0,24,24,3.0,18,0,230,19,24830,2052,,,252,11,0,241,0,6,5,0,42105.26315789484,43617.021276595835,0.0,0.0,0.0
POST-HOC DEVELOPMENT DIAGNOSTIC,NOT FINAL EFFICACY,NOT PARAMETER SELECTION,NO METHOD CHANGE AUTHORIZED,residual-floor-0.001,primary,re2tt_ts-route-service_socket_2,ts-route-service,socket,5bf54b9f116a5fa1,G,MTL,10.0,0.01,0.001,5,24,12,1,18,9,241,194,27,20,8,6,1,1,24.0,24,24,4.0,5,0,237,8,25588,864,226601240490225.9,226601240456266.84,252,1,0,251,0,1,0,0,42105.26315789484,43617.021276595835,0.0,0.0,0.0
POST-HOC DEVELOPMENT DIAGNOSTIC,NOT FINAL EFFICACY,NOT PARAMETER SELECTION,NO METHOD CHANGE AUTHORIZED,residual-floor-0.001,primary,re2tt_ts-route-service_socket_2,ts-route-service,socket,5bf54b9f116a5fa1,L,MTL,10.0,0.01,0.001,5,24,12,1,18,9,241,194,27,20,8,6,1,1,24.0,24,24,4.0,5,0,237,8,25588,864,226577747389818.9,226577747355720.62,252,1,0,251,0,1,0,0,1692004912705919.5,2216949271969378.0,0.0,0.0,0.0
POST-HOC DEVELOPMENT DIAGNOSTIC,NOT FINAL EFFICACY,NOT PARAMETER SELECTION,NO METHOD CHANGE AUTHORIZED,residual-floor-0.001,primary,re2tt_ts-route-service_socket_2,ts-route-service,socket,5bf54b9f116a5fa1,ALL,MTL,10.0,0.01,0.001,5,24,12,1,18,9,241,194,27,20,8,6,1,1,24.0,24,24,4.0,5,0,237,8,25588,864,226567460855123.38,226567460821336.34,252,1,0,251,0,1,0,0,42105.26315789484,43617.021276595835,0.0,0.0,0.0
POST-HOC DEVELOPMENT DIAGNOSTIC,NOT FINAL EFFICACY,NOT PARAMETER SELECTION,NO METHOD CHANGE AUTHORIZED,residual-floor-0.001,primary,re2tt_ts-route-service_socket_2,ts-route-service,socket,5bf54b9f116a5fa1,G,MT,10.0,0.01,0.001,5,24,12,1,18,9,221,194,27,0,7,6,1,0,24.0,24,24,4.0,5,0,217,7,23428,756,,,252,1,0,251,0,1,0,0,42105.26315789484,43617.021276595835,0.0,0.0,0.0
POST-HOC DEVELOPMENT DIAGNOSTIC,NOT FINAL EFFICACY,NOT PARAMETER SELECTION,NO METHOD CHANGE AUTHORIZED,residual-floor-0.001,primary,re2tt_ts-route-service_socket_2,ts-route-service,socket,5bf54b9f116a5fa1,L,MT,10.0,0.01,0.001,5,24,12,1,18,9,221,194,27,0,7,6,1,0,24.0,24,24,4.0,5,0,217,7,23428,756,,,252,1,0,251,0,1,0,0,1450471951279854.0,1588908264089758.8,0.0,0.0,0.0
POST-HOC DEVELOPMENT DIAGNOSTIC,NOT FINAL EFFICACY,NOT PARAMETER SELECTION,NO METHOD CHANGE AUTHORIZED,residual-floor-0.001,primary,re2tt_ts-route-service_socket_2,ts-route-service,socket,5bf54b9f116a5fa1,ALL,MT,10.0,0.01,0.001,5,24,12,1,18,9,221,194,27,0,7,6,1,0,24.0,24,24,4.0,5,0,217,7,23428,756,,,252,1,0,251,0,1,0,0,42105.26315789484,43617.021276595835,0.0,0.0,0.0
POST-HOC DEVELOPMENT DIAGNOSTIC,NOT FINAL EFFICACY,NOT PARAMETER SELECTION,NO METHOD CHANGE AUTHORIZED,residual-floor-0.001,primary,re2tt_ts-route-service_socket_3,ts-route-service,socket,47f193d58b233d8a,G,MTL,10.0,0.01,0.001,5,24,12,1,18,9,241,194,27,20,7,5,1,1,24.0,24,24,3.5,5,0,239,7,25804,756,208212797249446.5,208212797222750.25,252,37,0,215,0,0,1,36,42105.26315789484,43617.021276595835,0.9859154929577465,1.0,0.9722222222222222
POST-HOC DEVELOPMENT DIAGNOSTIC,NOT FINAL EFFICACY,NOT PARAMETER SELECTION,NO METHOD CHANGE AUTHORIZED,residual-floor-0.001,primary,re2tt_ts-route-service_socket_3,ts-route-service,socket,47f193d58b233d8a,L,MTL,10.0,0.01,0.001,5,24,12,1,18,9,241,194,27,20,7,5,1,1,24.0,24,24,3.5,5,0,239,7,25804,756,208216307598646.62,208216307571938.75,252,106,0,146,0,0,16,90,1692004912705919.5,2216949271969378.0,0.2653061224489796,0.5,0.18055555555555555
POST-HOC DEVELOPMENT DIAGNOSTIC,NOT FINAL EFFICACY,NOT PARAMETER SELECTION,NO METHOD CHANGE AUTHORIZED,residual-floor-0.001,primary,re2tt_ts-route-service_socket_3,ts-route-service,socket,47f193d58b233d8a,ALL,MTL,10.0,0.01,0.001,5,24,12,1,18,9,241,194,27,20,7,5,1,1,24.0,24,24,3.5,5,0,239,7,25804,756,208208935406165.6,208208935379315.3,252,19,0,233,0,0,2,17,42105.26315789484,43617.021276595835,0.9859154929577465,1.0,0.9722222222222222
POST-HOC DEVELOPMENT DIAGNOSTIC,NOT FINAL EFFICACY,NOT PARAMETER SELECTION,NO METHOD CHANGE AUTHORIZED,residual-floor-0.001,primary,re2tt_ts-route-service_socket_3,ts-route-service,socket,47f193d58b233d8a,G,MT,10.0,0.01,0.001,5,24,12,1,18,9,221,194,27,0,6,5,1,0,24.0,24,24,3.0,5,0,219,6,23644,648,,,252,15,0,237,0,0,15,0,42105.26315789484,43617.021276595835,0.9859154929577465,1.0,0.9722222222222222
POST-HOC DEVELOPMENT DIAGNOSTIC,NOT FINAL EFFICACY,NOT PARAMETER SELECTION,NO METHOD CHANGE AUTHORIZED,residual-floor-0.001,primary,re2tt_ts-route-service_socket_3,ts-route-service,socket,47f193d58b233d8a,L,MT,10.0,0.01,0.001,5,24,12,1,18,9,221,194,27,0,6,5,1,0,24.0,24,24,3.0,5,0,219,6,23644,648,,,252,63,0,189,0,0,63,0,1450471951279854.0,1588908264089758.8,0.26666666666666666,0.5098039215686274,0.18055555555555555
POST-HOC DEVELOPMENT DIAGNOSTIC,NOT FINAL EFFICACY,NOT PARAMETER SELECTION,NO METHOD CHANGE AUTHORIZED,residual-floor-0.001,primary,re2tt_ts-route-service_socket_3,ts-route-service,socket,47f193d58b233d8a,ALL,MT,10.0,0.01,0.001,5,24,12,1,18,9,221,194,27,0,6,5,1,0,24.0,24,24,3.0,5,0,219,6,23644,648,,,252,12,0,240,0,0,12,0,42105.26315789484,43617.021276595835,0.9859154929577465,1.0,0.9722222222222222
POST-HOC DEVELOPMENT DIAGNOSTIC,NOT FINAL EFFICACY,NOT PARAMETER SELECTION,NO METHOD CHANGE AUTHORIZED,residual-floor-0.001,primary,re2tt_ts-train-service_cpu_1,ts-train-service,cpu,f13a01ab09a3962b,G,MTL,10.0,0.01,0.001,5,24,12,1,18,9,248,201,27,20,14,12,1,1,24.0,24,24,3.0,12,0,246,14,26538,1512,175419290730267.12,175419290707581.5,252,11,0,241,0,11,0,0,47368.421052631595,43617.021276595835,0.9894736842105263,1.0,0.9791666666666666
POST-HOC DEVELOPMENT DIAGNOSTIC,NOT FINAL EFFICACY,NOT PARAMETER SELECTION,NO METHOD CHANGE AUTHORIZED,residual-floor-0.001,primary,re2tt_ts-train-service_cpu_1,ts-train-service,cpu,f13a01ab09a3962b,L,MTL,10.0,0.01,0.001,5,24,12,1,18,9,248,201,27,20,14,12,1,1,24.0,24,24,3.0,12,0,246,14,26538,1512,175751000278036.2,175751000255297.3,252,11,0,241,0,11,0,0,2216949271969378.0,2216949271969378.0,0.0,0.0,0.0
POST-HOC DEVELOPMENT DIAGNOSTIC,NOT FINAL EFFICACY,NOT PARAMETER SELECTION,NO METHOD CHANGE AUTHORIZED,residual-floor-0.001,primary,re2tt_ts-train-service_cpu_1,ts-train-service,cpu,f13a01ab09a3962b,ALL,MTL,10.0,0.01,0.001,5,24,12,1,18,9,248,201,27,20,14,12,1,1,24.0,24,24,3.0,12,0,246,14,26538,1512,175354210442001.1,175354210419233.66,252,11,0,241,0,11,0,0,47368.421052631595,43617.021276595835,0.9894736842105263,1.0,0.9791666666666666
POST-HOC DEVELOPMENT DIAGNOSTIC,NOT FINAL EFFICACY,NOT PARAMETER SELECTION,NO METHOD CHANGE AUTHORIZED,residual-floor-0.001,primary,re2tt_ts-train-service_cpu_1,ts-train-service,cpu,f13a01ab09a3962b,G,MT,10.0,0.01,0.001,5,24,12,1,18,9,228,201,27,0,13,12,1,0,24.0,24,24,3.0,12,0,226,13,24378,1404,,,252,11,0,241,0,11,0,0,47368.421052631595,43617.021276595835,0.9894736842105263,1.0,0.9791666666666666
POST-HOC DEVELOPMENT DIAGNOSTIC,NOT FINAL EFFICACY,NOT PARAMETER SELECTION,NO METHOD CHANGE AUTHORIZED,residual-floor-0.001,primary,re2tt_ts-train-service_cpu_1,ts-train-service,cpu,f13a01ab09a3962b,L,MT,10.0,0.01,0.001,5,24,12,1,18,9,228,201,27,0,13,12,1,0,24.0,24,24,3.0,12,0,226,13,24378,1404,,,252,11,0,241,0,11,0,0,1552129368208442.8,1588908264089758.8,0.0,0.0,0.0
POST-HOC DEVELOPMENT DIAGNOSTIC,NOT FINAL EFFICACY,NOT PARAMETER SELECTION,NO METHOD CHANGE AUTHORIZED,residual-floor-0.001,primary,re2tt_ts-train-service_cpu_1,ts-train-service,cpu,f13a01ab09a3962b,ALL,MT,10.0,0.01,0.001,5,24,12,1,18,9,228,201,27,0,13,12,1,0,24.0,24,24,3.0,12,0,226,13,24378,1404,,,252,11,0,241,0,11,0,0,47368.421052631595,43617.021276595835,0.9894736842105263,1.0,0.9791666666666666
POST-HOC DEVELOPMENT DIAGNOSTIC,NOT FINAL EFFICACY,NOT PARAMETER SELECTION,NO METHOD CHANGE AUTHORIZED,residual-floor-0.001,primary,re2tt_ts-train-service_cpu_2,ts-train-service,cpu,b4f7da80e26ff729,G,MTL,10.0,0.01,0.001,5,24,12,1,18,9,245,198,27,20,10,9,1,0,24.0,24,24,2.0,9,0,243,10,26212,1080,51633967763531.945,51633967739781.91,252,18,0,234,0,15,3,0,47368.421052631595,43617.021276595835,0.9859154929577465,1.0,0.9722222222222222
POST-HOC DEVELOPMENT DIAGNOSTIC,NOT FINAL EFFICACY,NOT PARAMETER SELECTION,NO METHOD CHANGE AUTHORIZED,residual-floor-0.001,primary,re2tt_ts-train-service_cpu_2,ts-train-service,cpu,b4f7da80e26ff729,L,MTL,10.0,0.01,0.001,5,24,12,1,18,9,245,198,27,20,10,9,1,0,24.0,24,24,2.0,9,0,243,10,26212,1080,51544889061658.59,51544889037911.65,252,67,0,185,0,11,56,0,2216949271969378.0,2216949271969378.0,0.013793103448275862,1.0,0.006944444444444444
POST-HOC DEVELOPMENT DIAGNOSTIC,NOT FINAL EFFICACY,NOT PARAMETER SELECTION,NO METHOD CHANGE AUTHORIZED,residual-floor-0.001,primary,re2tt_ts-train-service_cpu_2,ts-train-service,cpu,b4f7da80e26ff729,ALL,MTL,10.0,0.01,0.001,5,24,12,1,18,9,245,198,27,20,10,9,1,0,24.0,24,24,2.0,9,0,243,10,26212,1080,51620258565461.62,51620258541717.36,252,23,0,229,0,15,8,0,47368.421052631595,43617.021276595835,0.9859154929577465,1.0,0.9722222222222222
POST-HOC DEVELOPMENT DIAGNOSTIC,NOT FINAL EFFICACY,NOT PARAMETER SELECTION,NO METHOD CHANGE AUTHORIZED,residual-floor-0.001,primary,re2tt_ts-train-service_cpu_2,ts-train-service,cpu,b4f7da80e26ff729,G,MT,10.0,0.01,0.001,5,24,12,1,18,9,225,198,27,0,10,9,1,0,24.0,24,24,2.0,9,0,223,10,24052,1080,,,252,20,0,232,0,15,5,0,47368.421052631595,43617.021276595835,0.9859154929577465,1.0,0.9722222222222222
POST-HOC DEVELOPMENT DIAGNOSTIC,NOT FINAL EFFICACY,NOT PARAMETER SELECTION,NO METHOD CHANGE AUTHORIZED,residual-floor-0.001,primary,re2tt_ts-train-service_cpu_2,ts-train-service,cpu,b4f7da80e26ff729,L,MT,10.0,0.01,0.001,5,24,12,1,18,9,225,198,27,0,10,9,1,0,24.0,24,24,2.0,9,0,223,10,24052,1080,,,252,67,0,185,0,11,56,0,1552129368208442.8,1588908264089758.8,0.07643312101910828,0.46153846153846156,0.041666666666666664
POST-HOC DEVELOPMENT DIAGNOSTIC,NOT FINAL EFFICACY,NOT PARAMETER SELECTION,NO METHOD CHANGE AUTHORIZED,residual-floor-0.001,primary,re2tt_ts-train-service_cpu_2,ts-train-service,cpu,b4f7da80e26ff729,ALL,MT,10.0,0.01,0.001,5,24,12,1,18,9,225,198,27,0,10,9,1,0,24.0,24,24,2.0,9,0,223,10,24052,1080,,,252,23,0,229,0,15,8,0,47368.421052631595,43617.021276595835,0.9859154929577465,1.0,0.9722222222222222
POST-HOC DEVELOPMENT DIAGNOSTIC,NOT FINAL EFFICACY,NOT PARAMETER SELECTION,NO METHOD CHANGE AUTHORIZED,residual-floor-0.001,primary,re2tt_ts-train-service_cpu_3,ts-train-service,cpu,8fe6a000483edc0e,G,MTL,10.0,0.01,0.001,5,24,12,1,18,9,248,201,27,20,14,12,1,1,24.0,24,24,5.0,12,0,248,14,26744,1512,196458532400474.34,196458532368303.75,252,9,0,243,0,9,0,0,47368.421052631595,43617.021276595835,0.9894736842105263,1.0,0.9791666666666666
POST-HOC DEVELOPMENT DIAGNOSTIC,NOT FINAL EFFICACY,NOT PARAMETER SELECTION,NO METHOD CHANGE AUTHORIZED,residual-floor-0.001,primary,re2tt_ts-train-service_cpu_3,ts-train-service,cpu,8fe6a000483edc0e,L,MTL,10.0,0.01,0.001,5,24,12,1,18,9,248,201,27,20,14,12,1,1,24.0,24,24,5.0,12,0,248,14,26744,1512,196465930221934.72,196465930189855.7,252,9,0,243,0,9,0,0,2216949271969378.0,2216949271969378.0,0.0,0.0,0.0
POST-HOC DEVELOPMENT DIAGNOSTIC,NOT FINAL EFFICACY,NOT PARAMETER SELECTION,NO METHOD CHANGE AUTHORIZED,residual-floor-0.001,primary,re2tt_ts-train-service_cpu_3,ts-train-service,cpu,8fe6a000483edc0e,ALL,MTL,10.0,0.01,0.001,5,24,12,1,18,9,248,201,27,20,14,12,1,1,24.0,24,24,5.0,12,0,248,14,26744,1512,195958753513987.62,195958753481873.03,252,9,0,243,0,9,0,0,47368.421052631595,43617.021276595835,0.9894736842105263,1.0,0.9791666666666666
POST-HOC DEVELOPMENT DIAGNOSTIC,NOT FINAL EFFICACY,NOT PARAMETER SELECTION,NO METHOD CHANGE AUTHORIZED,residual-floor-0.001,primary,re2tt_ts-train-service_cpu_3,ts-train-service,cpu,8fe6a000483edc0e,G,MT,10.0,0.01,0.001,5,24,12,1,18,9,228,201,27,0,13,12,1,0,24.0,24,24,5.0,12,0,228,13,24584,1404,,,252,9,0,243,0,9,0,0,47368.421052631595,43617.021276595835,0.9894736842105263,1.0,0.9791666666666666
POST-HOC DEVELOPMENT DIAGNOSTIC,NOT FINAL EFFICACY,NOT PARAMETER SELECTION,NO METHOD CHANGE AUTHORIZED,residual-floor-0.001,primary,re2tt_ts-train-service_cpu_3,ts-train-service,cpu,8fe6a000483edc0e,L,MT,10.0,0.01,0.001,5,24,12,1,18,9,228,201,27,0,13,12,1,0,24.0,24,24,5.0,12,0,228,13,24584,1404,,,252,9,0,243,0,9,0,0,1552129368208442.8,1588908264089758.8,0.0,0.0,0.0
POST-HOC DEVELOPMENT DIAGNOSTIC,NOT FINAL EFFICACY,NOT PARAMETER SELECTION,NO METHOD CHANGE AUTHORIZED,residual-floor-0.001,primary,re2tt_ts-train-service_cpu_3,ts-train-service,cpu,8fe6a000483edc0e,ALL,MT,10.0,0.01,0.001,5,24,12,1,18,9,228,201,27,0,13,12,1,0,24.0,24,24,5.0,12,0,228,13,24584,1404,,,252,9,0,243,0,9,0,0,47368.421052631595,43617.021276595835,0.9894736842105263,1.0,0.9791666666666666
POST-HOC DEVELOPMENT DIAGNOSTIC,NOT FINAL EFFICACY,NOT PARAMETER SELECTION,NO METHOD CHANGE AUTHORIZED,residual-floor-0.001,primary,re2tt_ts-train-service_delay_1,ts-train-service,delay,8534e6237bee1618,G,MTL,10.0,0.01,0.001,5,24,12,1,18,9,250,203,27,20,15,14,1,0,24.0,24,24,5.0,14,0,248,15,26764,1620,69273001859255.22,69273001836489.79,252,4,0,248,0,4,0,0,43617.02127659585,43617.021276595835,0.9894736842105263,1.0,0.9791666666666666
POST-HOC DEVELOPMENT DIAGNOSTIC,NOT FINAL EFFICACY,NOT PARAMETER SELECTION,NO METHOD CHANGE AUTHORIZED,residual-floor-0.001,primary,re2tt_ts-train-service_delay_1,ts-train-service,delay,8534e6237bee1618,L,MTL,10.0,0.01,0.001,5,24,12,1,18,9,250,203,27,20,15,14,1,0,24.0,24,24,5.0,14,0,248,15,26764,1620,69313935872519.16,69313935849741.66,252,4,0,248,0,4,0,0,2255699918077191.5,2216949271969378.0,0.0,0.0,0.0
POST-HOC DEVELOPMENT DIAGNOSTIC,NOT FINAL EFFICACY,NOT PARAMETER SELECTION,NO METHOD CHANGE AUTHORIZED,residual-floor-0.001,primary,re2tt_ts-train-service_delay_1,ts-train-service,delay,8534e6237bee1618,ALL,MTL,10.0,0.01,0.001,5,24,12,1,18,9,250,203,27,20,15,14,1,0,24.0,24,24,5.0,14,0,248,15,26764,1620,69377457228694.375,69377457205862.46,252,4,0,248,0,4,0,0,43617.02127659585,43617.021276595835,0.9894736842105263,1.0,0.9791666666666666
POST-HOC DEVELOPMENT DIAGNOSTIC,NOT FINAL EFFICACY,NOT PARAMETER SELECTION,NO METHOD CHANGE AUTHORIZED,residual-floor-0.001,primary,re2tt_ts-train-service_delay_1,ts-train-service,delay,8534e6237bee1618,G,MT,10.0,0.01,0.001,5,24,12,1,18,9,230,203,27,0,15,14,1,0,24.0,24,24,5.0,14,0,228,15,24604,1620,,,252,4,0,248,0,4,0,0,43617.02127659585,43617.021276595835,0.9894736842105263,1.0,0.9791666666666666
POST-HOC DEVELOPMENT DIAGNOSTIC,NOT FINAL EFFICACY,NOT PARAMETER SELECTION,NO METHOD CHANGE AUTHORIZED,residual-floor-0.001,primary,re2tt_ts-train-service_delay_1,ts-train-service,delay,8534e6237bee1618,L,MT,10.0,0.01,0.001,5,24,12,1,18,9,230,203,27,0,15,14,1,0,24.0,24,24,5.0,14,0,228,15,24604,1620,,,252,4,0,248,0,4,0,0,1661155233359036.5,1588908264089758.8,0.0,0.0,0.0
POST-HOC DEVELOPMENT DIAGNOSTIC,NOT FINAL EFFICACY,NOT PARAMETER SELECTION,NO METHOD CHANGE AUTHORIZED,residual-floor-0.001,primary,re2tt_ts-train-service_delay_1,ts-train-service,delay,8534e6237bee1618,ALL,MT,10.0,0.01,0.001,5,24,12,1,18,9,230,203,27,0,15,14,1,0,24.0,24,24,5.0,14,0,228,15,24604,1620,,,252,4,0,248,0,4,0,0,43617.02127659585,43617.021276595835,0.9894736842105263,1.0,0.9791666666666666
POST-HOC DEVELOPMENT DIAGNOSTIC,NOT FINAL EFFICACY,NOT PARAMETER SELECTION,NO METHOD CHANGE AUTHORIZED,residual-floor-0.001,primary,re2tt_ts-train-service_delay_2,ts-train-service,delay,84c4c18e60502036,G,MTL,10.0,0.01,0.001,5,24,12,1,18,9,238,191,27,20,5,2,2,1,24.0,24,24,4.0,2,0,238,5,25654,540,306223263623872.6,306223263597740.8,252,0,0,252,0,0,0,0,43617.02127659585,43617.021276595835,0.9543859649122807,0.9645390070921985,0.9444444444444444
POST-HOC DEVELOPMENT DIAGNOSTIC,NOT FINAL EFFICACY,NOT PARAMETER SELECTION,NO METHOD CHANGE AUTHORIZED,residual-floor-0.001,primary,re2tt_ts-train-service_delay_2,ts-train-service,delay,84c4c18e60502036,L,MTL,10.0,0.01,0.001,5,24,12,1,18,9,238,191,27,20,5,2,2,1,24.0,24,24,4.0,2,0,238,5,25654,540,306172225568391.8,306172225542269.75,252,0,0,252,0,0,0,0,2255699918077191.5,2216949271969378.0,0.0,0.0,0.0
POST-HOC DEVELOPMENT DIAGNOSTIC,NOT FINAL EFFICACY,NOT PARAMETER SELECTION,NO METHOD CHANGE AUTHORIZED,residual-floor-0.001,primary,re2tt_ts-train-service_delay_2,ts-train-service,delay,84c4c18e60502036,ALL,MTL,10.0,0.01,0.001,5,24,12,1,18,9,238,191,27,20,5,2,2,1,24.0,24,24,4.0,2,0,238,5,25654,540,310367792051456.5,310367792025289.3,252,0,0,252,0,0,0,0,43617.02127659585,43617.021276595835,0.9652777777777778,0.9652777777777778,0.9652777777777778
POST-HOC DEVELOPMENT DIAGNOSTIC,NOT FINAL EFFICACY,NOT PARAMETER SELECTION,NO METHOD CHANGE AUTHORIZED,residual-floor-0.001,primary,re2tt_ts-train-service_delay_2,ts-train-service,delay,84c4c18e60502036,G,MT,10.0,0.01,0.001,5,24,12,1,18,9,218,191,27,0,4,2,2,0,24.0,24,24,4.0,2,0,218,4,23494,432,,,252,0,0,252,0,0,0,0,43617.02127659585,43617.021276595835,0.9543859649122807,0.9645390070921985,0.9444444444444444
POST-HOC DEVELOPMENT DIAGNOSTIC,NOT FINAL EFFICACY,NOT PARAMETER SELECTION,NO METHOD CHANGE AUTHORIZED,residual-floor-0.001,primary,re2tt_ts-train-service_delay_2,ts-train-service,delay,84c4c18e60502036,L,MT,10.0,0.01,0.001,5,24,12,1,18,9,218,191,27,0,4,2,2,0,24.0,24,24,4.0,2,0,218,4,23494,432,,,252,0,0,252,0,0,0,0,1661155233359036.5,1588908264089758.8,0.0,0.0,0.0
POST-HOC DEVELOPMENT DIAGNOSTIC,NOT FINAL EFFICACY,NOT PARAMETER SELECTION,NO METHOD CHANGE AUTHORIZED,residual-floor-0.001,primary,re2tt_ts-train-service_delay_2,ts-train-service,delay,84c4c18e60502036,ALL,MT,10.0,0.01,0.001,5,24,12,1,18,9,218,191,27,0,4,2,2,0,24.0,24,24,4.0,2,0,218,4,23494,432,,,252,0,0,252,0,0,0,0,43617.02127659585,43617.021276595835,0.9652777777777778,0.9652777777777778,0.9652777777777778
POST-HOC DEVELOPMENT DIAGNOSTIC,NOT FINAL EFFICACY,NOT PARAMETER SELECTION,NO METHOD CHANGE AUTHORIZED,residual-floor-0.001,primary,re2tt_ts-train-service_delay_3,ts-train-service,delay,0868b9b567cd44c8,G,MTL,10.0,0.01,0.001,5,24,12,1,18,9,238,191,27,20,4,2,1,1,24.0,24,24,4.0,2,0,238,4,25646,432,185774713711792.75,185774713677807.56,252,5,0,247,0,0,0,5,43617.02127659585,43617.021276595835,0.9619377162629758,0.9586206896551724,0.9652777777777778
POST-HOC DEVELOPMENT DIAGNOSTIC,NOT FINAL EFFICACY,NOT PARAMETER SELECTION,NO METHOD CHANGE AUTHORIZED,residual-floor-0.001,primary,re2tt_ts-train-service_delay_3,ts-train-service,delay,0868b9b567cd44c8,L,MTL,10.0,0.01,0.001,5,24,12,1,18,9,238,191,27,20,4,2,1,1,24.0,24,24,4.0,2,0,238,4,25646,432,185679719580733.9,185679719547015.88,252,54,0,198,0,0,2,52,2255699918077191.5,2216949271969378.0,0.02564102564102564,0.16666666666666666,0.013888888888888888
POST-HOC DEVELOPMENT DIAGNOSTIC,NOT FINAL EFFICACY,NOT PARAMETER SELECTION,NO METHOD CHANGE AUTHORIZED,residual-floor-0.001,primary,re2tt_ts-train-service_delay_3,ts-train-service,delay,0868b9b567cd44c8,ALL,MTL,10.0,0.01,0.001,5,24,12,1,18,9,238,191,27,20,4,2,1,1,24.0,24,24,4.0,2,0,238,4,25646,432,186216660483079.28,186216660449285.12,252,4,0,248,0,0,0,4,43617.02127659585,43617.021276595835,0.9619377162629758,0.9586206896551724,0.9652777777777778
POST-HOC DEVELOPMENT DIAGNOSTIC,NOT FINAL EFFICACY,NOT PARAMETER SELECTION,NO METHOD CHANGE AUTHORIZED,residual-floor-0.001,primary,re2tt_ts-train-service_delay_3,ts-train-service,delay,0868b9b567cd44c8,G,MT,10.0,0.01,0.001,5,24,12,1,18,9,218,191,27,0,3,2,1,0,24.0,24,24,4.0,2,0,218,3,23486,324,,,252,5,0,247,0,0,5,0,43617.02127659585,43617.021276595835,0.9619377162629758,0.9586206896551724,0.9652777777777778
POST-HOC DEVELOPMENT DIAGNOSTIC,NOT FINAL EFFICACY,NOT PARAMETER SELECTION,NO METHOD CHANGE AUTHORIZED,residual-floor-0.001,primary,re2tt_ts-train-service_delay_3,ts-train-service,delay,0868b9b567cd44c8,L,MT,10.0,0.01,0.001,5,24,12,1,18,9,218,191,27,0,3,2,1,0,24.0,24,24,4.0,2,0,218,3,23486,324,,,252,49,0,203,0,0,49,0,1661155233359036.5,1588908264089758.8,0.050314465408805034,0.26666666666666666,0.027777777777777776
POST-HOC DEVELOPMENT DIAGNOSTIC,NOT FINAL EFFICACY,NOT PARAMETER SELECTION,NO METHOD CHANGE AUTHORIZED,residual-floor-0.001,primary,re2tt_ts-train-service_delay_3,ts-train-service,delay,0868b9b567cd44c8,ALL,MT,10.0,0.01,0.001,5,24,12,1,18,9,218,191,27,0,3,2,1,0,24.0,24,24,4.0,2,0,218,3,23486,324,,,252,0,0,252,0,0,0,0,43617.02127659585,43617.021276595835,0.9619377162629758,0.9586206896551724,0.9652777777777778
POST-HOC DEVELOPMENT DIAGNOSTIC,NOT FINAL EFFICACY,NOT PARAMETER SELECTION,NO METHOD CHANGE AUTHORIZED,residual-floor-0.001,primary,re2tt_ts-travel-service_disk_1,ts-travel-service,disk,27afdc4e5ac07b32,G,MTL,10.0,0.01,0.001,5,24,12,1,18,9,232,186,26,20,7,2,2,3,24.0,24,24,5.0,2,0,226,7,24408,756,446437101902884.75,446437101874820.25,252,0,0,252,0,0,0,0,43617.02127659585,43617.021276595835,0.962457337883959,0.9463087248322147,0.9791666666666666
POST-HOC DEVELOPMENT DIAGNOSTIC,NOT FINAL EFFICACY,NOT PARAMETER SELECTION,NO METHOD CHANGE AUTHORIZED,residual-floor-0.001,primary,re2tt_ts-travel-service_disk_1,ts-travel-service,disk,27afdc4e5ac07b32,L,MTL,10.0,0.01,0.001,5,24,12,1,18,9,232,186,26,20,7,2,2,3,24.0,24,24,5.0,2,0,226,7,24408,756,454515317462196.7,454515317434471.25,252,0,0,252,0,0,0,0,2255699918077191.5,2216949271969378.0,0.0,0.0,0.0
POST-HOC DEVELOPMENT DIAGNOSTIC,NOT FINAL EFFICACY,NOT PARAMETER SELECTION,NO METHOD CHANGE AUTHORIZED,residual-floor-0.001,primary,re2tt_ts-travel-service_disk_1,ts-travel-service,disk,27afdc4e5ac07b32,ALL,MTL,10.0,0.01,0.001,5,24,12,1,18,9,232,186,26,20,7,2,2,3,24.0,24,24,5.0,2,0,226,7,24408,756,446509318337116.06,446509318309592.6,252,0,0,252,0,0,0,0,43617.02127659585,43617.021276595835,0.962457337883959,0.9463087248322147,0.9791666666666666
POST-HOC DEVELOPMENT DIAGNOSTIC,NOT FINAL EFFICACY,NOT PARAMETER SELECTION,NO METHOD CHANGE AUTHORIZED,residual-floor-0.001,primary,re2tt_ts-travel-service_disk_1,ts-travel-service,disk,27afdc4e5ac07b32,G,MT,10.0,0.01,0.001,5,24,12,1,18,9,212,186,26,0,4,2,2,0,24.0,24,24,3.5,2,0,206,4,22248,432,,,252,0,0,252,0,0,0,0,43617.02127659585,43617.021276595835,0.962457337883959,0.9463087248322147,0.9791666666666666
POST-HOC DEVELOPMENT DIAGNOSTIC,NOT FINAL EFFICACY,NOT PARAMETER SELECTION,NO METHOD CHANGE AUTHORIZED,residual-floor-0.001,primary,re2tt_ts-travel-service_disk_1,ts-travel-service,disk,27afdc4e5ac07b32,L,MT,10.0,0.01,0.001,5,24,12,1,18,9,212,186,26,0,4,2,2,0,24.0,24,24,3.5,2,0,206,4,22248,432,,,252,0,0,252,0,0,0,0,1661155233359036.5,1588908264089758.8,0.0,0.0,0.0
POST-HOC DEVELOPMENT DIAGNOSTIC,NOT FINAL EFFICACY,NOT PARAMETER SELECTION,NO METHOD CHANGE AUTHORIZED,residual-floor-0.001,primary,re2tt_ts-travel-service_disk_1,ts-travel-service,disk,27afdc4e5ac07b32,ALL,MT,10.0,0.01,0.001,5,24,12,1,18,9,212,186,26,0,4,2,2,0,24.0,24,24,3.5,2,0,206,4,22248,432,,,252,0,0,252,0,0,0,0,43617.02127659585,43617.021276595835,0.962457337883959,0.9463087248322147,0.9791666666666666
POST-HOC DEVELOPMENT DIAGNOSTIC,NOT FINAL EFFICACY,NOT PARAMETER SELECTION,NO METHOD CHANGE AUTHORIZED,residual-floor-0.001,primary,re2tt_ts-travel-service_disk_2,ts-travel-service,disk,757b880ecadc87f4,G,MTL,10.0,0.01,0.001,5,24,12,1,18,9,183,149,20,14,11,9,1,1,24.0,24,24,4.0,7,0,183,11,19748,1188,158436240929747.25,158436240898537.1,252,0,0,252,0,0,0,0,43617.02127659585,43617.021276595835,0.0,0.0,0.0
POST-HOC DEVELOPMENT DIAGNOSTIC,NOT FINAL EFFICACY,NOT PARAMETER SELECTION,NO METHOD CHANGE AUTHORIZED,residual-floor-0.001,primary,re2tt_ts-travel-service_disk_2,ts-travel-service,disk,757b880ecadc87f4,L,MTL,10.0,0.01,0.001,5,24,12,1,18,9,183,149,20,14,11,9,1,1,24.0,24,24,4.0,7,0,183,11,19748,1188,158401373147115.66,158401373116121.72,252,0,0,252,0,0,0,0,2255699918077191.5,2216949271969378.0,0.0,0.0,0.0
POST-HOC DEVELOPMENT DIAGNOSTIC,NOT FINAL EFFICACY,NOT PARAMETER SELECTION,NO METHOD CHANGE AUTHORIZED,residual-floor-0.001,primary,re2tt_ts-travel-service_disk_2,ts-travel-service,disk,757b880ecadc87f4,ALL,MTL,10.0,0.01,0.001,5,24,12,1,18,9,183,149,20,14,11,9,1,1,24.0,24,24,4.0,7,0,183,11,19748,1188,158268543011742.72,158268542980691.44,252,0,0,252,0,0,0,0,43617.02127659585,43617.021276595835,0.9823321554770318,1.0,0.9652777777777778
POST-HOC DEVELOPMENT DIAGNOSTIC,NOT FINAL EFFICACY,NOT PARAMETER SELECTION,NO METHOD CHANGE AUTHORIZED,residual-floor-0.001,primary,re2tt_ts-travel-service_disk_2,ts-travel-service,disk,757b880ecadc87f4,G,MT,10.0,0.01,0.001,5,24,12,1,18,9,169,149,20,0,10,9,1,0,24.0,24,24,4.0,7,0,169,10,18236,1080,,,252,0,0,252,0,0,0,0,43617.02127659585,43617.021276595835,0.0,0.0,0.0
POST-HOC DEVELOPMENT DIAGNOSTIC,NOT FINAL EFFICACY,NOT PARAMETER SELECTION,NO METHOD CHANGE AUTHORIZED,residual-floor-0.001,primary,re2tt_ts-travel-service_disk_2,ts-travel-service,disk,757b880ecadc87f4,L,MT,10.0,0.01,0.001,5,24,12,1,18,9,169,149,20,0,10,9,1,0,24.0,24,24,4.0,7,0,169,10,18236,1080,,,252,0,0,252,0,0,0,0,1661155233359036.5,1588908264089758.8,0.0,0.0,0.0
POST-HOC DEVELOPMENT DIAGNOSTIC,NOT FINAL EFFICACY,NOT PARAMETER SELECTION,NO METHOD CHANGE AUTHORIZED,residual-floor-0.001,primary,re2tt_ts-travel-service_disk_2,ts-travel-service,disk,757b880ecadc87f4,ALL,MT,10.0,0.01,0.001,5,24,12,1,18,9,169,149,20,0,10,9,1,0,24.0,24,24,4.0,7,0,169,10,18236,1080,,,252,0,0,252,0,0,0,0,43617.02127659585,43617.021276595835,0.9823321554770318,1.0,0.9652777777777778
POST-HOC DEVELOPMENT DIAGNOSTIC,NOT FINAL EFFICACY,NOT PARAMETER SELECTION,NO METHOD CHANGE AUTHORIZED,residual-floor-0.001,primary,re2tt_ts-travel-service_disk_3,ts-travel-service,disk,3b90d794c8506cef,G,MTL,10.0,0.01,0.001,5,24,12,1,18,9,183,149,20,14,9,9,0,0,24.0,24,24,,9,0,183,9,19760,972,19896.71104463753,0.0,252,0,0,252,0,0,0,0,43617.02127659585,43617.021276595835,0.9859154929577465,1.0,0.9722222222222222
POST-HOC DEVELOPMENT DIAGNOSTIC,NOT FINAL EFFICACY,NOT PARAMETER SELECTION,NO METHOD CHANGE AUTHORIZED,residual-floor-0.001,primary,re2tt_ts-travel-service_disk_3,ts-travel-service,disk,3b90d794c8506cef,L,MTL,10.0,0.01,0.001,5,24,12,1,18,9,183,149,20,14,9,9,0,0,24.0,24,24,,9,0,183,9,19760,972,19864.896282160367,0.0,252,0,0,252,0,0,0,0,2255699918077191.5,2216949271969378.0,0.0,0.0,0.0
POST-HOC DEVELOPMENT DIAGNOSTIC,NOT FINAL EFFICACY,NOT PARAMETER SELECTION,NO METHOD CHANGE AUTHORIZED,residual-floor-0.001,primary,re2tt_ts-travel-service_disk_3,ts-travel-service,disk,3b90d794c8506cef,ALL,MTL,10.0,0.01,0.001,5,24,12,1,18,9,183,149,20,14,9,9,0,0,24.0,24,24,,9,0,183,9,19760,972,19887.823517704663,0.0,252,0,0,252,0,0,0,0,43617.02127659585,43617.021276595835,0.9787234042553191,1.0,0.9583333333333334
POST-HOC DEVELOPMENT DIAGNOSTIC,NOT FINAL EFFICACY,NOT PARAMETER SELECTION,NO METHOD CHANGE AUTHORIZED,residual-floor-0.001,primary,re2tt_ts-travel-service_disk_3,ts-travel-service,disk,3b90d794c8506cef,G,MT,10.0,0.01,0.001,5,24,12,1,18,9,169,149,20,0,9,9,0,0,24.0,24,24,,9,0,169,9,18248,972,,,252,0,0,252,0,0,0,0,43617.02127659585,43617.021276595835,0.9859154929577465,1.0,0.9722222222222222
POST-HOC DEVELOPMENT DIAGNOSTIC,NOT FINAL EFFICACY,NOT PARAMETER SELECTION,NO METHOD CHANGE AUTHORIZED,residual-floor-0.001,primary,re2tt_ts-travel-service_disk_3,ts-travel-service,disk,3b90d794c8506cef,L,MT,10.0,0.01,0.001,5,24,12,1,18,9,169,149,20,0,9,9,0,0,24.0,24,24,,9,0,169,9,18248,972,,,252,0,0,252,0,0,0,0,1661155233359036.5,1588908264089758.8,0.0,0.0,0.0
POST-HOC DEVELOPMENT DIAGNOSTIC,NOT FINAL EFFICACY,NOT PARAMETER SELECTION,NO METHOD CHANGE AUTHORIZED,residual-floor-0.001,primary,re2tt_ts-travel-service_disk_3,ts-travel-service,disk,3b90d794c8506cef,ALL,MT,10.0,0.01,0.001,5,24,12,1,18,9,169,149,20,0,9,9,0,0,24.0,24,24,,9,0,169,9,18248,972,,,252,0,0,252,0,0,0,0,43617.02127659585,43617.021276595835,0.9787234042553191,1.0,0.9583333333333334
POST-HOC DEVELOPMENT DIAGNOSTIC,NOT FINAL EFFICACY,NOT PARAMETER SELECTION,NO METHOD CHANGE AUTHORIZED,residual-floor-0.001,primary,re2tt_ts-travel-service_loss_1,ts-travel-service,loss,dd8536efed49ca5a,G,MTL,10.0,0.01,0.001,5,24,12,1,18,9,238,191,27,20,2,2,0,0,24.0,24,24,,2,0,238,2,25630,216,27197.13122040166,0.0,252,0,0,252,0,0,0,0,43617.021276595835,43617.021276595835,0.9619377162629758,0.9586206896551724,0.9652777777777778
POST-HOC DEVELOPMENT DIAGNOSTIC,NOT FINAL EFFICACY,NOT PARAMETER SELECTION,NO METHOD CHANGE AUTHORIZED,residual-floor-0.001,primary,re2tt_ts-travel-service_loss_1,ts-travel-service,loss,dd8536efed49ca5a,L,MTL,10.0,0.01,0.001,5,24,12,1,18,9,238,191,27,20,2,2,0,0,24.0,24,24,,2,0,238,2,25630,216,27296.296927562278,0.0,252,0,0,252,0,0,0,0,2228997154575922.8,2216949271969378.0,0.0,0.0,0.0
POST-HOC DEVELOPMENT DIAGNOSTIC,NOT FINAL EFFICACY,NOT PARAMETER SELECTION,NO METHOD CHANGE AUTHORIZED,residual-floor-0.001,primary,re2tt_ts-travel-service_loss_1,ts-travel-service,loss,dd8536efed49ca5a,ALL,MTL,10.0,0.01,0.001,5,24,12,1,18,9,238,191,27,20,2,2,0,0,24.0,24,24,,2,0,238,2,25630,216,27289.771605986505,0.0,252,0,0,252,0,0,0,0,43617.021276595835,43617.021276595835,0.9619377162629758,0.9586206896551724,0.9652777777777778
POST-HOC DEVELOPMENT DIAGNOSTIC,NOT FINAL EFFICACY,NOT PARAMETER SELECTION,NO METHOD CHANGE AUTHORIZED,residual-floor-0.001,primary,re2tt_ts-travel-service_loss_1,ts-travel-service,loss,dd8536efed49ca5a,G,MT,10.0,0.01,0.001,5,24,12,1,18,9,218,191,27,0,2,2,0,0,24.0,24,24,,2,0,218,2,23470,216,,,252,0,0,252,0,0,0,0,43617.021276595835,43617.021276595835,0.9619377162629758,0.9586206896551724,0.9652777777777778
POST-HOC DEVELOPMENT DIAGNOSTIC,NOT FINAL EFFICACY,NOT PARAMETER SELECTION,NO METHOD CHANGE AUTHORIZED,residual-floor-0.001,primary,re2tt_ts-travel-service_loss_1,ts-travel-service,loss,dd8536efed49ca5a,L,MT,10.0,0.01,0.001,5,24,12,1,18,9,218,191,27,0,2,2,0,0,24.0,24,24,,2,0,218,2,23470,216,,,252,0,0,252,0,0,0,0,1621115710253954.5,1588908264089758.8,0.0,0.0,0.0
POST-HOC DEVELOPMENT DIAGNOSTIC,NOT FINAL EFFICACY,NOT PARAMETER SELECTION,NO METHOD CHANGE AUTHORIZED,residual-floor-0.001,primary,re2tt_ts-travel-service_loss_1,ts-travel-service,loss,dd8536efed49ca5a,ALL,MT,10.0,0.01,0.001,5,24,12,1,18,9,218,191,27,0,2,2,0,0,24.0,24,24,,2,0,218,2,23470,216,,,252,0,0,252,0,0,0,0,43617.021276595835,43617.021276595835,0.9619377162629758,0.9586206896551724,0.9652777777777778
POST-HOC DEVELOPMENT DIAGNOSTIC,NOT FINAL EFFICACY,NOT PARAMETER SELECTION,NO METHOD CHANGE AUTHORIZED,residual-floor-0.001,primary,re2tt_ts-travel-service_loss_2,ts-travel-service,loss,b493b6b9e7b01687,G,MTL,10.0,0.01,0.001,5,24,12,1,18,9,246,199,27,20,12,10,1,1,24.0,24,24,2.0,10,0,244,12,26316,1296,175400801130269.0,175400801098429.44,252,3,0,249,0,3,0,0,43617.021276595835,43617.021276595835,0.9537366548042705,0.9781021897810219,0.9305555555555556
POST-HOC DEVELOPMENT DIAGNOSTIC,NOT FINAL EFFICACY,NOT PARAMETER SELECTION,NO METHOD CHANGE AUTHORIZED,residual-floor-0.001,primary,re2tt_ts-travel-service_loss_2,ts-travel-service,loss,b493b6b9e7b01687,L,MTL,10.0,0.01,0.001,5,24,12,1,18,9,246,199,27,20,12,10,1,1,24.0,24,24,2.0,10,0,244,12,26316,1296,175554582429450.25,175554582397798.75,252,79,0,173,0,3,13,63,2228997154575922.8,2216949271969378.0,0.36893203883495146,0.6129032258064516,0.2638888888888889
POST-HOC DEVELOPMENT DIAGNOSTIC,NOT FINAL EFFICACY,NOT PARAMETER SELECTION,NO METHOD CHANGE AUTHORIZED,residual-floor-0.001,primary,re2tt_ts-travel-service_loss_2,ts-travel-service,loss,b493b6b9e7b01687,ALL,MTL,10.0,0.01,0.001,5,24,12,1,18,9,246,199,27,20,12,10,1,1,24.0,24,24,2.0,10,0,244,12,26316,1296,175194888579874.9,175194888548175.0,252,9,0,243,0,3,6,0,43617.021276595835,43617.021276595835,0.9537366548042705,0.9781021897810219,0.9305555555555556
POST-HOC DEVELOPMENT DIAGNOSTIC,NOT FINAL EFFICACY,NOT PARAMETER SELECTION,NO METHOD CHANGE AUTHORIZED,residual-floor-0.001,primary,re2tt_ts-travel-service_loss_2,ts-travel-service,loss,b493b6b9e7b01687,G,MT,10.0,0.01,0.001,5,24,12,1,18,9,226,199,27,0,11,10,1,0,24.0,24,24,2.0,10,0,224,11,24156,1188,,,252,3,0,249,0,3,0,0,43617.021276595835,43617.021276595835,0.9537366548042705,0.9781021897810219,0.9305555555555556
POST-HOC DEVELOPMENT DIAGNOSTIC,NOT FINAL EFFICACY,NOT PARAMETER SELECTION,NO METHOD CHANGE AUTHORIZED,residual-floor-0.001,primary,re2tt_ts-travel-service_loss_2,ts-travel-service,loss,b493b6b9e7b01687,L,MT,10.0,0.01,0.001,5,24,12,1,18,9,226,199,27,0,11,10,1,0,24.0,24,24,2.0,10,0,224,11,24156,1188,,,252,73,0,179,0,3,70,0,1621115710253954.5,1588908264089758.8,0.3786407766990291,0.6290322580645161,0.2708333333333333
POST-HOC DEVELOPMENT DIAGNOSTIC,NOT FINAL EFFICACY,NOT PARAMETER SELECTION,NO METHOD CHANGE AUTHORIZED,residual-floor-0.001,primary,re2tt_ts-travel-service_loss_2,ts-travel-service,loss,b493b6b9e7b01687,ALL,MT,10.0,0.01,0.001,5,24,12,1,18,9,226,199,27,0,11,10,1,0,24.0,24,24,2.0,10,0,224,11,24156,1188,,,252,9,0,243,0,3,6,0,43617.021276595835,43617.021276595835,0.9537366548042705,0.9781021897810219,0.9305555555555556
POST-HOC DEVELOPMENT DIAGNOSTIC,NOT FINAL EFFICACY,NOT PARAMETER SELECTION,NO METHOD CHANGE AUTHORIZED,residual-floor-0.001,primary,re2tt_ts-travel-service_loss_3,ts-travel-service,loss,7138fe1fe1ddf617,G,MTL,10.0,0.01,0.001,5,24,12,1,18,9,239,192,27,20,3,3,0,0,24.0,24,24,,3,0,239,3,25784,324,23068.52765699975,0.0,252,18,0,234,0,18,0,0,43617.021276595835,43617.021276595835,0.34554973821989526,0.7021276595744681,0.22916666666666666
POST-HOC DEVELOPMENT DIAGNOSTIC,NOT FINAL EFFICACY,NOT PARAMETER SELECTION,NO METHOD CHANGE AUTHORIZED,residual-floor-0.001,primary,re2tt_ts-travel-service_loss_3,ts-travel-service,loss,7138fe1fe1ddf617,L,MTL,10.0,0.01,0.001,5,24,12,1,18,9,239,192,27,20,3,3,0,0,24.0,24,24,,3,0,239,3,25784,324,23157.097809497413,0.0,252,18,0,234,0,18,0,0,2228997154575922.8,2216949271969378.0,0.0,0.0,0.0
POST-HOC DEVELOPMENT DIAGNOSTIC,NOT FINAL EFFICACY,NOT PARAMETER SELECTION,NO METHOD CHANGE AUTHORIZED,residual-floor-0.001,primary,re2tt_ts-travel-service_loss_3,ts-travel-service,loss,7138fe1fe1ddf617,ALL,MTL,10.0,0.01,0.001,5,24,12,1,18,9,239,192,27,20,3,3,0,0,24.0,24,24,,3,0,239,3,25784,324,23135.17476795256,0.0,252,18,0,234,0,18,0,0,43617.021276595835,43617.021276595835,0.34554973821989526,0.7021276595744681,0.22916666666666666
POST-HOC DEVELOPMENT DIAGNOSTIC,NOT FINAL EFFICACY,NOT PARAMETER SELECTION,NO METHOD CHANGE AUTHORIZED,residual-floor-0.001,primary,re2tt_ts-travel-service_loss_3,ts-travel-service,loss,7138fe1fe1ddf617,G,MT,10.0,0.01,0.001,5,24,12,1,18,9,219,192,27,0,3,3,0,0,24.0,24,24,,3,0,219,3,23624,324,,,252,18,0,234,0,18,0,0,43617.021276595835,43617.021276595835,0.34554973821989526,0.7021276595744681,0.22916666666666666
POST-HOC DEVELOPMENT DIAGNOSTIC,NOT FINAL EFFICACY,NOT PARAMETER SELECTION,NO METHOD CHANGE AUTHORIZED,residual-floor-0.001,primary,re2tt_ts-travel-service_loss_3,ts-travel-service,loss,7138fe1fe1ddf617,L,MT,10.0,0.01,0.001,5,24,12,1,18,9,219,192,27,0,3,3,0,0,24.0,24,24,,3,0,219,3,23624,324,,,252,18,0,234,0,18,0,0,1621115710253954.5,1588908264089758.8,0.0,0.0,0.0
POST-HOC DEVELOPMENT DIAGNOSTIC,NOT FINAL EFFICACY,NOT PARAMETER SELECTION,NO METHOD CHANGE AUTHORIZED,residual-floor-0.001,primary,re2tt_ts-travel-service_loss_3,ts-travel-service,loss,7138fe1fe1ddf617,ALL,MT,10.0,0.01,0.001,5,24,12,1,18,9,219,192,27,0,3,3,0,0,24.0,24,24,,3,0,219,3,23624,324,,,252,18,0,234,0,18,0,0,43617.021276595835,43617.021276595835,0.34554973821989526,0.7021276595744681,0.22916666666666666
POST-HOC DEVELOPMENT DIAGNOSTIC,NOT FINAL EFFICACY,NOT PARAMETER SELECTION,NO METHOD CHANGE AUTHORIZED,residual-floor-0.1,primary,re2tt_ts-auth-service_cpu_1,ts-auth-service,cpu,96538c0c0d6a11d8,G,MTL,10.0,0.01,0.1,5,24,12,1,18,9,229,202,27,0,13,13,0,0,24.0,24,24,,13,0,229,13,24684,1404,20369.62716974115,0.0,252,3,0,249,0,3,0,0,821.0188097912422,824.5614035087717,0.14193548387096774,1.0,0.0763888888888889
POST-HOC DEVELOPMENT DIAGNOSTIC,NOT FINAL EFFICACY,NOT PARAMETER SELECTION,NO METHOD CHANGE AUTHORIZED,residual-floor-0.1,primary,re2tt_ts-auth-service_cpu_1,ts-auth-service,cpu,96538c0c0d6a11d8,L,MTL,10.0,0.01,0.1,5,24,12,1,18,9,229,202,27,0,13,13,0,0,24.0,24,24,,13,0,229,13,24684,1404,20449.953558645397,0.0,252,3,0,249,0,3,0,0,22169492719693.777,22169492719693.777,0.0,0.0,0.0
POST-HOC DEVELOPMENT DIAGNOSTIC,NOT FINAL EFFICACY,NOT PARAMETER SELECTION,NO METHOD CHANGE AUTHORIZED,residual-floor-0.1,primary,re2tt_ts-auth-service_cpu_1,ts-auth-service,cpu,96538c0c0d6a11d8,ALL,MTL,10.0,0.01,0.1,5,24,12,1,18,9,229,202,27,0,13,13,0,0,24.0,24,24,,13,0,229,13,24684,1404,20426.187958373386,0.0,252,3,0,249,0,3,0,0,662.0942274671938,702.1276595744681,0.14193548387096774,1.0,0.0763888888888889
POST-HOC DEVELOPMENT DIAGNOSTIC,NOT FINAL EFFICACY,NOT PARAMETER SELECTION,NO METHOD CHANGE AUTHORIZED,residual-floor-0.1,primary,re2tt_ts-auth-service_cpu_1,ts-auth-service,cpu,96538c0c0d6a11d8,G,MT,10.0,0.01,0.1,5,24,12,1,18,9,229,202,27,0,13,13,0,0,24.0,24,24,,13,0,229,13,24684,1404,,,252,3,0,249,0,3,0,0,755.3191489361706,755.3191489361706,0.14193548387096774,1.0,0.0763888888888889
POST-HOC DEVELOPMENT DIAGNOSTIC,NOT FINAL EFFICACY,NOT PARAMETER SELECTION,NO METHOD CHANGE AUTHORIZED,residual-floor-0.1,primary,re2tt_ts-auth-service_cpu_1,ts-auth-service,cpu,96538c0c0d6a11d8,L,MT,10.0,0.01,0.1,5,24,12,1,18,9,229,202,27,0,13,13,0,0,24.0,24,24,,13,0,229,13,24684,1404,,,252,3,0,249,0,3,0,0,15337235076214.756,15889082640897.588,0.0,0.0,0.0
POST-HOC DEVELOPMENT DIAGNOSTIC,NOT FINAL EFFICACY,NOT PARAMETER SELECTION,NO METHOD CHANGE AUTHORIZED,residual-floor-0.1,primary,re2tt_ts-auth-service_cpu_1,ts-auth-service,cpu,96538c0c0d6a11d8,ALL,MT,10.0,0.01,0.1,5,24,12,1,18,9,229,202,27,0,13,13,0,0,24.0,24,24,,13,0,229,13,24684,1404,,,252,3,0,249,0,3,0,0,612.9111810978462,612.5270592764368,0.14193548387096774,1.0,0.0763888888888889
POST-HOC DEVELOPMENT DIAGNOSTIC,NOT FINAL EFFICACY,NOT PARAMETER SELECTION,NO METHOD CHANGE AUTHORIZED,residual-floor-0.1,primary,re2tt_ts-auth-service_cpu_2,ts-auth-service,cpu,63f914383963739b,G,MTL,10.0,0.01,0.1,5,24,12,1,18,9,241,194,27,20,7,5,1,1,24.0,24,24,4.5,5,0,241,7,25908,756,176311239586453.03,176311239562164.03,252,52,0,200,0,0,3,49,821.0188097912422,824.5614035087717,0.4700854700854701,0.6111111111111112,0.3819444444444444
POST-HOC DEVELOPMENT DIAGNOSTIC,NOT FINAL EFFICACY,NOT PARAMETER SELECTION,NO METHOD CHANGE AUTHORIZED,residual-floor-0.1,primary,re2tt_ts-auth-service_cpu_2,ts-auth-service,cpu,63f914383963739b,L,MTL,10.0,0.01,0.1,5,24,12,1,18,9,241,194,27,20,7,5,1,1,24.0,24,24,4.5,5,0,241,7,25908,756,176293600207676.44,176293600183431.78,252,89,0,163,0,0,9,80,22169492719693.777,22169492719693.777,0.20809248554913296,0.6206896551724138,0.125
POST-HOC DEVELOPMENT DIAGNOSTIC,NOT FINAL EFFICACY,NOT PARAMETER SELECTION,NO METHOD CHANGE AUTHORIZED,residual-floor-0.1,primary,re2tt_ts-auth-service_cpu_2,ts-auth-service,cpu,63f914383963739b,ALL,MTL,10.0,0.01,0.1,5,24,12,1,18,9,241,194,27,20,7,5,1,1,24.0,24,24,4.5,5,0,241,7,25908,756,176373312913266.16,176373312888848.03,252,52,0,200,0,0,2,50,662.0942274671938,702.1276595744681,0.53125,0.6071428571428571,0.4722222222222222
POST-HOC DEVELOPMENT DIAGNOSTIC,NOT FINAL EFFICACY,NOT PARAMETER SELECTION,NO METHOD CHANGE AUTHORIZED,residual-floor-0.1,primary,re2tt_ts-auth-service_cpu_2,ts-auth-service,cpu,63f914383963739b,G,MT,10.0,0.01,0.1,5,24,12,1,18,9,221,194,27,0,6,5,1,0,24.0,24,24,4.0,5,0,221,6,23748,648,,,252,39,0,213,0,0,39,0,755.3191489361706,755.3191489361706,0.47368421052631576,0.6428571428571429,0.375
POST-HOC DEVELOPMENT DIAGNOSTIC,NOT FINAL EFFICACY,NOT PARAMETER SELECTION,NO METHOD CHANGE AUTHORIZED,residual-floor-0.1,primary,re2tt_ts-auth-service_cpu_2,ts-auth-service,cpu,63f914383963739b,L,MT,10.0,0.01,0.1,5,24,12,1,18,9,221,194,27,0,6,5,1,0,24.0,24,24,4.0,5,0,221,6,23748,648,,,252,49,0,203,0,0,49,0,15337235076214.756,15889082640897.588,0.2702702702702703,0.6097560975609756,0.1736111111111111
POST-HOC DEVELOPMENT DIAGNOSTIC,NOT FINAL EFFICACY,NOT PARAMETER SELECTION,NO METHOD CHANGE AUTHORIZED,residual-floor-0.1,primary,re2tt_ts-auth-service_cpu_2,ts-auth-service,cpu,63f914383963739b,ALL,MT,10.0,0.01,0.1,5,24,12,1,18,9,221,194,27,0,6,5,1,0,24.0,24,24,4.0,5,0,221,6,23748,648,,,252,30,0,222,0,0,30,0,612.9111810978462,612.5270592764368,0.4474885844748858,0.6533333333333333,0.3402777777777778
POST-HOC DEVELOPMENT DIAGNOSTIC,NOT FINAL EFFICACY,NOT PARAMETER SELECTION,NO METHOD CHANGE AUTHORIZED,residual-floor-0.1,primary,re2tt_ts-auth-service_cpu_3,ts-auth-service,cpu,45e43770afa33cef,G,MTL,10.0,0.01,0.1,5,24,12,1,18,9,247,200,27,20,18,11,4,3,24.0,24,24,5.0,11,0,247,18,26600,1944,628817188013051.8,628817187989269.8,252,79,0,173,0,0,7,72,821.0188097912422,824.5614035087717,0.0,0.0,0.0
POST-HOC DEVELOPMENT DIAGNOSTIC,NOT FINAL EFFICACY,NOT PARAMETER SELECTION,NO METHOD CHANGE AUTHORIZED,residual-floor-0.1,primary,re2tt_ts-auth-service_cpu_3,ts-auth-service,cpu,45e43770afa33cef,L,MTL,10.0,0.01,0.1,5,24,12,1,18,9,247,200,27,20,18,11,4,3,24.0,24,24,5.0,11,0,247,18,26600,1944,631819036304537.4,631819036280711.6,252,79,0,173,0,0,9,70,22169492719693.777,22169492719693.777,0.4056603773584906,0.6323529411764706,0.2986111111111111
POST-HOC DEVELOPMENT DIAGNOSTIC,NOT FINAL EFFICACY,NOT PARAMETER SELECTION,NO METHOD CHANGE AUTHORIZED,residual-floor-0.1,primary,re2tt_ts-auth-service_cpu_3,ts-auth-service,cpu,45e43770afa33cef,ALL,MTL,10.0,0.01,0.1,5,24,12,1,18,9,247,200,27,20,18,11,4,3,24.0,24,24,5.0,11,0,247,18,26600,1944,646771843120684.1,646771843096785.5,252,0,0,252,0,0,0,0,662.0942274671938,702.1276595744681,0.0,0.0,0.0
POST-HOC DEVELOPMENT DIAGNOSTIC,NOT FINAL EFFICACY,NOT PARAMETER SELECTION,NO METHOD CHANGE AUTHORIZED,residual-floor-0.1,primary,re2tt_ts-auth-service_cpu_3,ts-auth-service,cpu,45e43770afa33cef,G,MT,10.0,0.01,0.1,5,24,12,1,18,9,227,200,27,0,15,11,4,0,24.0,24,24,4.0,11,0,227,15,24440,1620,,,252,71,0,181,0,0,71,0,755.3191489361706,755.3191489361706,0.0,0.0,0.0
POST-HOC DEVELOPMENT DIAGNOSTIC,NOT FINAL EFFICACY,NOT PARAMETER SELECTION,NO METHOD CHANGE AUTHORIZED,residual-floor-0.1,primary,re2tt_ts-auth-service_cpu_3,ts-auth-service,cpu,45e43770afa33cef,L,MT,10.0,0.01,0.1,5,24,12,1,18,9,227,200,27,0,15,11,4,0,24.0,24,24,4.0,11,0,227,15,24440,1620,,,252,73,0,179,0,0,73,0,15337235076214.756,15889082640897.588,0.3981042654028436,0.6268656716417911,0.2916666666666667
POST-HOC DEVELOPMENT DIAGNOSTIC,NOT FINAL EFFICACY,NOT PARAMETER SELECTION,NO METHOD CHANGE AUTHORIZED,residual-floor-0.1,primary,re2tt_ts-auth-service_cpu_3,ts-auth-service,cpu,45e43770afa33cef,ALL,MT,10.0,0.01,0.1,5,24,12,1,18,9,227,200,27,0,15,11,4,0,24.0,24,24,4.0,11,0,227,15,24440,1620,,,252,0,0,252,0,0,0,0,612.9111810978462,612.5270592764368,0.0,0.0,0.0
POST-HOC DEVELOPMENT DIAGNOSTIC,NOT FINAL EFFICACY,NOT PARAMETER SELECTION,NO METHOD CHANGE AUTHORIZED,residual-floor-0.1,primary,re2tt_ts-auth-service_delay_1,ts-auth-service,delay,87443a2d6d14434c,G,MTL,10.0,0.01,0.1,5,24,12,1,18,9,252,204,27,21,18,15,2,1,24.0,1,24,5.0,13,1,251,17,27048,1836,192842515517304.3,192842515493492.25,252,5,0,247,0,5,0,0,894.7368421052632,824.5614035087717,0.06711409395973154,1.0,0.034722222222222224
POST-HOC DEVELOPMENT DIAGNOSTIC,NOT FINAL EFFICACY,NOT PARAMETER SELECTION,NO METHOD CHANGE AUTHORIZED,residual-floor-0.1,primary,re2tt_ts-auth-service_delay_1,ts-auth-service,delay,87443a2d6d14434c,L,MTL,10.0,0.01,0.1,5,24,12,1,18,9,252,204,27,21,18,15,2,1,24.0,1,24,5.0,13,1,251,17,27048,1836,192842294530408.28,192842294507231.94,252,5,0,247,0,5,0,0,22289971545759.227,22169492719693.777,0.0,0.0,0.0
POST-HOC DEVELOPMENT DIAGNOSTIC,NOT FINAL EFFICACY,NOT PARAMETER SELECTION,NO METHOD CHANGE AUTHORIZED,residual-floor-0.1,primary,re2tt_ts-auth-service_delay_1,ts-auth-service,delay,87443a2d6d14434c,ALL,MTL,10.0,0.01,0.1,5,24,12,1,18,9,252,204,27,21,18,15,2,1,24.0,1,24,5.0,13,1,251,17,27048,1836,192537920554756.38,192537920531532.75,252,6,0,246,0,6,0,0,702.1276595744681,702.1276595744681,0.08,1.0,0.041666666666666664
POST-HOC DEVELOPMENT DIAGNOSTIC,NOT FINAL EFFICACY,NOT PARAMETER SELECTION,NO METHOD CHANGE AUTHORIZED,residual-floor-0.1,primary,re2tt_ts-auth-service_delay_1,ts-auth-service,delay,87443a2d6d14434c,G,MT,10.0,0.01,0.1,5,24,12,1,18,9,231,204,27,0,17,15,2,0,24.0,1,24,5.0,13,1,230,16,24780,1728,,,252,5,0,247,0,5,0,0,781.9148936170218,755.3191489361706,0.06711409395973154,1.0,0.034722222222222224
POST-HOC DEVELOPMENT DIAGNOSTIC,NOT FINAL EFFICACY,NOT PARAMETER SELECTION,NO METHOD CHANGE AUTHORIZED,residual-floor-0.1,primary,re2tt_ts-auth-service_delay_1,ts-auth-service,delay,87443a2d6d14434c,L,MT,10.0,0.01,0.1,5,24,12,1,18,9,231,204,27,0,17,15,2,0,24.0,1,24,5.0,13,1,230,16,24780,1728,,,252,5,0,247,0,5,0,0,16211157102539.545,15889082640897.588,0.0,0.0,0.0
POST-HOC DEVELOPMENT DIAGNOSTIC,NOT FINAL EFFICACY,NOT PARAMETER SELECTION,NO METHOD CHANGE AUTHORIZED,residual-floor-0.1,primary,re2tt_ts-auth-service_delay_1,ts-auth-service,delay,87443a2d6d14434c,ALL,MT,10.0,0.01,0.1,5,24,12,1,18,9,231,204,27,0,17,15,2,0,24.0,1,24,5.0,13,1,230,16,24780,1728,,,252,6,0,246,0,6,0,0,609.8138047248907,612.5270592764368,0.08,1.0,0.041666666666666664
POST-HOC DEVELOPMENT DIAGNOSTIC,NOT FINAL EFFICACY,NOT PARAMETER SELECTION,NO METHOD CHANGE AUTHORIZED,residual-floor-0.1,primary,re2tt_ts-auth-service_delay_2,ts-auth-service,delay,24851f5149e4321a,G,MTL,10.0,0.01,0.1,5,24,12,1,18,9,238,191,27,20,5,2,2,1,24.0,24,24,4.0,2,0,226,5,24408,540,233412954923543.34,233412954880926.62,252,0,0,252,0,0,0,0,894.7368421052632,824.5614035087717,0.0,0.0,0.0
POST-HOC DEVELOPMENT DIAGNOSTIC,NOT FINAL EFFICACY,NOT PARAMETER SELECTION,NO METHOD CHANGE AUTHORIZED,residual-floor-0.1,primary,re2tt_ts-auth-service_delay_2,ts-auth-service,delay,24851f5149e4321a,L,MTL,10.0,0.01,0.1,5,24,12,1,18,9,238,191,27,20,5,2,2,1,24.0,24,24,4.0,2,0,226,5,24408,540,233565835089503.3,233565835046237.9,252,0,0,252,0,0,0,0,22289971545759.227,22169492719693.777,0.0,0.0,0.0
POST-HOC DEVELOPMENT DIAGNOSTIC,NOT FINAL EFFICACY,NOT PARAMETER SELECTION,NO METHOD CHANGE AUTHORIZED,residual-floor-0.1,primary,re2tt_ts-auth-service_delay_2,ts-auth-service,delay,24851f5149e4321a,ALL,MTL,10.0,0.01,0.1,5,24,12,1,18,9,238,191,27,20,5,2,2,1,24.0,24,24,4.0,2,0,226,5,24408,540,237153634455476.56,237153634413144.0,252,0,0,252,0,0,0,0,702.1276595744681,702.1276595744681,0.11538461538461539,0.75,0.0625
POST-HOC DEVELOPMENT DIAGNOSTIC,NOT FINAL EFFICACY,NOT PARAMETER SELECTION,NO METHOD CHANGE AUTHORIZED,residual-floor-0.1,primary,re2tt_ts-auth-service_delay_2,ts-auth-service,delay,24851f5149e4321a,G,MT,10.0,0.01,0.1,5,24,12,1,18,9,218,191,27,0,4,2,2,0,24.0,24,24,3.5,2,0,206,4,22248,432,,,252,0,0,252,0,0,0,0,781.9148936170218,755.3191489361706,0.013793103448275862,1.0,0.006944444444444444
POST-HOC DEVELOPMENT DIAGNOSTIC,NOT FINAL EFFICACY,NOT PARAMETER SELECTION,NO METHOD CHANGE AUTHORIZED,residual-floor-0.1,primary,re2tt_ts-auth-service_delay_2,ts-auth-service,delay,24851f5149e4321a,L,MT,10.0,0.01,0.1,5,24,12,1,18,9,218,191,27,0,4,2,2,0,24.0,24,24,3.5,2,0,206,4,22248,432,,,252,0,0,252,0,0,0,0,16211157102539.545,15889082640897.588,0.0,0.0,0.0
POST-HOC DEVELOPMENT DIAGNOSTIC,NOT FINAL EFFICACY,NOT PARAMETER SELECTION,NO METHOD CHANGE AUTHORIZED,residual-floor-0.1,primary,re2tt_ts-auth-service_delay_2,ts-auth-service,delay,24851f5149e4321a,ALL,MT,10.0,0.01,0.1,5,24,12,1,18,9,218,191,27,0,4,2,2,0,24.0,24,24,3.5,2,0,206,4,22248,432,,,252,0,0,252,0,0,0,0,609.8138047248907,612.5270592764368,0.11392405063291139,0.6428571428571429,0.0625
POST-HOC DEVELOPMENT DIAGNOSTIC,NOT FINAL EFFICACY,NOT PARAMETER SELECTION,NO METHOD CHANGE AUTHORIZED,residual-floor-0.1,primary,re2tt_ts-auth-service_delay_3,ts-auth-service,delay,549b2f655fc55fd1,G,MTL,10.0,0.01,0.1,5,24,12,1,18,9,239,192,27,20,4,3,1,0,24.0,24,24,3.0,3,0,239,4,25744,432,69082252239888.15,69082252210464.86,252,0,0,252,0,0,0,0,894.7368421052632,824.5614035087717,0.0,0.0,0.0
POST-HOC DEVELOPMENT DIAGNOSTIC,NOT FINAL EFFICACY,NOT PARAMETER SELECTION,NO METHOD CHANGE AUTHORIZED,residual-floor-0.1,primary,re2tt_ts-auth-service_delay_3,ts-auth-service,delay,549b2f655fc55fd1,L,MTL,10.0,0.01,0.1,5,24,12,1,18,9,239,192,27,20,4,3,1,0,24.0,24,24,3.0,3,0,239,4,25744,432,69083557208970.875,69083557178873.484,252,0,0,252,0,0,0,0,22289971545759.227,22169492719693.777,0.0,0.0,0.0
POST-HOC DEVELOPMENT DIAGNOSTIC,NOT FINAL EFFICACY,NOT PARAMETER SELECTION,NO METHOD CHANGE AUTHORIZED,residual-floor-0.1,primary,re2tt_ts-auth-service_delay_3,ts-auth-service,delay,549b2f655fc55fd1,ALL,MTL,10.0,0.01,0.1,5,24,12,1,18,9,239,192,27,20,4,3,1,0,24.0,24,24,3.0,3,0,239,4,25744,432,69080531935442.63,69080531905971.69,252,0,0,252,0,0,0,0,702.1276595744681,702.1276595744681,0.0,0.0,0.0
POST-HOC DEVELOPMENT DIAGNOSTIC,NOT FINAL EFFICACY,NOT PARAMETER SELECTION,NO METHOD CHANGE AUTHORIZED,residual-floor-0.1,primary,re2tt_ts-auth-service_delay_3,ts-auth-service,delay,549b2f655fc55fd1,G,MT,10.0,0.01,0.1,5,24,12,1,18,9,219,192,27,0,4,3,1,0,24.0,24,24,3.0,3,0,219,4,23584,432,,,252,0,0,252,0,0,0,0,781.9148936170218,755.3191489361706,0.0,0.0,0.0
POST-HOC DEVELOPMENT DIAGNOSTIC,NOT FINAL EFFICACY,NOT PARAMETER SELECTION,NO METHOD CHANGE AUTHORIZED,residual-floor-0.1,primary,re2tt_ts-auth-service_delay_3,ts-auth-service,delay,549b2f655fc55fd1,L,MT,10.0,0.01,0.1,5,24,12,1,18,9,219,192,27,0,4,3,1,0,24.0,24,24,3.0,3,0,219,4,23584,432,,,252,0,0,252,0,0,0,0,16211157102539.545,15889082640897.588,0.0,0.0,0.0
POST-HOC DEVELOPMENT DIAGNOSTIC,NOT FINAL EFFICACY,NOT PARAMETER SELECTION,NO METHOD CHANGE AUTHORIZED,residual-floor-0.1,primary,re2tt_ts-auth-service_delay_3,ts-auth-service,delay,549b2f655fc55fd1,ALL,MT,10.0,0.01,0.1,5,24,12,1,18,9,219,192,27,0,4,3,1,0,24.0,24,24,3.0,3,0,219,4,23584,432,,,252,0,0,252,0,0,0,0,609.8138047248907,612.5270592764368,0.0,0.0,0.0
POST-HOC DEVELOPMENT DIAGNOSTIC,NOT FINAL EFFICACY,NOT PARAMETER SELECTION,NO METHOD CHANGE AUTHORIZED,residual-floor-0.1,primary,re2tt_ts-order-service_disk_1,ts-order-service,disk,4bdb62f38b122bbc,G,MTL,10.0,0.01,0.1,5,24,12,1,18,9,250,203,27,20,17,11,4,2,24.0,24,24,3.5,11,0,236,17,25476,1836,607107323059644.4,607107323038023.5,252,0,0,252,0,0,0,0,821.0188097912422,824.5614035087717,0.9787234042553191,1.0,0.9583333333333334
POST-HOC DEVELOPMENT DIAGNOSTIC,NOT FINAL EFFICACY,NOT PARAMETER SELECTION,NO METHOD CHANGE AUTHORIZED,residual-floor-0.1,primary,re2tt_ts-order-service_disk_1,ts-order-service,disk,4bdb62f38b122bbc,L,MTL,10.0,0.01,0.1,5,24,12,1,18,9,250,203,27,20,17,11,4,2,24.0,24,24,3.5,11,0,236,17,25476,1836,588901387391667.2,588901387370225.8,252,0,0,252,0,0,0,0,22169492719693.777,22169492719693.777,0.0,0.0,0.0
POST-HOC DEVELOPMENT DIAGNOSTIC,NOT FINAL EFFICACY,NOT PARAMETER SELECTION,NO METHOD CHANGE AUTHORIZED,residual-floor-0.1,primary,re2tt_ts-order-service_disk_1,ts-order-service,disk,4bdb62f38b122bbc,ALL,MTL,10.0,0.01,0.1,5,24,12,1,18,9,250,203,27,20,17,11,4,2,24.0,24,24,3.5,11,0,236,17,25476,1836,642506380449581.6,642506380427987.0,252,0,0,252,0,0,0,0,662.0942274671938,702.1276595744681,0.9787234042553191,1.0,0.9583333333333334
POST-HOC DEVELOPMENT DIAGNOSTIC,NOT FINAL EFFICACY,NOT PARAMETER SELECTION,NO METHOD CHANGE AUTHORIZED,residual-floor-0.1,primary,re2tt_ts-order-service_disk_1,ts-order-service,disk,4bdb62f38b122bbc,G,MT,10.0,0.01,0.1,5,24,12,1,18,9,230,203,27,0,15,11,4,0,24.0,24,24,3.5,11,0,216,15,23316,1620,,,252,0,0,252,0,0,0,0,755.3191489361706,755.3191489361706,0.9787234042553191,1.0,0.9583333333333334
POST-HOC DEVELOPMENT DIAGNOSTIC,NOT FINAL EFFICACY,NOT PARAMETER SELECTION,NO METHOD CHANGE AUTHORIZED,residual-floor-0.1,primary,re2tt_ts-order-service_disk_1,ts-order-service,disk,4bdb62f38b122bbc,L,MT,10.0,0.01,0.1,5,24,12,1,18,9,230,203,27,0,15,11,4,0,24.0,24,24,3.5,11,0,216,15,23316,1620,,,252,0,0,252,0,0,0,0,15337235076214.756,15889082640897.588,0.0,0.0,0.0
POST-HOC DEVELOPMENT DIAGNOSTIC,NOT FINAL EFFICACY,NOT PARAMETER SELECTION,NO METHOD CHANGE AUTHORIZED,residual-floor-0.1,primary,re2tt_ts-order-service_disk_1,ts-order-service,disk,4bdb62f38b122bbc,ALL,MT,10.0,0.01,0.1,5,24,12,1,18,9,230,203,27,0,15,11,4,0,24.0,24,24,3.5,11,0,216,15,23316,1620,,,252,0,0,252,0,0,0,0,612.9111810978462,612.5270592764368,0.9859154929577465,1.0,0.9722222222222222
POST-HOC DEVELOPMENT DIAGNOSTIC,NOT FINAL EFFICACY,NOT PARAMETER SELECTION,NO METHOD CHANGE AUTHORIZED,residual-floor-0.1,primary,re2tt_ts-order-service_disk_2,ts-order-service,disk,b0a2dcc878eeefa3,G,MTL,10.0,0.01,0.1,5,24,12,1,18,9,176,142,20,14,2,2,0,0,24.0,24,24,,2,0,176,2,19008,216,27409.005343617257,0.0,252,0,0,252,0,0,0,0,821.0188097912422,824.5614035087717,0.9859154929577465,1.0,0.9722222222222222
POST-HOC DEVELOPMENT DIAGNOSTIC,NOT FINAL EFFICACY,NOT PARAMETER SELECTION,NO METHOD CHANGE AUTHORIZED,residual-floor-0.1,primary,re2tt_ts-order-service_disk_2,ts-order-service,disk,b0a2dcc878eeefa3,L,MTL,10.0,0.01,0.1,5,24,12,1,18,9,176,142,20,14,2,2,0,0,24.0,24,24,,2,0,176,2,19008,216,27354.87027447805,0.0,252,0,0,252,0,0,0,0,22169492719693.777,22169492719693.777,0.0,0.0,0.0
POST-HOC DEVELOPMENT DIAGNOSTIC,NOT FINAL EFFICACY,NOT PARAMETER SELECTION,NO METHOD CHANGE AUTHORIZED,residual-floor-0.1,primary,re2tt_ts-order-service_disk_2,ts-order-service,disk,b0a2dcc878eeefa3,ALL,MTL,10.0,0.01,0.1,5,24,12,1,18,9,176,142,20,14,2,2,0,0,24.0,24,24,,2,0,176,2,19008,216,27324.779126746052,0.0,252,0,0,252,0,0,0,0,662.0942274671938,702.1276595744681,0.9859154929577465,1.0,0.9722222222222222
POST-HOC DEVELOPMENT DIAGNOSTIC,NOT FINAL EFFICACY,NOT PARAMETER SELECTION,NO METHOD CHANGE AUTHORIZED,residual-floor-0.1,primary,re2tt_ts-order-service_disk_2,ts-order-service,disk,b0a2dcc878eeefa3,G,MT,10.0,0.01,0.1,5,24,12,1,18,9,162,142,20,0,2,2,0,0,24.0,24,24,,2,0,162,2,17496,216,,,252,0,0,252,0,0,0,0,755.3191489361706,755.3191489361706,0.9859154929577465,1.0,0.9722222222222222
POST-HOC DEVELOPMENT DIAGNOSTIC,NOT FINAL EFFICACY,NOT PARAMETER SELECTION,NO METHOD CHANGE AUTHORIZED,residual-floor-0.1,primary,re2tt_ts-order-service_disk_2,ts-order-service,disk,b0a2dcc878eeefa3,L,MT,10.0,0.01,0.1,5,24,12,1,18,9,162,142,20,0,2,2,0,0,24.0,24,24,,2,0,162,2,17496,216,,,252,0,0,252,0,0,0,0,15337235076214.756,15889082640897.588,0.0,0.0,0.0
POST-HOC DEVELOPMENT DIAGNOSTIC,NOT FINAL EFFICACY,NOT PARAMETER SELECTION,NO METHOD CHANGE AUTHORIZED,residual-floor-0.1,primary,re2tt_ts-order-service_disk_2,ts-order-service,disk,b0a2dcc878eeefa3,ALL,MT,10.0,0.01,0.1,5,24,12,1,18,9,162,142,20,0,2,2,0,0,24.0,24,24,,2,0,162,2,17496,216,,,252,0,0,252,0,0,0,0,612.9111810978462,612.5270592764368,0.9859154929577465,1.0,0.9722222222222222
POST-HOC DEVELOPMENT DIAGNOSTIC,NOT FINAL EFFICACY,NOT PARAMETER SELECTION,NO METHOD CHANGE AUTHORIZED,residual-floor-0.1,primary,re2tt_ts-order-service_disk_3,ts-order-service,disk,9b847bd8f23c07af,G,MTL,10.0,0.01,0.1,5,24,12,1,18,9,176,142,20,14,2,2,0,0,24.0,24,24,,2,0,176,2,18996,216,21243.838492495717,0.0,252,0,0,252,0,0,0,0,821.0188097912422,824.5614035087717,0.9859154929577465,1.0,0.9722222222222222
POST-HOC DEVELOPMENT DIAGNOSTIC,NOT FINAL EFFICACY,NOT PARAMETER SELECTION,NO METHOD CHANGE AUTHORIZED,residual-floor-0.1,primary,re2tt_ts-order-service_disk_3,ts-order-service,disk,9b847bd8f23c07af,L,MTL,10.0,0.01,0.1,5,24,12,1,18,9,176,142,20,14,2,2,0,0,24.0,24,24,,2,0,176,2,18996,216,21316.93580028418,0.0,252,0,0,252,0,0,0,0,22169492719693.777,22169492719693.777,0.0,0.0,0.0
POST-HOC DEVELOPMENT DIAGNOSTIC,NOT FINAL EFFICACY,NOT PARAMETER SELECTION,NO METHOD CHANGE AUTHORIZED,residual-floor-0.1,primary,re2tt_ts-order-service_disk_3,ts-order-service,disk,9b847bd8f23c07af,ALL,MTL,10.0,0.01,0.1,5,24,12,1,18,9,176,142,20,14,2,2,0,0,24.0,24,24,,2,0,176,2,18996,216,21325.168251795913,0.0,252,0,0,252,0,0,0,0,662.0942274671938,702.1276595744681,0.9655172413793104,0.958904109589041,0.9722222222222222
POST-HOC DEVELOPMENT DIAGNOSTIC,NOT FINAL EFFICACY,NOT PARAMETER SELECTION,NO METHOD CHANGE AUTHORIZED,residual-floor-0.1,primary,re2tt_ts-order-service_disk_3,ts-order-service,disk,9b847bd8f23c07af,G,MT,10.0,0.01,0.1,5,24,12,1,18,9,162,142,20,0,2,2,0,0,24.0,24,24,,2,0,162,2,17484,216,,,252,0,0,252,0,0,0,0,755.3191489361706,755.3191489361706,0.975609756097561,0.9790209790209791,0.9722222222222222
POST-HOC DEVELOPMENT DIAGNOSTIC,NOT FINAL EFFICACY,NOT PARAMETER SELECTION,NO METHOD CHANGE AUTHORIZED,residual-floor-0.1,primary,re2tt_ts-order-service_disk_3,ts-order-service,disk,9b847bd8f23c07af,L,MT,10.0,0.01,0.1,5,24,12,1,18,9,162,142,20,0,2,2,0,0,24.0,24,24,,2,0,162,2,17484,216,,,252,0,0,252,0,0,0,0,15337235076214.756,15889082640897.588,0.0,0.0,0.0
POST-HOC DEVELOPMENT DIAGNOSTIC,NOT FINAL EFFICACY,NOT PARAMETER SELECTION,NO METHOD CHANGE AUTHORIZED,residual-floor-0.1,primary,re2tt_ts-order-service_disk_3,ts-order-service,disk,9b847bd8f23c07af,ALL,MT,10.0,0.01,0.1,5,24,12,1,18,9,162,142,20,0,2,2,0,0,24.0,24,24,,2,0,162,2,17484,216,,,252,0,0,252,0,0,0,0,612.9111810978462,612.5270592764368,0.9655172413793104,0.958904109589041,0.9722222222222222
POST-HOC DEVELOPMENT DIAGNOSTIC,NOT FINAL EFFICACY,NOT PARAMETER SELECTION,NO METHOD CHANGE AUTHORIZED,residual-floor-0.1,primary,re2tt_ts-order-service_loss_1,ts-order-service,loss,cea480a087995c2a,G,MTL,10.0,0.01,0.1,5,24,12,1,18,9,252,205,27,20,20,16,2,2,24.0,24,24,5.0,16,0,252,20,27190,2160,422113767790911.75,422113767764639.0,252,73,0,179,0,8,19,46,702.1276595744681,824.5614035087717,0.9337979094076655,0.9370629370629371,0.9305555555555556
POST-HOC DEVELOPMENT DIAGNOSTIC,NOT FINAL EFFICACY,NOT PARAMETER SELECTION,NO METHOD CHANGE AUTHORIZED,residual-floor-0.1,primary,re2tt_ts-order-service_loss_1,ts-order-service,loss,cea480a087995c2a,L,MTL,10.0,0.01,0.1,5,24,12,1,18,9,252,205,27,20,20,16,2,2,24.0,24,24,5.0,16,0,252,20,27190,2160,421750649082076.8,421750649055955.4,252,164,0,88,0,0,46,118,16920049127059.193,22169492719693.777,0.2885572139303483,0.5087719298245614,0.2013888888888889
POST-HOC DEVELOPMENT DIAGNOSTIC,NOT FINAL EFFICACY,NOT PARAMETER SELECTION,NO METHOD CHANGE AUTHORIZED,residual-floor-0.1,primary,re2tt_ts-order-service_loss_1,ts-order-service,loss,cea480a087995c2a,ALL,MTL,10.0,0.01,0.1,5,24,12,1,18,9,252,205,27,20,20,16,2,2,24.0,24,24,5.0,16,0,252,20,27190,2160,426016468839701.25,426016468813465.0,252,8,0,244,0,8,0,0,702.1276595744681,702.1276595744681,0.9337979094076655,0.9370629370629371,0.9305555555555556
POST-HOC DEVELOPMENT DIAGNOSTIC,NOT FINAL EFFICACY,NOT PARAMETER SELECTION,NO METHOD CHANGE AUTHORIZED,residual-floor-0.1,primary,re2tt_ts-order-service_loss_1,ts-order-service,loss,cea480a087995c2a,G,MT,10.0,0.01,0.1,5,24,12,1,18,9,232,205,27,0,18,16,2,0,24.0,24,24,4.0,16,0,232,18,25030,1944,,,252,34,0,218,0,8,26,0,702.1276595744681,755.3191489361706,0.9337979094076655,0.9370629370629371,0.9305555555555556
POST-HOC DEVELOPMENT DIAGNOSTIC,NOT FINAL EFFICACY,NOT PARAMETER SELECTION,NO METHOD CHANGE AUTHORIZED,residual-floor-0.1,primary,re2tt_ts-order-service_loss_1,ts-order-service,loss,cea480a087995c2a,L,MT,10.0,0.01,0.1,5,24,12,1,18,9,232,205,27,0,18,16,2,0,24.0,24,24,4.0,16,0,232,18,25030,1944,,,252,64,0,188,0,5,59,0,14504719512798.54,15889082640897.588,0.13496932515337423,0.5789473684210527,0.0763888888888889
POST-HOC DEVELOPMENT DIAGNOSTIC,NOT FINAL EFFICACY,NOT PARAMETER SELECTION,NO METHOD CHANGE AUTHORIZED,residual-floor-0.1,primary,re2tt_ts-order-service_loss_1,ts-order-service,loss,cea480a087995c2a,ALL,MT,10.0,0.01,0.1,5,24,12,1,18,9,232,205,27,0,18,16,2,0,24.0,24,24,4.0,16,0,232,18,25030,1944,,,252,8,0,244,0,8,0,0,608.8531003190984,612.5270592764368,0.9337979094076655,0.9370629370629371,0.9305555555555556
POST-HOC DEVELOPMENT DIAGNOSTIC,NOT FINAL EFFICACY,NOT PARAMETER SELECTION,NO METHOD CHANGE AUTHORIZED,residual-floor-0.1,primary,re2tt_ts-order-service_loss_2,ts-order-service,loss,f900792c9a1f5622,G,MTL,10.0,0.01,0.1,5,24,12,1,18,9,181,147,20,14,7,7,0,0,24.0,24,24,,7,0,181,7,19542,756,18216.276939184405,0.0,252,0,0,252,0,0,0,0,702.1276595744681,824.5614035087717,0.37948717948717947,0.7254901960784313,0.2569444444444444
POST-HOC DEVELOPMENT DIAGNOSTIC,NOT FINAL EFFICACY,NOT PARAMETER SELECTION,NO METHOD CHANGE AUTHORIZED,residual-floor-0.1,primary,re2tt_ts-order-service_loss_2,ts-order-service,loss,f900792c9a1f5622,L,MTL,10.0,0.01,0.1,5,24,12,1,18,9,181,147,20,14,7,7,0,0,24.0,24,24,,7,0,181,7,19542,756,18261.503509993647,0.0,252,0,0,252,0,0,0,0,16920049127059.193,22169492719693.777,0.0,0.0,0.0
POST-HOC DEVELOPMENT DIAGNOSTIC,NOT FINAL EFFICACY,NOT PARAMETER SELECTION,NO METHOD CHANGE AUTHORIZED,residual-floor-0.1,primary,re2tt_ts-order-service_loss_2,ts-order-service,loss,f900792c9a1f5622,ALL,MTL,10.0,0.01,0.1,5,24,12,1,18,9,181,147,20,14,7,7,0,0,24.0,24,24,,7,0,181,7,19542,756,18248.93564770598,0.0,252,0,0,252,0,0,0,0,702.1276595744681,702.1276595744681,0.37948717948717947,0.7254901960784313,0.2569444444444444
POST-HOC DEVELOPMENT DIAGNOSTIC,NOT FINAL EFFICACY,NOT PARAMETER SELECTION,NO METHOD CHANGE AUTHORIZED,residual-floor-0.1,primary,re2tt_ts-order-service_loss_2,ts-order-service,loss,f900792c9a1f5622,G,MT,10.0,0.01,0.1,5,24,12,1,18,9,167,147,20,0,7,7,0,0,24.0,24,24,,7,0,167,7,18030,756,,,252,0,0,252,0,0,0,0,702.1276595744681,755.3191489361706,0.37948717948717947,0.7254901960784313,0.2569444444444444
POST-HOC DEVELOPMENT DIAGNOSTIC,NOT FINAL EFFICACY,NOT PARAMETER SELECTION,NO METHOD CHANGE AUTHORIZED,residual-floor-0.1,primary,re2tt_ts-order-service_loss_2,ts-order-service,loss,f900792c9a1f5622,L,MT,10.0,0.01,0.1,5,24,12,1,18,9,167,147,20,0,7,7,0,0,24.0,24,24,,7,0,167,7,18030,756,,,252,0,0,252,0,0,0,0,14504719512798.54,15889082640897.588,0.0,0.0,0.0
POST-HOC DEVELOPMENT DIAGNOSTIC,NOT FINAL EFFICACY,NOT PARAMETER SELECTION,NO METHOD CHANGE AUTHORIZED,residual-floor-0.1,primary,re2tt_ts-order-service_loss_2,ts-order-service,loss,f900792c9a1f5622,ALL,MT,10.0,0.01,0.1,5,24,12,1,18,9,167,147,20,0,7,7,0,0,24.0,24,24,,7,0,167,7,18030,756,,,252,0,0,252,0,0,0,0,608.8531003190984,612.5270592764368,0.4158415841584158,0.7241379310344828,0.2916666666666667
POST-HOC DEVELOPMENT DIAGNOSTIC,NOT FINAL EFFICACY,NOT PARAMETER SELECTION,NO METHOD CHANGE AUTHORIZED,residual-floor-0.1,primary,re2tt_ts-order-service_loss_3,ts-order-service,loss,9d1464b4fb8a49c0,G,MTL,10.0,0.01,0.1,5,24,12,1,18,9,181,147,20,14,7,7,0,0,24.0,24,24,,7,0,181,7,19548,756,17186.889951060988,0.0,252,0,0,252,0,0,0,0,702.1276595744681,824.5614035087717,0.0273972602739726,1.0,0.013888888888888888
POST-HOC DEVELOPMENT DIAGNOSTIC,NOT FINAL EFFICACY,NOT PARAMETER SELECTION,NO METHOD CHANGE AUTHORIZED,residual-floor-0.1,primary,re2tt_ts-order-service_loss_3,ts-order-service,loss,9d1464b4fb8a49c0,L,MTL,10.0,0.01,0.1,5,24,12,1,18,9,181,147,20,14,7,7,0,0,24.0,24,24,,7,0,181,7,19548,756,17254.29002654329,0.0,252,0,0,252,0,0,0,0,16920049127059.193,22169492719693.777,0.0,0.0,0.0
POST-HOC DEVELOPMENT DIAGNOSTIC,NOT FINAL EFFICACY,NOT PARAMETER SELECTION,NO METHOD CHANGE AUTHORIZED,residual-floor-0.1,primary,re2tt_ts-order-service_loss_3,ts-order-service,loss,9d1464b4fb8a49c0,ALL,MTL,10.0,0.01,0.1,5,24,12,1,18,9,181,147,20,14,7,7,0,0,24.0,24,24,,7,0,181,7,19548,756,17265.179379393838,0.0,252,0,0,252,0,0,0,0,702.1276595744681,702.1276595744681,0.32558139534883723,1.0,0.19444444444444445
POST-HOC DEVELOPMENT DIAGNOSTIC,NOT FINAL EFFICACY,NOT PARAMETER SELECTION,NO METHOD CHANGE AUTHORIZED,residual-floor-0.1,primary,re2tt_ts-order-service_loss_3,ts-order-service,loss,9d1464b4fb8a49c0,G,MT,10.0,0.01,0.1,5,24,12,1,18,9,167,147,20,0,7,7,0,0,24.0,24,24,,7,0,167,7,18036,756,,,252,0,0,252,0,0,0,0,702.1276595744681,755.3191489361706,0.0273972602739726,1.0,0.013888888888888888
POST-HOC DEVELOPMENT DIAGNOSTIC,NOT FINAL EFFICACY,NOT PARAMETER SELECTION,NO METHOD CHANGE AUTHORIZED,residual-floor-0.1,primary,re2tt_ts-order-service_loss_3,ts-order-service,loss,9d1464b4fb8a49c0,L,MT,10.0,0.01,0.1,5,24,12,1,18,9,167,147,20,0,7,7,0,0,24.0,24,24,,7,0,167,7,18036,756,,,252,0,0,252,0,0,0,0,14504719512798.54,15889082640897.588,0.0,0.0,0.0
POST-HOC DEVELOPMENT DIAGNOSTIC,NOT FINAL EFFICACY,NOT PARAMETER SELECTION,NO METHOD CHANGE AUTHORIZED,residual-floor-0.1,primary,re2tt_ts-order-service_loss_3,ts-order-service,loss,9d1464b4fb8a49c0,ALL,MT,10.0,0.01,0.1,5,24,12,1,18,9,167,147,20,0,7,7,0,0,24.0,24,24,,7,0,167,7,18036,756,,,252,0,0,252,0,0,0,0,608.8531003190984,612.5270592764368,0.3448275862068966,1.0,0.20833333333333334
POST-HOC DEVELOPMENT DIAGNOSTIC,NOT FINAL EFFICACY,NOT PARAMETER SELECTION,NO METHOD CHANGE AUTHORIZED,residual-floor-0.1,primary,re2tt_ts-route-service_mem_1,ts-route-service,mem,58e365eed32084b4,G,MTL,10.0,0.01,0.1,5,24,12,1,18,9,246,199,27,20,12,10,1,1,24.0,24,24,3.5,9,0,242,12,26056,1296,212712724528024.7,212712724496567.06,252,17,0,235,0,17,0,0,837.0336567986959,824.5614035087717,0.9965156794425087,1.0,0.9930555555555556
POST-HOC DEVELOPMENT DIAGNOSTIC,NOT FINAL EFFICACY,NOT PARAMETER SELECTION,NO METHOD CHANGE AUTHORIZED,residual-floor-0.1,primary,re2tt_ts-route-service_mem_1,ts-route-service,mem,58e365eed32084b4,L,MTL,10.0,0.01,0.1,5,24,12,1,18,9,246,199,27,20,12,10,1,1,24.0,24,24,3.5,9,0,242,12,26056,1296,212707070849212.7,212707070817631.84,252,17,0,235,0,17,0,0,22169492719693.777,22169492719693.777,0.0,0.0,0.0
POST-HOC DEVELOPMENT DIAGNOSTIC,NOT FINAL EFFICACY,NOT PARAMETER SELECTION,NO METHOD CHANGE AUTHORIZED,residual-floor-0.1,primary,re2tt_ts-route-service_mem_1,ts-route-service,mem,58e365eed32084b4,ALL,MTL,10.0,0.01,0.1,5,24,12,1,18,9,246,199,27,20,12,10,1,1,24.0,24,24,3.5,9,0,242,12,26056,1296,212951660948302.44,212951660916636.38,252,17,0,235,0,17,0,0,684.2105263157896,702.1276595744681,0.9965156794425087,1.0,0.9930555555555556
POST-HOC DEVELOPMENT DIAGNOSTIC,NOT FINAL EFFICACY,NOT PARAMETER SELECTION,NO METHOD CHANGE AUTHORIZED,residual-floor-0.1,primary,re2tt_ts-route-service_mem_1,ts-route-service,mem,58e365eed32084b4,G,MT,10.0,0.01,0.1,5,24,12,1,18,9,226,199,27,0,11,10,1,0,24.0,24,24,3.0,9,0,222,11,23896,1188,,,252,17,0,235,0,17,0,0,772.4218939906825,755.3191489361706,0.9965156794425087,1.0,0.9930555555555556
POST-HOC DEVELOPMENT DIAGNOSTIC,NOT FINAL EFFICACY,NOT PARAMETER SELECTION,NO METHOD CHANGE AUTHORIZED,residual-floor-0.1,primary,re2tt_ts-route-service_mem_1,ts-route-service,mem,58e365eed32084b4,L,MT,10.0,0.01,0.1,5,24,12,1,18,9,226,199,27,0,11,10,1,0,24.0,24,24,3.0,9,0,222,11,23896,1188,,,252,17,0,235,0,17,0,0,15521293682084.428,15889082640897.588,0.0,0.0,0.0
POST-HOC DEVELOPMENT DIAGNOSTIC,NOT FINAL EFFICACY,NOT PARAMETER SELECTION,NO METHOD CHANGE AUTHORIZED,residual-floor-0.1,primary,re2tt_ts-route-service_mem_1,ts-route-service,mem,58e365eed32084b4,ALL,MT,10.0,0.01,0.1,5,24,12,1,18,9,226,199,27,0,11,10,1,0,24.0,24,24,3.0,9,0,222,11,23896,1188,,,252,17,0,235,0,17,0,0,595.7446808510638,612.5270592764368,0.9965156794425087,1.0,0.9930555555555556
POST-HOC DEVELOPMENT DIAGNOSTIC,NOT FINAL EFFICACY,NOT PARAMETER SELECTION,NO METHOD CHANGE AUTHORIZED,residual-floor-0.1,primary,re2tt_ts-route-service_mem_2,ts-route-service,mem,15fa2ad3a7eecebd,G,MTL,10.0,0.01,0.1,5,24,12,1,18,9,240,193,27,20,9,4,3,2,24.0,24,24,2.0,4,0,233,9,25164,972,417549449548309.7,417549449515402.25,252,56,0,196,0,0,53,3,837.0336567986959,824.5614035087717,0.7164179104477612,0.7741935483870968,0.6666666666666666
POST-HOC DEVELOPMENT DIAGNOSTIC,NOT FINAL EFFICACY,NOT PARAMETER SELECTION,NO METHOD CHANGE AUTHORIZED,residual-floor-0.1,primary,re2tt_ts-route-service_mem_2,ts-route-service,mem,15fa2ad3a7eecebd,L,MTL,10.0,0.01,0.1,5,24,12,1,18,9,240,193,27,20,9,4,3,2,24.0,24,24,2.0,4,0,233,9,25164,972,415664793977368.9,415664793943861.0,252,64,0,188,0,0,4,60,22169492719693.777,22169492719693.777,0.26732673267326734,0.46551724137931033,0.1875
POST-HOC DEVELOPMENT DIAGNOSTIC,NOT FINAL EFFICACY,NOT PARAMETER SELECTION,NO METHOD CHANGE AUTHORIZED,residual-floor-0.1,primary,re2tt_ts-route-service_mem_2,ts-route-service,mem,15fa2ad3a7eecebd,ALL,MTL,10.0,0.01,0.1,5,24,12,1,18,9,240,193,27,20,9,4,3,2,24.0,24,24,2.0,4,0,233,9,25164,972,429460364538674.0,429460364505573.25,252,32,0,220,0,0,0,32,684.2105263157896,702.1276595744681,0.7899159663865546,1.0,0.6527777777777778
POST-HOC DEVELOPMENT DIAGNOSTIC,NOT FINAL EFFICACY,NOT PARAMETER SELECTION,NO METHOD CHANGE AUTHORIZED,residual-floor-0.1,primary,re2tt_ts-route-service_mem_2,ts-route-service,mem,15fa2ad3a7eecebd,G,MT,10.0,0.01,0.1,5,24,12,1,18,9,220,193,27,0,7,4,3,0,24.0,24,24,2.0,4,0,213,7,23004,756,,,252,55,0,197,0,0,55,0,772.4218939906825,755.3191489361706,0.7211895910780669,0.776,0.6736111111111112
POST-HOC DEVELOPMENT DIAGNOSTIC,NOT FINAL EFFICACY,NOT PARAMETER SELECTION,NO METHOD CHANGE AUTHORIZED,residual-floor-0.1,primary,re2tt_ts-route-service_mem_2,ts-route-service,mem,15fa2ad3a7eecebd,L,MT,10.0,0.01,0.1,5,24,12,1,18,9,220,193,27,0,7,4,3,0,24.0,24,24,2.0,4,0,213,7,23004,756,,,252,60,0,192,0,0,60,0,15521293682084.428,15889082640897.588,0.2358974358974359,0.45098039215686275,0.1597222222222222
POST-HOC DEVELOPMENT DIAGNOSTIC,NOT FINAL EFFICACY,NOT PARAMETER SELECTION,NO METHOD CHANGE AUTHORIZED,residual-floor-0.1,primary,re2tt_ts-route-service_mem_2,ts-route-service,mem,15fa2ad3a7eecebd,ALL,MT,10.0,0.01,0.1,5,24,12,1,18,9,220,193,27,0,7,4,3,0,24.0,24,24,2.0,4,0,213,7,23004,756,,,252,30,0,222,0,0,30,0,595.7446808510638,612.5270592764368,0.8,1.0,0.6666666666666666
POST-HOC DEVELOPMENT DIAGNOSTIC,NOT FINAL EFFICACY,NOT PARAMETER SELECTION,NO METHOD CHANGE AUTHORIZED,residual-floor-0.1,primary,re2tt_ts-route-service_mem_3,ts-route-service,mem,c60cff817fc2d5cf,G,MTL,10.0,0.01,0.1,5,24,12,1,18,9,241,194,27,20,6,5,1,0,24.0,24,24,5.0,5,0,241,6,25980,648,69931735438201.914,69931735413888.06,252,22,0,230,0,0,22,0,837.0336567986959,824.5614035087717,0.9859154929577465,1.0,0.9722222222222222
POST-HOC DEVELOPMENT DIAGNOSTIC,NOT FINAL EFFICACY,NOT PARAMETER SELECTION,NO METHOD CHANGE AUTHORIZED,residual-floor-0.1,primary,re2tt_ts-route-service_mem_3,ts-route-service,mem,c60cff817fc2d5cf,L,MTL,10.0,0.01,0.1,5,24,12,1,18,9,241,194,27,20,6,5,1,0,24.0,24,24,5.0,5,0,241,6,25980,648,69928908905019.55,69928908880687.03,252,63,0,189,0,0,63,0,22169492719693.777,22169492719693.777,0.0,0.0,0.0
POST-HOC DEVELOPMENT DIAGNOSTIC,NOT FINAL EFFICACY,NOT PARAMETER SELECTION,NO METHOD CHANGE AUTHORIZED,residual-floor-0.1,primary,re2tt_ts-route-service_mem_3,ts-route-service,mem,c60cff817fc2d5cf,ALL,MTL,10.0,0.01,0.1,5,24,12,1,18,9,241,194,27,20,6,5,1,0,24.0,24,24,5.0,5,0,241,6,25980,648,69938934107752.64,69938934083393.734,252,25,0,227,0,0,25,0,684.2105263157896,702.1276595744681,0.9102564102564102,0.8452380952380952,0.9861111111111112
POST-HOC DEVELOPMENT DIAGNOSTIC,NOT FINAL EFFICACY,NOT PARAMETER SELECTION,NO METHOD CHANGE AUTHORIZED,residual-floor-0.1,primary,re2tt_ts-route-service_mem_3,ts-route-service,mem,c60cff817fc2d5cf,G,MT,10.0,0.01,0.1,5,24,12,1,18,9,221,194,27,0,6,5,1,0,24.0,24,24,5.0,5,0,221,6,23820,648,,,252,22,0,230,0,0,22,0,772.4218939906825,755.3191489361706,0.9859154929577465,1.0,0.9722222222222222
POST-HOC DEVELOPMENT DIAGNOSTIC,NOT FINAL EFFICACY,NOT PARAMETER SELECTION,NO METHOD CHANGE AUTHORIZED,residual-floor-0.1,primary,re2tt_ts-route-service_mem_3,ts-route-service,mem,c60cff817fc2d5cf,L,MT,10.0,0.01,0.1,5,24,12,1,18,9,221,194,27,0,6,5,1,0,24.0,24,24,5.0,5,0,221,6,23820,648,,,252,63,0,189,0,0,63,0,15521293682084.428,15889082640897.588,0.0136986301369863,0.5,0.006944444444444444
POST-HOC DEVELOPMENT DIAGNOSTIC,NOT FINAL EFFICACY,NOT PARAMETER SELECTION,NO METHOD CHANGE AUTHORIZED,residual-floor-0.1,primary,re2tt_ts-route-service_mem_3,ts-route-service,mem,c60cff817fc2d5cf,ALL,MT,10.0,0.01,0.1,5,24,12,1,18,9,221,194,27,0,6,5,1,0,24.0,24,24,5.0,5,0,221,6,23820,648,,,252,25,0,227,0,0,25,0,595.7446808510638,612.5270592764368,0.9102564102564102,0.8452380952380952,0.9861111111111112
POST-HOC DEVELOPMENT DIAGNOSTIC,NOT FINAL EFFICACY,NOT PARAMETER SELECTION,NO METHOD CHANGE AUTHORIZED,residual-floor-0.1,primary,re2tt_ts-route-service_socket_1,ts-route-service,socket,0f1447a5823d8a23,G,MTL,10.0,0.01,0.1,5,24,12,1,18,9,254,207,27,20,20,18,1,1,24.0,24,24,3.0,18,0,250,20,26990,2160,173289285511776.47,173289285480364.44,252,25,0,227,0,6,19,0,702.1276595744681,824.5614035087717,0.958904109589041,0.9459459459459459,0.9722222222222222
POST-HOC DEVELOPMENT DIAGNOSTIC,NOT FINAL EFFICACY,NOT PARAMETER SELECTION,NO METHOD CHANGE AUTHORIZED,residual-floor-0.1,primary,re2tt_ts-route-service_socket_1,ts-route-service,socket,0f1447a5823d8a23,L,MTL,10.0,0.01,0.1,5,24,12,1,18,9,254,207,27,20,20,18,1,1,24.0,24,24,3.0,18,0,250,20,26990,2160,173353192992280.75,173353192961013.0,252,65,0,187,0,6,4,55,16920049127059.193,22169492719693.777,0.3333333333333333,0.6111111111111112,0.22916666666666666
POST-HOC DEVELOPMENT DIAGNOSTIC,NOT FINAL EFFICACY,NOT PARAMETER SELECTION,NO METHOD CHANGE AUTHORIZED,residual-floor-0.1,primary,re2tt_ts-route-service_socket_1,ts-route-service,socket,0f1447a5823d8a23,ALL,MTL,10.0,0.01,0.1,5,24,12,1,18,9,254,207,27,20,20,18,1,1,24.0,24,24,3.0,18,0,250,20,26990,2160,173060170718394.97,173060170687076.88,252,20,0,232,0,6,14,0,702.1276595744681,702.1276595744681,0.9655172413793104,0.958904109589041,0.9722222222222222
POST-HOC DEVELOPMENT DIAGNOSTIC,NOT FINAL EFFICACY,NOT PARAMETER SELECTION,NO METHOD CHANGE AUTHORIZED,residual-floor-0.1,primary,re2tt_ts-route-service_socket_1,ts-route-service,socket,0f1447a5823d8a23,G,MT,10.0,0.01,0.1,5,24,12,1,18,9,234,207,27,0,19,18,1,0,24.0,24,24,3.0,18,0,230,19,24830,2052,,,252,25,0,227,0,6,19,0,702.1276595744681,755.3191489361706,0.958904109589041,0.9459459459459459,0.9722222222222222
POST-HOC DEVELOPMENT DIAGNOSTIC,NOT FINAL EFFICACY,NOT PARAMETER SELECTION,NO METHOD CHANGE AUTHORIZED,residual-floor-0.1,primary,re2tt_ts-route-service_socket_1,ts-route-service,socket,0f1447a5823d8a23,L,MT,10.0,0.01,0.1,5,24,12,1,18,9,234,207,27,0,19,18,1,0,24.0,24,24,3.0,18,0,230,19,24830,2052,,,252,61,0,191,0,6,55,0,14504719512798.54,15889082640897.588,0.3350253807106599,0.6226415094339622,0.22916666666666666
POST-HOC DEVELOPMENT DIAGNOSTIC,NOT FINAL EFFICACY,NOT PARAMETER SELECTION,NO METHOD CHANGE AUTHORIZED,residual-floor-0.1,primary,re2tt_ts-route-service_socket_1,ts-route-service,socket,0f1447a5823d8a23,ALL,MT,10.0,0.01,0.1,5,24,12,1,18,9,234,207,27,0,19,18,1,0,24.0,24,24,3.0,18,0,230,19,24830,2052,,,252,20,0,232,0,6,14,0,608.8531003190984,612.5270592764368,0.9427609427609428,0.9150326797385621,0.9722222222222222
POST-HOC DEVELOPMENT DIAGNOSTIC,NOT FINAL EFFICACY,NOT PARAMETER SELECTION,NO METHOD CHANGE AUTHORIZED,residual-floor-0.1,primary,re2tt_ts-route-service_socket_2,ts-route-service,socket,5bf54b9f116a5fa1,G,MTL,10.0,0.01,0.1,5,24,12,1,18,9,241,194,27,20,8,6,1,1,24.0,24,24,4.0,5,0,237,8,25588,864,226601240490225.9,226601240456266.84,252,2,0,250,0,2,0,0,702.1276595744681,824.5614035087717,0.0,0.0,0.0
POST-HOC DEVELOPMENT DIAGNOSTIC,NOT FINAL EFFICACY,NOT PARAMETER SELECTION,NO METHOD CHANGE AUTHORIZED,residual-floor-0.1,primary,re2tt_ts-route-service_socket_2,ts-route-service,socket,5bf54b9f116a5fa1,L,MTL,10.0,0.01,0.1,5,24,12,1,18,9,241,194,27,20,8,6,1,1,24.0,24,24,4.0,5,0,237,8,25588,864,226577747389818.9,226577747355720.62,252,2,0,250,0,2,0,0,16920049127059.193,22169492719693.777,0.0,0.0,0.0
POST-HOC DEVELOPMENT DIAGNOSTIC,NOT FINAL EFFICACY,NOT PARAMETER SELECTION,NO METHOD CHANGE AUTHORIZED,residual-floor-0.1,primary,re2tt_ts-route-service_socket_2,ts-route-service,socket,5bf54b9f116a5fa1,ALL,MTL,10.0,0.01,0.1,5,24,12,1,18,9,241,194,27,20,8,6,1,1,24.0,24,24,4.0,5,0,237,8,25588,864,226567460855123.38,226567460821336.34,252,2,0,250,0,2,0,0,702.1276595744681,702.1276595744681,0.0,0.0,0.0
POST-HOC DEVELOPMENT DIAGNOSTIC,NOT FINAL EFFICACY,NOT PARAMETER SELECTION,NO METHOD CHANGE AUTHORIZED,residual-floor-0.1,primary,re2tt_ts-route-service_socket_2,ts-route-service,socket,5bf54b9f116a5fa1,G,MT,10.0,0.01,0.1,5,24,12,1,18,9,221,194,27,0,7,6,1,0,24.0,24,24,4.0,5,0,217,7,23428,756,,,252,2,0,250,0,2,0,0,702.1276595744681,755.3191489361706,0.0,0.0,0.0
POST-HOC DEVELOPMENT DIAGNOSTIC,NOT FINAL EFFICACY,NOT PARAMETER SELECTION,NO METHOD CHANGE AUTHORIZED,residual-floor-0.1,primary,re2tt_ts-route-service_socket_2,ts-route-service,socket,5bf54b9f116a5fa1,L,MT,10.0,0.01,0.1,5,24,12,1,18,9,221,194,27,0,7,6,1,0,24.0,24,24,4.0,5,0,217,7,23428,756,,,252,2,0,250,0,2,0,0,14504719512798.54,15889082640897.588,0.0,0.0,0.0
POST-HOC DEVELOPMENT DIAGNOSTIC,NOT FINAL EFFICACY,NOT PARAMETER SELECTION,NO METHOD CHANGE AUTHORIZED,residual-floor-0.1,primary,re2tt_ts-route-service_socket_2,ts-route-service,socket,5bf54b9f116a5fa1,ALL,MT,10.0,0.01,0.1,5,24,12,1,18,9,221,194,27,0,7,6,1,0,24.0,24,24,4.0,5,0,217,7,23428,756,,,252,2,0,250,0,2,0,0,608.8531003190984,612.5270592764368,0.0,0.0,0.0
POST-HOC DEVELOPMENT DIAGNOSTIC,NOT FINAL EFFICACY,NOT PARAMETER SELECTION,NO METHOD CHANGE AUTHORIZED,residual-floor-0.1,primary,re2tt_ts-route-service_socket_3,ts-route-service,socket,47f193d58b233d8a,G,MTL,10.0,0.01,0.1,5,24,12,1,18,9,241,194,27,20,7,5,1,1,24.0,24,24,3.5,5,0,239,7,25804,756,208212797249446.5,208212797222750.25,252,92,0,160,0,0,3,89,702.1276595744681,824.5614035087717,0.8537313432835821,0.7486910994764397,0.9930555555555556
POST-HOC DEVELOPMENT DIAGNOSTIC,NOT FINAL EFFICACY,NOT PARAMETER SELECTION,NO METHOD CHANGE AUTHORIZED,residual-floor-0.1,primary,re2tt_ts-route-service_socket_3,ts-route-service,socket,47f193d58b233d8a,L,MTL,10.0,0.01,0.1,5,24,12,1,18,9,241,194,27,20,7,5,1,1,24.0,24,24,3.5,5,0,239,7,25804,756,208216307598646.62,208216307571938.75,252,106,0,146,0,0,16,90,16920049127059.193,22169492719693.777,0.2653061224489796,0.5,0.18055555555555555
POST-HOC DEVELOPMENT DIAGNOSTIC,NOT FINAL EFFICACY,NOT PARAMETER SELECTION,NO METHOD CHANGE AUTHORIZED,residual-floor-0.1,primary,re2tt_ts-route-service_socket_3,ts-route-service,socket,47f193d58b233d8a,ALL,MTL,10.0,0.01,0.1,5,24,12,1,18,9,241,194,27,20,7,5,1,1,24.0,24,24,3.5,5,0,239,7,25804,756,208208935406165.6,208208935379315.3,252,51,0,201,0,0,10,41,702.1276595744681,702.1276595744681,0.986013986013986,0.9929577464788732,0.9791666666666666
POST-HOC DEVELOPMENT DIAGNOSTIC,NOT FINAL EFFICACY,NOT PARAMETER SELECTION,NO METHOD CHANGE AUTHORIZED,residual-floor-0.1,primary,re2tt_ts-route-service_socket_3,ts-route-service,socket,47f193d58b233d8a,G,MT,10.0,0.01,0.1,5,24,12,1,18,9,221,194,27,0,6,5,1,0,24.0,24,24,3.0,5,0,219,6,23644,648,,,252,32,0,220,0,0,32,0,702.1276595744681,755.3191489361706,0.9015873015873016,0.8304093567251462,0.9861111111111112
POST-HOC DEVELOPMENT DIAGNOSTIC,NOT FINAL EFFICACY,NOT PARAMETER SELECTION,NO METHOD CHANGE AUTHORIZED,residual-floor-0.1,primary,re2tt_ts-route-service_socket_3,ts-route-service,socket,47f193d58b233d8a,L,MT,10.0,0.01,0.1,5,24,12,1,18,9,221,194,27,0,6,5,1,0,24.0,24,24,3.0,5,0,219,6,23644,648,,,252,63,0,189,0,0,63,0,14504719512798.54,15889082640897.588,0.26666666666666666,0.5098039215686274,0.18055555555555555
POST-HOC DEVELOPMENT DIAGNOSTIC,NOT FINAL EFFICACY,NOT PARAMETER SELECTION,NO METHOD CHANGE AUTHORIZED,residual-floor-0.1,primary,re2tt_ts-route-service_socket_3,ts-route-service,socket,47f193d58b233d8a,ALL,MT,10.0,0.01,0.1,5,24,12,1,18,9,221,194,27,0,6,5,1,0,24.0,24,24,3.0,5,0,219,6,23644,648,,,252,31,0,221,0,0,31,0,608.8531003190984,612.5270592764368,0.986013986013986,0.9929577464788732,0.9791666666666666
POST-HOC DEVELOPMENT DIAGNOSTIC,NOT FINAL EFFICACY,NOT PARAMETER SELECTION,NO METHOD CHANGE AUTHORIZED,residual-floor-0.1,primary,re2tt_ts-train-service_cpu_1,ts-train-service,cpu,f13a01ab09a3962b,G,MTL,10.0,0.01,0.1,5,24,12,1,18,9,248,201,27,20,14,12,1,1,24.0,24,24,3.0,12,0,246,14,26538,1512,175419290730267.12,175419290707581.5,252,20,0,232,0,11,5,4,837.0336567986959,824.5614035087717,0.972027972027972,0.9788732394366197,0.9652777777777778
POST-HOC DEVELOPMENT DIAGNOSTIC,NOT FINAL EFFICACY,NOT PARAMETER SELECTION,NO METHOD CHANGE AUTHORIZED,residual-floor-0.1,primary,re2tt_ts-train-service_cpu_1,ts-train-service,cpu,f13a01ab09a3962b,L,MTL,10.0,0.01,0.1,5,24,12,1,18,9,248,201,27,20,14,12,1,1,24.0,24,24,3.0,12,0,246,14,26538,1512,175751000278036.2,175751000255297.3,252,20,0,232,0,11,7,2,22169492719693.777,22169492719693.777,0.0,0.0,0.0
POST-HOC DEVELOPMENT DIAGNOSTIC,NOT FINAL EFFICACY,NOT PARAMETER SELECTION,NO METHOD CHANGE AUTHORIZED,residual-floor-0.1,primary,re2tt_ts-train-service_cpu_1,ts-train-service,cpu,f13a01ab09a3962b,ALL,MTL,10.0,0.01,0.1,5,24,12,1,18,9,248,201,27,20,14,12,1,1,24.0,24,24,3.0,12,0,246,14,26538,1512,175354210442001.1,175354210419233.66,252,20,0,232,0,11,8,1,684.2105263157896,702.1276595744681,0.972027972027972,0.9788732394366197,0.9652777777777778
POST-HOC DEVELOPMENT DIAGNOSTIC,NOT FINAL EFFICACY,NOT PARAMETER SELECTION,NO METHOD CHANGE AUTHORIZED,residual-floor-0.1,primary,re2tt_ts-train-service_cpu_1,ts-train-service,cpu,f13a01ab09a3962b,G,MT,10.0,0.01,0.1,5,24,12,1,18,9,228,201,27,0,13,12,1,0,24.0,24,24,3.0,12,0,226,13,24378,1404,,,252,19,0,233,0,11,8,0,772.4218939906825,755.3191489361706,0.972027972027972,0.9788732394366197,0.9652777777777778
POST-HOC DEVELOPMENT DIAGNOSTIC,NOT FINAL EFFICACY,NOT PARAMETER SELECTION,NO METHOD CHANGE AUTHORIZED,residual-floor-0.1,primary,re2tt_ts-train-service_cpu_1,ts-train-service,cpu,f13a01ab09a3962b,L,MT,10.0,0.01,0.1,5,24,12,1,18,9,228,201,27,0,13,12,1,0,24.0,24,24,3.0,12,0,226,13,24378,1404,,,252,19,0,233,0,11,8,0,15521293682084.428,15889082640897.588,0.0,0.0,0.0
POST-HOC DEVELOPMENT DIAGNOSTIC,NOT FINAL EFFICACY,NOT PARAMETER SELECTION,NO METHOD CHANGE AUTHORIZED,residual-floor-0.1,primary,re2tt_ts-train-service_cpu_1,ts-train-service,cpu,f13a01ab09a3962b,ALL,MT,10.0,0.01,0.1,5,24,12,1,18,9,228,201,27,0,13,12,1,0,24.0,24,24,3.0,12,0,226,13,24378,1404,,,252,19,0,233,0,11,8,0,595.7446808510638,612.5270592764368,0.9791666666666666,0.9791666666666666,0.9791666666666666
POST-HOC DEVELOPMENT DIAGNOSTIC,NOT FINAL EFFICACY,NOT PARAMETER SELECTION,NO METHOD CHANGE AUTHORIZED,residual-floor-0.1,primary,re2tt_ts-train-service_cpu_2,ts-train-service,cpu,b4f7da80e26ff729,G,MTL,10.0,0.01,0.1,5,24,12,1,18,9,245,198,27,20,10,9,1,0,24.0,24,24,2.0,9,0,243,10,26212,1080,51633967763531.945,51633967739781.91,252,35,0,217,0,15,20,0,837.0336567986959,824.5614035087717,0.9823321554770318,1.0,0.9652777777777778
POST-HOC DEVELOPMENT DIAGNOSTIC,NOT FINAL EFFICACY,NOT PARAMETER SELECTION,NO METHOD CHANGE AUTHORIZED,residual-floor-0.1,primary,re2tt_ts-train-service_cpu_2,ts-train-service,cpu,b4f7da80e26ff729,L,MTL,10.0,0.01,0.1,5,24,12,1,18,9,245,198,27,20,10,9,1,0,24.0,24,24,2.0,9,0,243,10,26212,1080,51544889061658.59,51544889037911.65,252,67,0,185,0,11,56,0,22169492719693.777,22169492719693.777,0.013793103448275862,1.0,0.006944444444444444
POST-HOC DEVELOPMENT DIAGNOSTIC,NOT FINAL EFFICACY,NOT PARAMETER SELECTION,NO METHOD CHANGE AUTHORIZED,residual-floor-0.1,primary,re2tt_ts-train-service_cpu_2,ts-train-service,cpu,b4f7da80e26ff729,ALL,MTL,10.0,0.01,0.1,5,24,12,1,18,9,245,198,27,20,10,9,1,0,24.0,24,24,2.0,9,0,243,10,26212,1080,51620258565461.62,51620258541717.36,252,38,0,214,0,15,23,0,684.2105263157896,702.1276595744681,0.9859154929577465,1.0,0.9722222222222222
POST-HOC DEVELOPMENT DIAGNOSTIC,NOT FINAL EFFICACY,NOT PARAMETER SELECTION,NO METHOD CHANGE AUTHORIZED,residual-floor-0.1,primary,re2tt_ts-train-service_cpu_2,ts-train-service,cpu,b4f7da80e26ff729,G,MT,10.0,0.01,0.1,5,24,12,1,18,9,225,198,27,0,10,9,1,0,24.0,24,24,2.0,9,0,223,10,24052,1080,,,252,35,0,217,0,15,20,0,772.4218939906825,755.3191489361706,0.9823321554770318,1.0,0.9652777777777778
POST-HOC DEVELOPMENT DIAGNOSTIC,NOT FINAL EFFICACY,NOT PARAMETER SELECTION,NO METHOD CHANGE AUTHORIZED,residual-floor-0.1,primary,re2tt_ts-train-service_cpu_2,ts-train-service,cpu,b4f7da80e26ff729,L,MT,10.0,0.01,0.1,5,24,12,1,18,9,225,198,27,0,10,9,1,0,24.0,24,24,2.0,9,0,223,10,24052,1080,,,252,67,0,185,0,11,56,0,15521293682084.428,15889082640897.588,0.07643312101910828,0.46153846153846156,0.041666666666666664
POST-HOC DEVELOPMENT DIAGNOSTIC,NOT FINAL EFFICACY,NOT PARAMETER SELECTION,NO METHOD CHANGE AUTHORIZED,residual-floor-0.1,primary,re2tt_ts-train-service_cpu_2,ts-train-service,cpu,b4f7da80e26ff729,ALL,MT,10.0,0.01,0.1,5,24,12,1,18,9,225,198,27,0,10,9,1,0,24.0,24,24,2.0,9,0,223,10,24052,1080,,,252,38,0,214,0,15,23,0,595.7446808510638,612.5270592764368,0.9859154929577465,1.0,0.9722222222222222
POST-HOC DEVELOPMENT DIAGNOSTIC,NOT FINAL EFFICACY,NOT PARAMETER SELECTION,NO METHOD CHANGE AUTHORIZED,residual-floor-0.1,primary,re2tt_ts-train-service_cpu_3,ts-train-service,cpu,8fe6a000483edc0e,G,MTL,10.0,0.01,0.1,5,24,12,1,18,9,248,201,27,20,14,12,1,1,24.0,24,24,5.0,12,0,248,14,26744,1512,196458532400474.34,196458532368303.75,252,9,0,243,0,9,0,0,837.0336567986959,824.5614035087717,0.9894736842105263,1.0,0.9791666666666666
POST-HOC DEVELOPMENT DIAGNOSTIC,NOT FINAL EFFICACY,NOT PARAMETER SELECTION,NO METHOD CHANGE AUTHORIZED,residual-floor-0.1,primary,re2tt_ts-train-service_cpu_3,ts-train-service,cpu,8fe6a000483edc0e,L,MTL,10.0,0.01,0.1,5,24,12,1,18,9,248,201,27,20,14,12,1,1,24.0,24,24,5.0,12,0,248,14,26744,1512,196465930221934.72,196465930189855.7,252,9,0,243,0,9,0,0,22169492719693.777,22169492719693.777,0.0,0.0,0.0
POST-HOC DEVELOPMENT DIAGNOSTIC,NOT FINAL EFFICACY,NOT PARAMETER SELECTION,NO METHOD CHANGE AUTHORIZED,residual-floor-0.1,primary,re2tt_ts-train-service_cpu_3,ts-train-service,cpu,8fe6a000483edc0e,ALL,MTL,10.0,0.01,0.1,5,24,12,1,18,9,248,201,27,20,14,12,1,1,24.0,24,24,5.0,12,0,248,14,26744,1512,195958753513987.62,195958753481873.03,252,9,0,243,0,9,0,0,684.2105263157896,702.1276595744681,0.9527027027027027,0.9276315789473685,0.9791666666666666
POST-HOC DEVELOPMENT DIAGNOSTIC,NOT FINAL EFFICACY,NOT PARAMETER SELECTION,NO METHOD CHANGE AUTHORIZED,residual-floor-0.1,primary,re2tt_ts-train-service_cpu_3,ts-train-service,cpu,8fe6a000483edc0e,G,MT,10.0,0.01,0.1,5,24,12,1,18,9,228,201,27,0,13,12,1,0,24.0,24,24,5.0,12,0,228,13,24584,1404,,,252,9,0,243,0,9,0,0,772.4218939906825,755.3191489361706,0.986013986013986,0.9929577464788732,0.9791666666666666
POST-HOC DEVELOPMENT DIAGNOSTIC,NOT FINAL EFFICACY,NOT PARAMETER SELECTION,NO METHOD CHANGE AUTHORIZED,residual-floor-0.1,primary,re2tt_ts-train-service_cpu_3,ts-train-service,cpu,8fe6a000483edc0e,L,MT,10.0,0.01,0.1,5,24,12,1,18,9,228,201,27,0,13,12,1,0,24.0,24,24,5.0,12,0,228,13,24584,1404,,,252,9,0,243,0,9,0,0,15521293682084.428,15889082640897.588,0.0,0.0,0.0
POST-HOC DEVELOPMENT DIAGNOSTIC,NOT FINAL EFFICACY,NOT PARAMETER SELECTION,NO METHOD CHANGE AUTHORIZED,residual-floor-0.1,primary,re2tt_ts-train-service_cpu_3,ts-train-service,cpu,8fe6a000483edc0e,ALL,MT,10.0,0.01,0.1,5,24,12,1,18,9,228,201,27,0,13,12,1,0,24.0,24,24,5.0,12,0,228,13,24584,1404,,,252,9,0,243,0,9,0,0,595.7446808510638,612.5270592764368,0.9368770764119602,0.8980891719745223,0.9791666666666666
POST-HOC DEVELOPMENT DIAGNOSTIC,NOT FINAL EFFICACY,NOT PARAMETER SELECTION,NO METHOD CHANGE AUTHORIZED,residual-floor-0.1,primary,re2tt_ts-train-service_delay_1,ts-train-service,delay,8534e6237bee1618,G,MTL,10.0,0.01,0.1,5,24,12,1,18,9,250,203,27,20,15,14,1,0,24.0,24,24,5.0,14,0,248,15,26764,1620,69273001859255.22,69273001836489.79,252,4,0,248,0,4,0,0,894.7368421052632,824.5614035087717,0.9894736842105263,1.0,0.9791666666666666
POST-HOC DEVELOPMENT DIAGNOSTIC,NOT FINAL EFFICACY,NOT PARAMETER SELECTION,NO METHOD CHANGE AUTHORIZED,residual-floor-0.1,primary,re2tt_ts-train-service_delay_1,ts-train-service,delay,8534e6237bee1618,L,MTL,10.0,0.01,0.1,5,24,12,1,18,9,250,203,27,20,15,14,1,0,24.0,24,24,5.0,14,0,248,15,26764,1620,69313935872519.16,69313935849741.66,252,4,0,248,0,4,0,0,22556999180771.914,22169492719693.777,0.0,0.0,0.0
POST-HOC DEVELOPMENT DIAGNOSTIC,NOT FINAL EFFICACY,NOT PARAMETER SELECTION,NO METHOD CHANGE AUTHORIZED,residual-floor-0.1,primary,re2tt_ts-train-service_delay_1,ts-train-service,delay,8534e6237bee1618,ALL,MTL,10.0,0.01,0.1,5,24,12,1,18,9,250,203,27,20,15,14,1,0,24.0,24,24,5.0,14,0,248,15,26764,1620,69377457228694.375,69377457205862.46,252,4,0,248,0,4,0,0,762.7968407009317,702.1276595744681,0.9894736842105263,1.0,0.9791666666666666
POST-HOC DEVELOPMENT DIAGNOSTIC,NOT FINAL EFFICACY,NOT PARAMETER SELECTION,NO METHOD CHANGE AUTHORIZED,residual-floor-0.1,primary,re2tt_ts-train-service_delay_1,ts-train-service,delay,8534e6237bee1618,G,MT,10.0,0.01,0.1,5,24,12,1,18,9,230,203,27,0,15,14,1,0,24.0,24,24,5.0,14,0,228,15,24604,1620,,,252,4,0,248,0,4,0,0,797.681057003926,755.3191489361706,0.9894736842105263,1.0,0.9791666666666666
POST-HOC DEVELOPMENT DIAGNOSTIC,NOT FINAL EFFICACY,NOT PARAMETER SELECTION,NO METHOD CHANGE AUTHORIZED,residual-floor-0.1,primary,re2tt_ts-train-service_delay_1,ts-train-service,delay,8534e6237bee1618,L,MT,10.0,0.01,0.1,5,24,12,1,18,9,230,203,27,0,15,14,1,0,24.0,24,24,5.0,14,0,228,15,24604,1620,,,252,4,0,248,0,4,0,0,16611552333590.365,15889082640897.588,0.0,0.0,0.0
POST-HOC DEVELOPMENT DIAGNOSTIC,NOT FINAL EFFICACY,NOT PARAMETER SELECTION,NO METHOD CHANGE AUTHORIZED,residual-floor-0.1,primary,re2tt_ts-train-service_delay_1,ts-train-service,delay,8534e6237bee1618,ALL,MT,10.0,0.01,0.1,5,24,12,1,18,9,230,203,27,0,15,14,1,0,24.0,24,24,5.0,14,0,228,15,24604,1620,,,252,4,0,248,0,4,0,0,702.1276595744681,612.5270592764368,0.9894736842105263,1.0,0.9791666666666666
POST-HOC DEVELOPMENT DIAGNOSTIC,NOT FINAL EFFICACY,NOT PARAMETER SELECTION,NO METHOD CHANGE AUTHORIZED,residual-floor-0.1,primary,re2tt_ts-train-service_delay_2,ts-train-service,delay,84c4c18e60502036,G,MTL,10.0,0.01,0.1,5,24,12,1,18,9,238,191,27,20,5,2,2,1,24.0,24,24,4.0,2,0,238,5,25654,540,306223263623872.6,306223263597740.8,252,0,0,252,0,0,0,0,894.7368421052632,824.5614035087717,0.9690721649484536,0.9591836734693877,0.9791666666666666
POST-HOC DEVELOPMENT DIAGNOSTIC,NOT FINAL EFFICACY,NOT PARAMETER SELECTION,NO METHOD CHANGE AUTHORIZED,residual-floor-0.1,primary,re2tt_ts-train-service_delay_2,ts-train-service,delay,84c4c18e60502036,L,MTL,10.0,0.01,0.1,5,24,12,1,18,9,238,191,27,20,5,2,2,1,24.0,24,24,4.0,2,0,238,5,25654,540,306172225568391.8,306172225542269.75,252,0,0,252,0,0,0,0,22556999180771.914,22169492719693.777,0.0,0.0,0.0
POST-HOC DEVELOPMENT DIAGNOSTIC,NOT FINAL EFFICACY,NOT PARAMETER SELECTION,NO METHOD CHANGE AUTHORIZED,residual-floor-0.1,primary,re2tt_ts-train-service_delay_2,ts-train-service,delay,84c4c18e60502036,ALL,MTL,10.0,0.01,0.1,5,24,12,1,18,9,238,191,27,20,5,2,2,1,24.0,24,24,4.0,2,0,238,5,25654,540,310367792051456.5,310367792025289.3,252,0,0,252,0,0,0,0,762.7968407009317,702.1276595744681,0.9690721649484536,0.9591836734693877,0.9791666666666666
POST-HOC DEVELOPMENT DIAGNOSTIC,NOT FINAL EFFICACY,NOT PARAMETER SELECTION,NO METHOD CHANGE AUTHORIZED,residual-floor-0.1,primary,re2tt_ts-train-service_delay_2,ts-train-service,delay,84c4c18e60502036,G,MT,10.0,0.01,0.1,5,24,12,1,18,9,218,191,27,0,4,2,2,0,24.0,24,24,4.0,2,0,218,4,23494,432,,,252,0,0,252,0,0,0,0,797.681057003926,755.3191489361706,0.9690721649484536,0.9591836734693877,0.9791666666666666
POST-HOC DEVELOPMENT DIAGNOSTIC,NOT FINAL EFFICACY,NOT PARAMETER SELECTION,NO METHOD CHANGE AUTHORIZED,residual-floor-0.1,primary,re2tt_ts-train-service_delay_2,ts-train-service,delay,84c4c18e60502036,L,MT,10.0,0.01,0.1,5,24,12,1,18,9,218,191,27,0,4,2,2,0,24.0,24,24,4.0,2,0,218,4,23494,432,,,252,0,0,252,0,0,0,0,16611552333590.365,15889082640897.588,0.0,0.0,0.0
POST-HOC DEVELOPMENT DIAGNOSTIC,NOT FINAL EFFICACY,NOT PARAMETER SELECTION,NO METHOD CHANGE AUTHORIZED,residual-floor-0.1,primary,re2tt_ts-train-service_delay_2,ts-train-service,delay,84c4c18e60502036,ALL,MT,10.0,0.01,0.1,5,24,12,1,18,9,218,191,27,0,4,2,2,0,24.0,24,24,4.0,2,0,218,4,23494,432,,,252,0,0,252,0,0,0,0,702.1276595744681,612.5270592764368,0.9690721649484536,0.9591836734693877,0.9791666666666666
POST-HOC DEVELOPMENT DIAGNOSTIC,NOT FINAL EFFICACY,NOT PARAMETER SELECTION,NO METHOD CHANGE AUTHORIZED,residual-floor-0.1,primary,re2tt_ts-train-service_delay_3,ts-train-service,delay,0868b9b567cd44c8,G,MTL,10.0,0.01,0.1,5,24,12,1,18,9,238,191,27,20,4,2,1,1,24.0,24,24,4.0,2,0,238,4,25646,432,185774713711792.75,185774713677807.56,252,20,0,232,0,0,1,19,894.7368421052632,824.5614035087717,0.9894736842105263,1.0,0.9791666666666666
POST-HOC DEVELOPMENT DIAGNOSTIC,NOT FINAL EFFICACY,NOT PARAMETER SELECTION,NO METHOD CHANGE AUTHORIZED,residual-floor-0.1,primary,re2tt_ts-train-service_delay_3,ts-train-service,delay,0868b9b567cd44c8,L,MTL,10.0,0.01,0.1,5,24,12,1,18,9,238,191,27,20,4,2,1,1,24.0,24,24,4.0,2,0,238,4,25646,432,185679719580733.9,185679719547015.88,252,54,0,198,0,0,2,52,22556999180771.914,22169492719693.777,0.02564102564102564,0.16666666666666666,0.013888888888888888
POST-HOC DEVELOPMENT DIAGNOSTIC,NOT FINAL EFFICACY,NOT PARAMETER SELECTION,NO METHOD CHANGE AUTHORIZED,residual-floor-0.1,primary,re2tt_ts-train-service_delay_3,ts-train-service,delay,0868b9b567cd44c8,ALL,MTL,10.0,0.01,0.1,5,24,12,1,18,9,238,191,27,20,4,2,1,1,24.0,24,24,4.0,2,0,238,4,25646,432,186216660483079.28,186216660449285.12,252,19,0,233,0,0,0,19,762.7968407009317,702.1276595744681,0.9894736842105263,1.0,0.9791666666666666
POST-HOC DEVELOPMENT DIAGNOSTIC,NOT FINAL EFFICACY,NOT PARAMETER SELECTION,NO METHOD CHANGE AUTHORIZED,residual-floor-0.1,primary,re2tt_ts-train-service_delay_3,ts-train-service,delay,0868b9b567cd44c8,G,MT,10.0,0.01,0.1,5,24,12,1,18,9,218,191,27,0,3,2,1,0,24.0,24,24,4.0,2,0,218,3,23486,324,,,252,19,0,233,0,0,19,0,797.681057003926,755.3191489361706,0.9894736842105263,1.0,0.9791666666666666
POST-HOC DEVELOPMENT DIAGNOSTIC,NOT FINAL EFFICACY,NOT PARAMETER SELECTION,NO METHOD CHANGE AUTHORIZED,residual-floor-0.1,primary,re2tt_ts-train-service_delay_3,ts-train-service,delay,0868b9b567cd44c8,L,MT,10.0,0.01,0.1,5,24,12,1,18,9,218,191,27,0,3,2,1,0,24.0,24,24,4.0,2,0,218,3,23486,324,,,252,49,0,203,0,0,49,0,16611552333590.365,15889082640897.588,0.050314465408805034,0.26666666666666666,0.027777777777777776
POST-HOC DEVELOPMENT DIAGNOSTIC,NOT FINAL EFFICACY,NOT PARAMETER SELECTION,NO METHOD CHANGE AUTHORIZED,residual-floor-0.1,primary,re2tt_ts-train-service_delay_3,ts-train-service,delay,0868b9b567cd44c8,ALL,MT,10.0,0.01,0.1,5,24,12,1,18,9,218,191,27,0,3,2,1,0,24.0,24,24,4.0,2,0,218,3,23486,324,,,252,4,0,248,0,0,4,0,702.1276595744681,612.5270592764368,0.9825783972125436,0.986013986013986,0.9791666666666666
POST-HOC DEVELOPMENT DIAGNOSTIC,NOT FINAL EFFICACY,NOT PARAMETER SELECTION,NO METHOD CHANGE AUTHORIZED,residual-floor-0.1,primary,re2tt_ts-travel-service_disk_1,ts-travel-service,disk,27afdc4e5ac07b32,G,MTL,10.0,0.01,0.1,5,24,12,1,18,9,232,186,26,20,7,2,2,3,24.0,24,24,5.0,2,0,226,7,24408,756,446437101902884.75,446437101874820.25,252,0,0,252,0,0,0,0,894.7368421052632,824.5614035087717,0.9657534246575342,0.9527027027027027,0.9791666666666666
POST-HOC DEVELOPMENT DIAGNOSTIC,NOT FINAL EFFICACY,NOT PARAMETER SELECTION,NO METHOD CHANGE AUTHORIZED,residual-floor-0.1,primary,re2tt_ts-travel-service_disk_1,ts-travel-service,disk,27afdc4e5ac07b32,L,MTL,10.0,0.01,0.1,5,24,12,1,18,9,232,186,26,20,7,2,2,3,24.0,24,24,5.0,2,0,226,7,24408,756,454515317462196.7,454515317434471.25,252,0,0,252,0,0,0,0,22556999180771.914,22169492719693.777,0.0,0.0,0.0
POST-HOC DEVELOPMENT DIAGNOSTIC,NOT FINAL EFFICACY,NOT PARAMETER SELECTION,NO METHOD CHANGE AUTHORIZED,residual-floor-0.1,primary,re2tt_ts-travel-service_disk_1,ts-travel-service,disk,27afdc4e5ac07b32,ALL,MTL,10.0,0.01,0.1,5,24,12,1,18,9,232,186,26,20,7,2,2,3,24.0,24,24,5.0,2,0,226,7,24408,756,446509318337116.06,446509318309592.6,252,0,0,252,0,0,0,0,762.7968407009317,702.1276595744681,0.9657534246575342,0.9527027027027027,0.9791666666666666
POST-HOC DEVELOPMENT DIAGNOSTIC,NOT FINAL EFFICACY,NOT PARAMETER SELECTION,NO METHOD CHANGE AUTHORIZED,residual-floor-0.1,primary,re2tt_ts-travel-service_disk_1,ts-travel-service,disk,27afdc4e5ac07b32,G,MT,10.0,0.01,0.1,5,24,12,1,18,9,212,186,26,0,4,2,2,0,24.0,24,24,3.5,2,0,206,4,22248,432,,,252,0,0,252,0,0,0,0,797.681057003926,755.3191489361706,0.9657534246575342,0.9527027027027027,0.9791666666666666
POST-HOC DEVELOPMENT DIAGNOSTIC,NOT FINAL EFFICACY,NOT PARAMETER SELECTION,NO METHOD CHANGE AUTHORIZED,residual-floor-0.1,primary,re2tt_ts-travel-service_disk_1,ts-travel-service,disk,27afdc4e5ac07b32,L,MT,10.0,0.01,0.1,5,24,12,1,18,9,212,186,26,0,4,2,2,0,24.0,24,24,3.5,2,0,206,4,22248,432,,,252,0,0,252,0,0,0,0,16611552333590.365,15889082640897.588,0.0,0.0,0.0
POST-HOC DEVELOPMENT DIAGNOSTIC,NOT FINAL EFFICACY,NOT PARAMETER SELECTION,NO METHOD CHANGE AUTHORIZED,residual-floor-0.1,primary,re2tt_ts-travel-service_disk_1,ts-travel-service,disk,27afdc4e5ac07b32,ALL,MT,10.0,0.01,0.1,5,24,12,1,18,9,212,186,26,0,4,2,2,0,24.0,24,24,3.5,2,0,206,4,22248,432,,,252,0,0,252,0,0,0,0,702.1276595744681,612.5270592764368,0.9657534246575342,0.9527027027027027,0.9791666666666666
POST-HOC DEVELOPMENT DIAGNOSTIC,NOT FINAL EFFICACY,NOT PARAMETER SELECTION,NO METHOD CHANGE AUTHORIZED,residual-floor-0.1,primary,re2tt_ts-travel-service_disk_2,ts-travel-service,disk,757b880ecadc87f4,G,MTL,10.0,0.01,0.1,5,24,12,1,18,9,183,149,20,14,11,9,1,1,24.0,24,24,4.0,7,0,183,11,19748,1188,158436240929747.25,158436240898537.1,252,0,0,252,0,0,0,0,894.7368421052632,824.5614035087717,0.9823321554770318,1.0,0.9652777777777778
POST-HOC DEVELOPMENT DIAGNOSTIC,NOT FINAL EFFICACY,NOT PARAMETER SELECTION,NO METHOD CHANGE AUTHORIZED,residual-floor-0.1,primary,re2tt_ts-travel-service_disk_2,ts-travel-service,disk,757b880ecadc87f4,L,MTL,10.0,0.01,0.1,5,24,12,1,18,9,183,149,20,14,11,9,1,1,24.0,24,24,4.0,7,0,183,11,19748,1188,158401373147115.66,158401373116121.72,252,0,0,252,0,0,0,0,22556999180771.914,22169492719693.777,0.0,0.0,0.0
POST-HOC DEVELOPMENT DIAGNOSTIC,NOT FINAL EFFICACY,NOT PARAMETER SELECTION,NO METHOD CHANGE AUTHORIZED,residual-floor-0.1,primary,re2tt_ts-travel-service_disk_2,ts-travel-service,disk,757b880ecadc87f4,ALL,MTL,10.0,0.01,0.1,5,24,12,1,18,9,183,149,20,14,11,9,1,1,24.0,24,24,4.0,7,0,183,11,19748,1188,158268543011742.72,158268542980691.44,252,0,0,252,0,0,0,0,762.7968407009317,702.1276595744681,0.9823321554770318,1.0,0.9652777777777778
POST-HOC DEVELOPMENT DIAGNOSTIC,NOT FINAL EFFICACY,NOT PARAMETER SELECTION,NO METHOD CHANGE AUTHORIZED,residual-floor-0.1,primary,re2tt_ts-travel-service_disk_2,ts-travel-service,disk,757b880ecadc87f4,G,MT,10.0,0.01,0.1,5,24,12,1,18,9,169,149,20,0,10,9,1,0,24.0,24,24,4.0,7,0,169,10,18236,1080,,,252,0,0,252,0,0,0,0,797.681057003926,755.3191489361706,0.9823321554770318,1.0,0.9652777777777778
POST-HOC DEVELOPMENT DIAGNOSTIC,NOT FINAL EFFICACY,NOT PARAMETER SELECTION,NO METHOD CHANGE AUTHORIZED,residual-floor-0.1,primary,re2tt_ts-travel-service_disk_2,ts-travel-service,disk,757b880ecadc87f4,L,MT,10.0,0.01,0.1,5,24,12,1,18,9,169,149,20,0,10,9,1,0,24.0,24,24,4.0,7,0,169,10,18236,1080,,,252,0,0,252,0,0,0,0,16611552333590.365,15889082640897.588,0.0,0.0,0.0
POST-HOC DEVELOPMENT DIAGNOSTIC,NOT FINAL EFFICACY,NOT PARAMETER SELECTION,NO METHOD CHANGE AUTHORIZED,residual-floor-0.1,primary,re2tt_ts-travel-service_disk_2,ts-travel-service,disk,757b880ecadc87f4,ALL,MT,10.0,0.01,0.1,5,24,12,1,18,9,169,149,20,0,10,9,1,0,24.0,24,24,4.0,7,0,169,10,18236,1080,,,252,0,0,252,0,0,0,0,702.1276595744681,612.5270592764368,0.9823321554770318,1.0,0.9652777777777778
POST-HOC DEVELOPMENT DIAGNOSTIC,NOT FINAL EFFICACY,NOT PARAMETER SELECTION,NO METHOD CHANGE AUTHORIZED,residual-floor-0.1,primary,re2tt_ts-travel-service_disk_3,ts-travel-service,disk,3b90d794c8506cef,G,MTL,10.0,0.01,0.1,5,24,12,1,18,9,183,149,20,14,9,9,0,0,24.0,24,24,,9,0,183,9,19760,972,19896.71104463753,0.0,252,0,0,252,0,0,0,0,894.7368421052632,824.5614035087717,0.9965156794425087,1.0,0.9930555555555556
POST-HOC DEVELOPMENT DIAGNOSTIC,NOT FINAL EFFICACY,NOT PARAMETER SELECTION,NO METHOD CHANGE AUTHORIZED,residual-floor-0.1,primary,re2tt_ts-travel-service_disk_3,ts-travel-service,disk,3b90d794c8506cef,L,MTL,10.0,0.01,0.1,5,24,12,1,18,9,183,149,20,14,9,9,0,0,24.0,24,24,,9,0,183,9,19760,972,19864.896282160367,0.0,252,0,0,252,0,0,0,0,22556999180771.914,22169492719693.777,0.0,0.0,0.0
POST-HOC DEVELOPMENT DIAGNOSTIC,NOT FINAL EFFICACY,NOT PARAMETER SELECTION,NO METHOD CHANGE AUTHORIZED,residual-floor-0.1,primary,re2tt_ts-travel-service_disk_3,ts-travel-service,disk,3b90d794c8506cef,ALL,MTL,10.0,0.01,0.1,5,24,12,1,18,9,183,149,20,14,9,9,0,0,24.0,24,24,,9,0,183,9,19760,972,19887.823517704663,0.0,252,0,0,252,0,0,0,0,762.7968407009317,702.1276595744681,0.9965156794425087,1.0,0.9930555555555556
POST-HOC DEVELOPMENT DIAGNOSTIC,NOT FINAL EFFICACY,NOT PARAMETER SELECTION,NO METHOD CHANGE AUTHORIZED,residual-floor-0.1,primary,re2tt_ts-travel-service_disk_3,ts-travel-service,disk,3b90d794c8506cef,G,MT,10.0,0.01,0.1,5,24,12,1,18,9,169,149,20,0,9,9,0,0,24.0,24,24,,9,0,169,9,18248,972,,,252,0,0,252,0,0,0,0,797.681057003926,755.3191489361706,0.9965156794425087,1.0,0.9930555555555556
POST-HOC DEVELOPMENT DIAGNOSTIC,NOT FINAL EFFICACY,NOT PARAMETER SELECTION,NO METHOD CHANGE AUTHORIZED,residual-floor-0.1,primary,re2tt_ts-travel-service_disk_3,ts-travel-service,disk,3b90d794c8506cef,L,MT,10.0,0.01,0.1,5,24,12,1,18,9,169,149,20,0,9,9,0,0,24.0,24,24,,9,0,169,9,18248,972,,,252,0,0,252,0,0,0,0,16611552333590.365,15889082640897.588,0.0,0.0,0.0
POST-HOC DEVELOPMENT DIAGNOSTIC,NOT FINAL EFFICACY,NOT PARAMETER SELECTION,NO METHOD CHANGE AUTHORIZED,residual-floor-0.1,primary,re2tt_ts-travel-service_disk_3,ts-travel-service,disk,3b90d794c8506cef,ALL,MT,10.0,0.01,0.1,5,24,12,1,18,9,169,149,20,0,9,9,0,0,24.0,24,24,,9,0,169,9,18248,972,,,252,0,0,252,0,0,0,0,702.1276595744681,612.5270592764368,0.9965156794425087,1.0,0.9930555555555556
POST-HOC DEVELOPMENT DIAGNOSTIC,NOT FINAL EFFICACY,NOT PARAMETER SELECTION,NO METHOD CHANGE AUTHORIZED,residual-floor-0.1,primary,re2tt_ts-travel-service_loss_1,ts-travel-service,loss,dd8536efed49ca5a,G,MTL,10.0,0.01,0.1,5,24,12,1,18,9,238,191,27,20,2,2,0,0,24.0,24,24,,2,0,238,2,25630,216,27197.13122040166,0.0,252,0,0,252,0,0,0,0,894.7368421052632,824.5614035087717,0.9328621908127208,0.9496402877697842,0.9166666666666666
POST-HOC DEVELOPMENT DIAGNOSTIC,NOT FINAL EFFICACY,NOT PARAMETER SELECTION,NO METHOD CHANGE AUTHORIZED,residual-floor-0.1,primary,re2tt_ts-travel-service_loss_1,ts-travel-service,loss,dd8536efed49ca5a,L,MTL,10.0,0.01,0.1,5,24,12,1,18,9,238,191,27,20,2,2,0,0,24.0,24,24,,2,0,238,2,25630,216,27296.296927562278,0.0,252,0,0,252,0,0,0,0,22289971545759.227,22169492719693.777,0.0,0.0,0.0
POST-HOC DEVELOPMENT DIAGNOSTIC,NOT FINAL EFFICACY,NOT PARAMETER SELECTION,NO METHOD CHANGE AUTHORIZED,residual-floor-0.1,primary,re2tt_ts-travel-service_loss_1,ts-travel-service,loss,dd8536efed49ca5a,ALL,MTL,10.0,0.01,0.1,5,24,12,1,18,9,238,191,27,20,2,2,0,0,24.0,24,24,,2,0,238,2,25630,216,27289.771605986505,0.0,252,0,0,252,0,0,0,0,702.1276595744681,702.1276595744681,0.9488054607508533,0.9328859060402684,0.9652777777777778
POST-HOC DEVELOPMENT DIAGNOSTIC,NOT FINAL EFFICACY,NOT PARAMETER SELECTION,NO METHOD CHANGE AUTHORIZED,residual-floor-0.1,primary,re2tt_ts-travel-service_loss_1,ts-travel-service,loss,dd8536efed49ca5a,G,MT,10.0,0.01,0.1,5,24,12,1,18,9,218,191,27,0,2,2,0,0,24.0,24,24,,2,0,218,2,23470,216,,,252,0,0,252,0,0,0,0,781.9148936170218,755.3191489361706,0.9488054607508533,0.9328859060402684,0.9652777777777778
POST-HOC DEVELOPMENT DIAGNOSTIC,NOT FINAL EFFICACY,NOT PARAMETER SELECTION,NO METHOD CHANGE AUTHORIZED,residual-floor-0.1,primary,re2tt_ts-travel-service_loss_1,ts-travel-service,loss,dd8536efed49ca5a,L,MT,10.0,0.01,0.1,5,24,12,1,18,9,218,191,27,0,2,2,0,0,24.0,24,24,,2,0,218,2,23470,216,,,252,0,0,252,0,0,0,0,16211157102539.545,15889082640897.588,0.0,0.0,0.0
POST-HOC DEVELOPMENT DIAGNOSTIC,NOT FINAL EFFICACY,NOT PARAMETER SELECTION,NO METHOD CHANGE AUTHORIZED,residual-floor-0.1,primary,re2tt_ts-travel-service_loss_1,ts-travel-service,loss,dd8536efed49ca5a,ALL,MT,10.0,0.01,0.1,5,24,12,1,18,9,218,191,27,0,2,2,0,0,24.0,24,24,,2,0,218,2,23470,216,,,252,0,0,252,0,0,0,0,609.8138047248907,612.5270592764368,0.9488054607508533,0.9328859060402684,0.9652777777777778
POST-HOC DEVELOPMENT DIAGNOSTIC,NOT FINAL EFFICACY,NOT PARAMETER SELECTION,NO METHOD CHANGE AUTHORIZED,residual-floor-0.1,primary,re2tt_ts-travel-service_loss_2,ts-travel-service,loss,b493b6b9e7b01687,G,MTL,10.0,0.01,0.1,5,24,12,1,18,9,246,199,27,20,12,10,1,1,24.0,24,24,2.0,10,0,244,12,26316,1296,175400801130269.0,175400801098429.44,252,33,0,219,0,3,26,4,894.7368421052632,824.5614035087717,0.9424460431654677,0.9776119402985075,0.9097222222222222
POST-HOC DEVELOPMENT DIAGNOSTIC,NOT FINAL EFFICACY,NOT PARAMETER SELECTION,NO METHOD CHANGE AUTHORIZED,residual-floor-0.1,primary,re2tt_ts-travel-service_loss_2,ts-travel-service,loss,b493b6b9e7b01687,L,MTL,10.0,0.01,0.1,5,24,12,1,18,9,246,199,27,20,12,10,1,1,24.0,24,24,2.0,10,0,244,12,26316,1296,175554582429450.25,175554582397798.75,252,79,0,173,0,3,13,63,22289971545759.227,22169492719693.777,0.36893203883495146,0.6129032258064516,0.2638888888888889
POST-HOC DEVELOPMENT DIAGNOSTIC,NOT FINAL EFFICACY,NOT PARAMETER SELECTION,NO METHOD CHANGE AUTHORIZED,residual-floor-0.1,primary,re2tt_ts-travel-service_loss_2,ts-travel-service,loss,b493b6b9e7b01687,ALL,MTL,10.0,0.01,0.1,5,24,12,1,18,9,246,199,27,20,12,10,1,1,24.0,24,24,2.0,10,0,244,12,26316,1296,175194888579874.9,175194888548175.0,252,31,0,221,0,3,26,2,702.1276595744681,702.1276595744681,0.9192982456140351,0.9290780141843972,0.9097222222222222
POST-HOC DEVELOPMENT DIAGNOSTIC,NOT FINAL EFFICACY,NOT PARAMETER SELECTION,NO METHOD CHANGE AUTHORIZED,residual-floor-0.1,primary,re2tt_ts-travel-service_loss_2,ts-travel-service,loss,b493b6b9e7b01687,G,MT,10.0,0.01,0.1,5,24,12,1,18,9,226,199,27,0,11,10,1,0,24.0,24,24,2.0,10,0,224,11,24156,1188,,,252,30,0,222,0,3,27,0,781.9148936170218,755.3191489361706,0.9192982456140351,0.9290780141843972,0.9097222222222222
POST-HOC DEVELOPMENT DIAGNOSTIC,NOT FINAL EFFICACY,NOT PARAMETER SELECTION,NO METHOD CHANGE AUTHORIZED,residual-floor-0.1,primary,re2tt_ts-travel-service_loss_2,ts-travel-service,loss,b493b6b9e7b01687,L,MT,10.0,0.01,0.1,5,24,12,1,18,9,226,199,27,0,11,10,1,0,24.0,24,24,2.0,10,0,224,11,24156,1188,,,252,73,0,179,0,3,70,0,16211157102539.545,15889082640897.588,0.3786407766990291,0.6290322580645161,0.2708333333333333
POST-HOC DEVELOPMENT DIAGNOSTIC,NOT FINAL EFFICACY,NOT PARAMETER SELECTION,NO METHOD CHANGE AUTHORIZED,residual-floor-0.1,primary,re2tt_ts-travel-service_loss_2,ts-travel-service,loss,b493b6b9e7b01687,ALL,MT,10.0,0.01,0.1,5,24,12,1,18,9,226,199,27,0,11,10,1,0,24.0,24,24,2.0,10,0,224,11,24156,1188,,,252,29,0,223,0,3,26,0,609.8138047248907,612.5270592764368,0.9305555555555556,0.9305555555555556,0.9305555555555556
POST-HOC DEVELOPMENT DIAGNOSTIC,NOT FINAL EFFICACY,NOT PARAMETER SELECTION,NO METHOD CHANGE AUTHORIZED,residual-floor-0.1,primary,re2tt_ts-travel-service_loss_3,ts-travel-service,loss,7138fe1fe1ddf617,G,MTL,10.0,0.01,0.1,5,24,12,1,18,9,239,192,27,20,3,3,0,0,24.0,24,24,,3,0,239,3,25784,324,23068.52765699975,0.0,252,18,0,234,0,18,0,0,894.7368421052632,824.5614035087717,0.3448275862068966,1.0,0.20833333333333334
POST-HOC DEVELOPMENT DIAGNOSTIC,NOT FINAL EFFICACY,NOT PARAMETER SELECTION,NO METHOD CHANGE AUTHORIZED,residual-floor-0.1,primary,re2tt_ts-travel-service_loss_3,ts-travel-service,loss,7138fe1fe1ddf617,L,MTL,10.0,0.01,0.1,5,24,12,1,18,9,239,192,27,20,3,3,0,0,24.0,24,24,,3,0,239,3,25784,324,23157.097809497413,0.0,252,18,0,234,0,18,0,0,22289971545759.227,22169492719693.777,0.0,0.0,0.0
POST-HOC DEVELOPMENT DIAGNOSTIC,NOT FINAL EFFICACY,NOT PARAMETER SELECTION,NO METHOD CHANGE AUTHORIZED,residual-floor-0.1,primary,re2tt_ts-travel-service_loss_3,ts-travel-service,loss,7138fe1fe1ddf617,ALL,MTL,10.0,0.01,0.1,5,24,12,1,18,9,239,192,27,20,3,3,0,0,24.0,24,24,,3,0,239,3,25784,324,23135.17476795256,0.0,252,18,0,234,0,18,0,0,702.1276595744681,702.1276595744681,0.3333333333333333,0.8333333333333334,0.20833333333333334
POST-HOC DEVELOPMENT DIAGNOSTIC,NOT FINAL EFFICACY,NOT PARAMETER SELECTION,NO METHOD CHANGE AUTHORIZED,residual-floor-0.1,primary,re2tt_ts-travel-service_loss_3,ts-travel-service,loss,7138fe1fe1ddf617,G,MT,10.0,0.01,0.1,5,24,12,1,18,9,219,192,27,0,3,3,0,0,24.0,24,24,,3,0,219,3,23624,324,,,252,18,0,234,0,18,0,0,781.9148936170218,755.3191489361706,0.3333333333333333,0.8333333333333334,0.20833333333333334
POST-HOC DEVELOPMENT DIAGNOSTIC,NOT FINAL EFFICACY,NOT PARAMETER SELECTION,NO METHOD CHANGE AUTHORIZED,residual-floor-0.1,primary,re2tt_ts-travel-service_loss_3,ts-travel-service,loss,7138fe1fe1ddf617,L,MT,10.0,0.01,0.1,5,24,12,1,18,9,219,192,27,0,3,3,0,0,24.0,24,24,,3,0,219,3,23624,324,,,252,18,0,234,0,18,0,0,16211157102539.545,15889082640897.588,0.0,0.0,0.0
POST-HOC DEVELOPMENT DIAGNOSTIC,NOT FINAL EFFICACY,NOT PARAMETER SELECTION,NO METHOD CHANGE AUTHORIZED,residual-floor-0.1,primary,re2tt_ts-travel-service_loss_3,ts-travel-service,loss,7138fe1fe1ddf617,ALL,MT,10.0,0.01,0.1,5,24,12,1,18,9,219,192,27,0,3,3,0,0,24.0,24,24,,3,0,219,3,23624,324,,,252,18,0,234,0,18,0,0,609.8138047248907,612.5270592764368,0.32786885245901637,0.7692307692307693,0.20833333333333334
POST-HOC DEVELOPMENT DIAGNOSTIC,NOT FINAL EFFICACY,NOT PARAMETER SELECTION,NO METHOD CHANGE AUTHORIZED,relative-floor-0.0001,primary,re2tt_ts-auth-service_cpu_1,ts-auth-service,cpu,96538c0c0d6a11d8,G,MTL,10.0,0.0001,0.01,5,24,12,1,18,9,229,202,27,0,13,13,0,0,24.0,24,24,,13,0,229,13,24684,1404,338421.80925349524,0.0,252,3,0,249,0,3,0,0,382978.72340425604,436170.2127659584,0.15286624203821655,0.9230769230769231,0.08333333333333333
POST-HOC DEVELOPMENT DIAGNOSTIC,NOT FINAL EFFICACY,NOT PARAMETER SELECTION,NO METHOD CHANGE AUTHORIZED,relative-floor-0.0001,primary,re2tt_ts-auth-service_cpu_1,ts-auth-service,cpu,96538c0c0d6a11d8,L,MTL,10.0,0.0001,0.01,5,24,12,1,18,9,229,202,27,0,13,13,0,0,24.0,24,24,,13,0,229,13,24684,1404,338701.2012942819,0.0,252,3,0,249,0,3,0,0,221694927196937.78,221694927196937.78,0.0,0.0,0.0
POST-HOC DEVELOPMENT DIAGNOSTIC,NOT FINAL EFFICACY,NOT PARAMETER SELECTION,NO METHOD CHANGE AUTHORIZED,relative-floor-0.0001,primary,re2tt_ts-auth-service_cpu_1,ts-auth-service,cpu,96538c0c0d6a11d8,ALL,MTL,10.0,0.0001,0.01,5,24,12,1,18,9,229,202,27,0,13,13,0,0,24.0,24,24,,13,0,229,13,24684,1404,350626.19620437786,0.0,252,3,0,249,0,3,0,0,382978.7234042561,436170.2127659584,0.15286624203821655,0.9230769230769231,0.08333333333333333
POST-HOC DEVELOPMENT DIAGNOSTIC,NOT FINAL EFFICACY,NOT PARAMETER SELECTION,NO METHOD CHANGE AUTHORIZED,relative-floor-0.0001,primary,re2tt_ts-auth-service_cpu_1,ts-auth-service,cpu,96538c0c0d6a11d8,G,MT,10.0,0.0001,0.01,5,24,12,1,18,9,229,202,27,0,13,13,0,0,24.0,24,24,,13,0,229,13,24684,1404,,,252,3,0,249,0,3,0,0,382978.72340425604,436170.2127659584,0.15286624203821655,0.9230769230769231,0.08333333333333333
POST-HOC DEVELOPMENT DIAGNOSTIC,NOT FINAL EFFICACY,NOT PARAMETER SELECTION,NO METHOD CHANGE AUTHORIZED,relative-floor-0.0001,primary,re2tt_ts-auth-service_cpu_1,ts-auth-service,cpu,96538c0c0d6a11d8,L,MT,10.0,0.0001,0.01,5,24,12,1,18,9,229,202,27,0,13,13,0,0,24.0,24,24,,13,0,229,13,24684,1404,,,252,3,0,249,0,3,0,0,153372350762147.56,158890826408975.88,0.0,0.0,0.0
POST-HOC DEVELOPMENT DIAGNOSTIC,NOT FINAL EFFICACY,NOT PARAMETER SELECTION,NO METHOD CHANGE AUTHORIZED,relative-floor-0.0001,primary,re2tt_ts-auth-service_cpu_1,ts-auth-service,cpu,96538c0c0d6a11d8,ALL,MT,10.0,0.0001,0.01,5,24,12,1,18,9,229,202,27,0,13,13,0,0,24.0,24,24,,13,0,229,13,24684,1404,,,252,3,0,249,0,3,0,0,382978.7234042561,436170.2127659584,0.15286624203821655,0.9230769230769231,0.08333333333333333
POST-HOC DEVELOPMENT DIAGNOSTIC,NOT FINAL EFFICACY,NOT PARAMETER SELECTION,NO METHOD CHANGE AUTHORIZED,relative-floor-0.0001,primary,re2tt_ts-auth-service_cpu_2,ts-auth-service,cpu,63f914383963739b,G,MTL,10.0,0.0001,0.01,5,24,12,1,18,9,241,194,27,20,7,5,1,1,24.0,24,24,4.5,5,0,241,7,25908,756,176311240355892.44,176311239562164.03,252,7,0,245,0,0,1,6,382978.72340425604,436170.2127659584,0.4588744588744589,0.6091954022988506,0.3680555555555556
POST-HOC DEVELOPMENT DIAGNOSTIC,NOT FINAL EFFICACY,NOT PARAMETER SELECTION,NO METHOD CHANGE AUTHORIZED,relative-floor-0.0001,primary,re2tt_ts-auth-service_cpu_2,ts-auth-service,cpu,63f914383963739b,L,MTL,10.0,0.0001,0.01,5,24,12,1,18,9,241,194,27,20,7,5,1,1,24.0,24,24,4.5,5,0,241,7,25908,756,176293600798704.03,176293600183431.78,252,89,0,163,0,0,9,80,221694927196937.78,221694927196937.78,0.20809248554913296,0.6206896551724138,0.125
POST-HOC DEVELOPMENT DIAGNOSTIC,NOT FINAL EFFICACY,NOT PARAMETER SELECTION,NO METHOD CHANGE AUTHORIZED,relative-floor-0.0001,primary,re2tt_ts-auth-service_cpu_2,ts-auth-service,cpu,63f914383963739b,ALL,MTL,10.0,0.0001,0.01,5,24,12,1,18,9,241,194,27,20,7,5,1,1,24.0,24,24,4.5,5,0,241,7,25908,756,176373313976772.8,176373312888848.03,252,20,0,232,0,0,0,20,382978.7234042561,436170.2127659584,0.4588744588744589,0.6091954022988506,0.3680555555555556
POST-HOC DEVELOPMENT DIAGNOSTIC,NOT FINAL EFFICACY,NOT PARAMETER SELECTION,NO METHOD CHANGE AUTHORIZED,relative-floor-0.0001,primary,re2tt_ts-auth-service_cpu_2,ts-auth-service,cpu,63f914383963739b,G,MT,10.0,0.0001,0.01,5,24,12,1,18,9,221,194,27,0,6,5,1,0,24.0,24,24,4.0,5,0,221,6,23748,648,,,252,5,0,247,0,0,5,0,382978.72340425604,436170.2127659584,0.4588744588744589,0.6091954022988506,0.3680555555555556
POST-HOC DEVELOPMENT DIAGNOSTIC,NOT FINAL EFFICACY,NOT PARAMETER SELECTION,NO METHOD CHANGE AUTHORIZED,relative-floor-0.0001,primary,re2tt_ts-auth-service_cpu_2,ts-auth-service,cpu,63f914383963739b,L,MT,10.0,0.0001,0.01,5,24,12,1,18,9,221,194,27,0,6,5,1,0,24.0,24,24,4.0,5,0,221,6,23748,648,,,252,49,0,203,0,0,49,0,153372350762147.56,158890826408975.88,0.2702702702702703,0.6097560975609756,0.1736111111111111
POST-HOC DEVELOPMENT DIAGNOSTIC,NOT FINAL EFFICACY,NOT PARAMETER SELECTION,NO METHOD CHANGE AUTHORIZED,relative-floor-0.0001,primary,re2tt_ts-auth-service_cpu_2,ts-auth-service,cpu,63f914383963739b,ALL,MT,10.0,0.0001,0.01,5,24,12,1,18,9,221,194,27,0,6,5,1,0,24.0,24,24,4.0,5,0,221,6,23748,648,,,252,8,0,244,0,0,8,0,382978.7234042561,436170.2127659584,0.4588744588744589,0.6091954022988506,0.3680555555555556
POST-HOC DEVELOPMENT DIAGNOSTIC,NOT FINAL EFFICACY,NOT PARAMETER SELECTION,NO METHOD CHANGE AUTHORIZED,relative-floor-0.0001,primary,re2tt_ts-auth-service_cpu_3,ts-auth-service,cpu,45e43770afa33cef,G,MTL,10.0,0.0001,0.01,5,24,12,1,18,9,247,200,27,20,18,11,4,3,24.0,24,24,5.0,11,0,247,18,26600,1944,628817188453557.8,628817187989269.8,252,1,0,251,0,0,0,1,382978.72340425604,436170.2127659584,0.0,0.0,0.0
POST-HOC DEVELOPMENT DIAGNOSTIC,NOT FINAL EFFICACY,NOT PARAMETER SELECTION,NO METHOD CHANGE AUTHORIZED,relative-floor-0.0001,primary,re2tt_ts-auth-service_cpu_3,ts-auth-service,cpu,45e43770afa33cef,L,MTL,10.0,0.0001,0.01,5,24,12,1,18,9,247,200,27,20,18,11,4,3,24.0,24,24,5.0,11,0,247,18,26600,1944,631819036745816.2,631819036280711.6,252,79,0,173,0,0,9,70,221694927196937.78,221694927196937.78,0.4056603773584906,0.6323529411764706,0.2986111111111111
POST-HOC DEVELOPMENT DIAGNOSTIC,NOT FINAL EFFICACY,NOT PARAMETER SELECTION,NO METHOD CHANGE AUTHORIZED,relative-floor-0.0001,primary,re2tt_ts-auth-service_cpu_3,ts-auth-service,cpu,45e43770afa33cef,ALL,MTL,10.0,0.0001,0.01,5,24,12,1,18,9,247,200,27,20,18,11,4,3,24.0,24,24,5.0,11,0,247,18,26600,1944,646771843585179.2,646771843096785.5,252,0,0,252,0,0,0,0,382978.7234042561,436170.2127659584,0.0,0.0,0.0
POST-HOC DEVELOPMENT DIAGNOSTIC,NOT FINAL EFFICACY,NOT PARAMETER SELECTION,NO METHOD CHANGE AUTHORIZED,relative-floor-0.0001,primary,re2tt_ts-auth-service_cpu_3,ts-auth-service,cpu,45e43770afa33cef,G,MT,10.0,0.0001,0.01,5,24,12,1,18,9,227,200,27,0,15,11,4,0,24.0,24,24,4.0,11,0,227,15,24440,1620,,,252,0,0,252,0,0,0,0,382978.72340425604,436170.2127659584,0.0,0.0,0.0
POST-HOC DEVELOPMENT DIAGNOSTIC,NOT FINAL EFFICACY,NOT PARAMETER SELECTION,NO METHOD CHANGE AUTHORIZED,relative-floor-0.0001,primary,re2tt_ts-auth-service_cpu_3,ts-auth-service,cpu,45e43770afa33cef,L,MT,10.0,0.0001,0.01,5,24,12,1,18,9,227,200,27,0,15,11,4,0,24.0,24,24,4.0,11,0,227,15,24440,1620,,,252,73,0,179,0,0,73,0,153372350762147.56,158890826408975.88,0.3981042654028436,0.6268656716417911,0.2916666666666667
POST-HOC DEVELOPMENT DIAGNOSTIC,NOT FINAL EFFICACY,NOT PARAMETER SELECTION,NO METHOD CHANGE AUTHORIZED,relative-floor-0.0001,primary,re2tt_ts-auth-service_cpu_3,ts-auth-service,cpu,45e43770afa33cef,ALL,MT,10.0,0.0001,0.01,5,24,12,1,18,9,227,200,27,0,15,11,4,0,24.0,24,24,4.0,11,0,227,15,24440,1620,,,252,0,0,252,0,0,0,0,382978.7234042561,436170.2127659584,0.0,0.0,0.0
POST-HOC DEVELOPMENT DIAGNOSTIC,NOT FINAL EFFICACY,NOT PARAMETER SELECTION,NO METHOD CHANGE AUTHORIZED,relative-floor-0.0001,primary,re2tt_ts-auth-service_delay_1,ts-auth-service,delay,87443a2d6d14434c,G,MTL,10.0,0.0001,0.01,5,24,12,1,18,9,252,204,27,21,18,15,2,1,24.0,1,24,5.0,13,1,251,17,27048,1836,192842515765395.97,192842515493492.25,252,5,0,247,0,5,0,0,436170.2127659584,436170.2127659584,0.06711409395973154,1.0,0.034722222222222224
POST-HOC DEVELOPMENT DIAGNOSTIC,NOT FINAL EFFICACY,NOT PARAMETER SELECTION,NO METHOD CHANGE AUTHORIZED,relative-floor-0.0001,primary,re2tt_ts-auth-service_delay_1,ts-auth-service,delay,87443a2d6d14434c,L,MTL,10.0,0.0001,0.01,5,24,12,1,18,9,252,204,27,21,18,15,2,1,24.0,1,24,5.0,13,1,251,17,27048,1836,192842294778553.44,192842294507231.94,252,5,0,247,0,5,0,0,222899715457592.28,221694927196937.78,0.0,0.0,0.0
POST-HOC DEVELOPMENT DIAGNOSTIC,NOT FINAL EFFICACY,NOT PARAMETER SELECTION,NO METHOD CHANGE AUTHORIZED,relative-floor-0.0001,primary,re2tt_ts-auth-service_delay_1,ts-auth-service,delay,87443a2d6d14434c,ALL,MTL,10.0,0.0001,0.01,5,24,12,1,18,9,252,204,27,21,18,15,2,1,24.0,1,24,5.0,13,1,251,17,27048,1836,192537920841647.5,192537920531532.75,252,6,0,246,0,6,0,0,436170.2127659584,436170.2127659584,0.08,1.0,0.041666666666666664
POST-HOC DEVELOPMENT DIAGNOSTIC,NOT FINAL EFFICACY,NOT PARAMETER SELECTION,NO METHOD CHANGE AUTHORIZED,relative-floor-0.0001,primary,re2tt_ts-auth-service_delay_1,ts-auth-service,delay,87443a2d6d14434c,G,MT,10.0,0.0001,0.01,5,24,12,1,18,9,231,204,27,0,17,15,2,0,24.0,1,24,5.0,13,1,230,16,24780,1728,,,252,5,0,247,0,5,0,0,436170.2127659584,436170.2127659584,0.06711409395973154,1.0,0.034722222222222224
POST-HOC DEVELOPMENT DIAGNOSTIC,NOT FINAL EFFICACY,NOT PARAMETER SELECTION,NO METHOD CHANGE AUTHORIZED,relative-floor-0.0001,primary,re2tt_ts-auth-service_delay_1,ts-auth-service,delay,87443a2d6d14434c,L,MT,10.0,0.0001,0.01,5,24,12,1,18,9,231,204,27,0,17,15,2,0,24.0,1,24,5.0,13,1,230,16,24780,1728,,,252,5,0,247,0,5,0,0,162111571025395.47,158890826408975.88,0.0,0.0,0.0
POST-HOC DEVELOPMENT DIAGNOSTIC,NOT FINAL EFFICACY,NOT PARAMETER SELECTION,NO METHOD CHANGE AUTHORIZED,relative-floor-0.0001,primary,re2tt_ts-auth-service_delay_1,ts-auth-service,delay,87443a2d6d14434c,ALL,MT,10.0,0.0001,0.01,5,24,12,1,18,9,231,204,27,0,17,15,2,0,24.0,1,24,5.0,13,1,230,16,24780,1728,,,252,6,0,246,0,6,0,0,436170.2127659584,436170.2127659584,0.08,1.0,0.041666666666666664
POST-HOC DEVELOPMENT DIAGNOSTIC,NOT FINAL EFFICACY,NOT PARAMETER SELECTION,NO METHOD CHANGE AUTHORIZED,relative-floor-0.0001,primary,re2tt_ts-auth-service_delay_2,ts-auth-service,delay,24851f5149e4321a,G,MTL,10.0,0.0001,0.01,5,24,12,1,18,9,238,191,27,20,5,2,2,1,24.0,24,24,4.0,2,0,226,5,24408,540,233412955299520.4,233412954880926.62,252,0,0,252,0,0,0,0,436170.2127659584,436170.2127659584,0.4577114427860697,0.8070175438596491,0.3194444444444444
POST-HOC DEVELOPMENT DIAGNOSTIC,NOT FINAL EFFICACY,NOT PARAMETER SELECTION,NO METHOD CHANGE AUTHORIZED,relative-floor-0.0001,primary,re2tt_ts-auth-service_delay_2,ts-auth-service,delay,24851f5149e4321a,L,MTL,10.0,0.0001,0.01,5,24,12,1,18,9,238,191,27,20,5,2,2,1,24.0,24,24,4.0,2,0,226,5,24408,540,233565835465064.3,233565835046237.9,252,0,0,252,0,0,0,0,222899715457592.28,221694927196937.78,0.0,0.0,0.0
POST-HOC DEVELOPMENT DIAGNOSTIC,NOT FINAL EFFICACY,NOT PARAMETER SELECTION,NO METHOD CHANGE AUTHORIZED,relative-floor-0.0001,primary,re2tt_ts-auth-service_delay_2,ts-auth-service,delay,24851f5149e4321a,ALL,MTL,10.0,0.0001,0.01,5,24,12,1,18,9,238,191,27,20,5,2,2,1,24.0,24,24,4.0,2,0,226,5,24408,540,237153634857477.34,237153634413144.0,252,0,0,252,0,0,0,0,436170.2127659584,436170.2127659584,0.4577114427860697,0.8070175438596491,0.3194444444444444
POST-HOC DEVELOPMENT DIAGNOSTIC,NOT FINAL EFFICACY,NOT PARAMETER SELECTION,NO METHOD CHANGE AUTHORIZED,relative-floor-0.0001,primary,re2tt_ts-auth-service_delay_2,ts-auth-service,delay,24851f5149e4321a,G,MT,10.0,0.0001,0.01,5,24,12,1,18,9,218,191,27,0,4,2,2,0,24.0,24,24,3.5,2,0,206,4,22248,432,,,252,0,0,252,0,0,0,0,436170.2127659584,436170.2127659584,0.4577114427860697,0.8070175438596491,0.3194444444444444
POST-HOC DEVELOPMENT DIAGNOSTIC,NOT FINAL EFFICACY,NOT PARAMETER SELECTION,NO METHOD CHANGE AUTHORIZED,relative-floor-0.0001,primary,re2tt_ts-auth-service_delay_2,ts-auth-service,delay,24851f5149e4321a,L,MT,10.0,0.0001,0.01,5,24,12,1,18,9,218,191,27,0,4,2,2,0,24.0,24,24,3.5,2,0,206,4,22248,432,,,252,0,0,252,0,0,0,0,162111571025395.47,158890826408975.88,0.0,0.0,0.0
POST-HOC DEVELOPMENT DIAGNOSTIC,NOT FINAL EFFICACY,NOT PARAMETER SELECTION,NO METHOD CHANGE AUTHORIZED,relative-floor-0.0001,primary,re2tt_ts-auth-service_delay_2,ts-auth-service,delay,24851f5149e4321a,ALL,MT,10.0,0.0001,0.01,5,24,12,1,18,9,218,191,27,0,4,2,2,0,24.0,24,24,3.5,2,0,206,4,22248,432,,,252,0,0,252,0,0,0,0,436170.2127659584,436170.2127659584,0.4577114427860697,0.8070175438596491,0.3194444444444444
POST-HOC DEVELOPMENT DIAGNOSTIC,NOT FINAL EFFICACY,NOT PARAMETER SELECTION,NO METHOD CHANGE AUTHORIZED,relative-floor-0.0001,primary,re2tt_ts-auth-service_delay_3,ts-auth-service,delay,549b2f655fc55fd1,G,MTL,10.0,0.0001,0.01,5,24,12,1,18,9,239,192,27,20,4,3,1,0,24.0,24,24,3.0,3,0,239,4,25744,432,69082252469365.945,69082252210464.86,252,0,0,252,0,0,0,0,436170.2127659584,436170.2127659584,0.0,0.0,0.0
POST-HOC DEVELOPMENT DIAGNOSTIC,NOT FINAL EFFICACY,NOT PARAMETER SELECTION,NO METHOD CHANGE AUTHORIZED,relative-floor-0.0001,primary,re2tt_ts-auth-service_delay_3,ts-auth-service,delay,549b2f655fc55fd1,L,MTL,10.0,0.0001,0.01,5,24,12,1,18,9,239,192,27,20,4,3,1,0,24.0,24,24,3.0,3,0,239,4,25744,432,69083557438098.53,69083557178873.484,252,0,0,252,0,0,0,0,222899715457592.28,221694927196937.78,0.0,0.0,0.0
POST-HOC DEVELOPMENT DIAGNOSTIC,NOT FINAL EFFICACY,NOT PARAMETER SELECTION,NO METHOD CHANGE AUTHORIZED,relative-floor-0.0001,primary,re2tt_ts-auth-service_delay_3,ts-auth-service,delay,549b2f655fc55fd1,ALL,MTL,10.0,0.0001,0.01,5,24,12,1,18,9,239,192,27,20,4,3,1,0,24.0,24,24,3.0,3,0,239,4,25744,432,69080532176843.73,69080531905971.69,252,0,0,252,0,0,0,0,436170.2127659584,436170.2127659584,0.0,0.0,0.0
POST-HOC DEVELOPMENT DIAGNOSTIC,NOT FINAL EFFICACY,NOT PARAMETER SELECTION,NO METHOD CHANGE AUTHORIZED,relative-floor-0.0001,primary,re2tt_ts-auth-service_delay_3,ts-auth-service,delay,549b2f655fc55fd1,G,MT,10.0,0.0001,0.01,5,24,12,1,18,9,219,192,27,0,4,3,1,0,24.0,24,24,3.0,3,0,219,4,23584,432,,,252,0,0,252,0,0,0,0,436170.2127659584,436170.2127659584,0.0,0.0,0.0
POST-HOC DEVELOPMENT DIAGNOSTIC,NOT FINAL EFFICACY,NOT PARAMETER SELECTION,NO METHOD CHANGE AUTHORIZED,relative-floor-0.0001,primary,re2tt_ts-auth-service_delay_3,ts-auth-service,delay,549b2f655fc55fd1,L,MT,10.0,0.0001,0.01,5,24,12,1,18,9,219,192,27,0,4,3,1,0,24.0,24,24,3.0,3,0,219,4,23584,432,,,252,0,0,252,0,0,0,0,162111571025395.47,158890826408975.88,0.0,0.0,0.0
POST-HOC DEVELOPMENT DIAGNOSTIC,NOT FINAL EFFICACY,NOT PARAMETER SELECTION,NO METHOD CHANGE AUTHORIZED,relative-floor-0.0001,primary,re2tt_ts-auth-service_delay_3,ts-auth-service,delay,549b2f655fc55fd1,ALL,MT,10.0,0.0001,0.01,5,24,12,1,18,9,219,192,27,0,4,3,1,0,24.0,24,24,3.0,3,0,219,4,23584,432,,,252,0,0,252,0,0,0,0,436170.2127659584,436170.2127659584,0.0,0.0,0.0
POST-HOC DEVELOPMENT DIAGNOSTIC,NOT FINAL EFFICACY,NOT PARAMETER SELECTION,NO METHOD CHANGE AUTHORIZED,relative-floor-0.0001,primary,re2tt_ts-order-service_disk_1,ts-order-service,disk,4bdb62f38b122bbc,G,MTL,10.0,0.0001,0.01,5,24,12,1,18,9,250,203,27,20,17,11,4,2,24.0,24,24,3.5,11,0,236,17,25476,1836,607107323291791.6,607107323038023.5,252,0,0,252,0,0,0,0,382978.72340425604,436170.2127659584,0.0,0.0,0.0
POST-HOC DEVELOPMENT DIAGNOSTIC,NOT FINAL EFFICACY,NOT PARAMETER SELECTION,NO METHOD CHANGE AUTHORIZED,relative-floor-0.0001,primary,re2tt_ts-order-service_disk_1,ts-order-service,disk,4bdb62f38b122bbc,L,MTL,10.0,0.0001,0.01,5,24,12,1,18,9,250,203,27,20,17,11,4,2,24.0,24,24,3.5,11,0,236,17,25476,1836,588901387604813.6,588901387370225.8,252,0,0,252,0,0,0,0,221694927196937.78,221694927196937.78,0.0,0.0,0.0
POST-HOC DEVELOPMENT DIAGNOSTIC,NOT FINAL EFFICACY,NOT PARAMETER SELECTION,NO METHOD CHANGE AUTHORIZED,relative-floor-0.0001,primary,re2tt_ts-order-service_disk_1,ts-order-service,disk,4bdb62f38b122bbc,ALL,MTL,10.0,0.0001,0.01,5,24,12,1,18,9,250,203,27,20,17,11,4,2,24.0,24,24,3.5,11,0,236,17,25476,1836,642506380696445.1,642506380427987.0,252,0,0,252,0,0,0,0,382978.7234042561,436170.2127659584,0.0,0.0,0.0
POST-HOC DEVELOPMENT DIAGNOSTIC,NOT FINAL EFFICACY,NOT PARAMETER SELECTION,NO METHOD CHANGE AUTHORIZED,relative-floor-0.0001,primary,re2tt_ts-order-service_disk_1,ts-order-service,disk,4bdb62f38b122bbc,G,MT,10.0,0.0001,0.01,5,24,12,1,18,9,230,203,27,0,15,11,4,0,24.0,24,24,3.5,11,0,216,15,23316,1620,,,252,0,0,252,0,0,0,0,382978.72340425604,436170.2127659584,0.0,0.0,0.0
POST-HOC DEVELOPMENT DIAGNOSTIC,NOT FINAL EFFICACY,NOT PARAMETER SELECTION,NO METHOD CHANGE AUTHORIZED,relative-floor-0.0001,primary,re2tt_ts-order-service_disk_1,ts-order-service,disk,4bdb62f38b122bbc,L,MT,10.0,0.0001,0.01,5,24,12,1,18,9,230,203,27,0,15,11,4,0,24.0,24,24,3.5,11,0,216,15,23316,1620,,,252,0,0,252,0,0,0,0,153372350762147.56,158890826408975.88,0.0,0.0,0.0
POST-HOC DEVELOPMENT DIAGNOSTIC,NOT FINAL EFFICACY,NOT PARAMETER SELECTION,NO METHOD CHANGE AUTHORIZED,relative-floor-0.0001,primary,re2tt_ts-order-service_disk_1,ts-order-service,disk,4bdb62f38b122bbc,ALL,MT,10.0,0.0001,0.01,5,24,12,1,18,9,230,203,27,0,15,11,4,0,24.0,24,24,3.5,11,0,216,15,23316,1620,,,252,0,0,252,0,0,0,0,382978.7234042561,436170.2127659584,0.0,0.0,0.0
POST-HOC DEVELOPMENT DIAGNOSTIC,NOT FINAL EFFICACY,NOT PARAMETER SELECTION,NO METHOD CHANGE AUTHORIZED,relative-floor-0.0001,primary,re2tt_ts-order-service_disk_2,ts-order-service,disk,b0a2dcc878eeefa3,G,MTL,10.0,0.0001,0.01,5,24,12,1,18,9,176,142,20,14,2,2,0,0,24.0,24,24,,2,0,176,2,19008,216,246611.33128319035,0.0,252,0,0,252,0,0,0,0,382978.72340425604,436170.2127659584,0.20481927710843373,0.7727272727272727,0.11805555555555555
POST-HOC DEVELOPMENT DIAGNOSTIC,NOT FINAL EFFICACY,NOT PARAMETER SELECTION,NO METHOD CHANGE AUTHORIZED,relative-floor-0.0001,primary,re2tt_ts-order-service_disk_2,ts-order-service,disk,b0a2dcc878eeefa3,L,MTL,10.0,0.0001,0.01,5,24,12,1,18,9,176,142,20,14,2,2,0,0,24.0,24,24,,2,0,176,2,19008,216,242807.84090627107,0.0,252,0,0,252,0,0,0,0,221694927196937.78,221694927196937.78,0.0,0.0,0.0
POST-HOC DEVELOPMENT DIAGNOSTIC,NOT FINAL EFFICACY,NOT PARAMETER SELECTION,NO METHOD CHANGE AUTHORIZED,relative-floor-0.0001,primary,re2tt_ts-order-service_disk_2,ts-order-service,disk,b0a2dcc878eeefa3,ALL,MTL,10.0,0.0001,0.01,5,24,12,1,18,9,176,142,20,14,2,2,0,0,24.0,24,24,,2,0,176,2,19008,216,310437.61295729486,0.0,252,0,0,252,0,0,0,0,382978.7234042561,436170.2127659584,0.20481927710843373,0.7727272727272727,0.11805555555555555
POST-HOC DEVELOPMENT DIAGNOSTIC,NOT FINAL EFFICACY,NOT PARAMETER SELECTION,NO METHOD CHANGE AUTHORIZED,relative-floor-0.0001,primary,re2tt_ts-order-service_disk_2,ts-order-service,disk,b0a2dcc878eeefa3,G,MT,10.0,0.0001,0.01,5,24,12,1,18,9,162,142,20,0,2,2,0,0,24.0,24,24,,2,0,162,2,17496,216,,,252,0,0,252,0,0,0,0,382978.72340425604,436170.2127659584,0.20481927710843373,0.7727272727272727,0.11805555555555555
POST-HOC DEVELOPMENT DIAGNOSTIC,NOT FINAL EFFICACY,NOT PARAMETER SELECTION,NO METHOD CHANGE AUTHORIZED,relative-floor-0.0001,primary,re2tt_ts-order-service_disk_2,ts-order-service,disk,b0a2dcc878eeefa3,L,MT,10.0,0.0001,0.01,5,24,12,1,18,9,162,142,20,0,2,2,0,0,24.0,24,24,,2,0,162,2,17496,216,,,252,0,0,252,0,0,0,0,153372350762147.56,158890826408975.88,0.0,0.0,0.0
POST-HOC DEVELOPMENT DIAGNOSTIC,NOT FINAL EFFICACY,NOT PARAMETER SELECTION,NO METHOD CHANGE AUTHORIZED,relative-floor-0.0001,primary,re2tt_ts-order-service_disk_2,ts-order-service,disk,b0a2dcc878eeefa3,ALL,MT,10.0,0.0001,0.01,5,24,12,1,18,9,162,142,20,0,2,2,0,0,24.0,24,24,,2,0,162,2,17496,216,,,252,0,0,252,0,0,0,0,382978.7234042561,436170.2127659584,0.20481927710843373,0.7727272727272727,0.11805555555555555
POST-HOC DEVELOPMENT DIAGNOSTIC,NOT FINAL EFFICACY,NOT PARAMETER SELECTION,NO METHOD CHANGE AUTHORIZED,relative-floor-0.0001,primary,re2tt_ts-order-service_disk_3,ts-order-service,disk,9b847bd8f23c07af,G,MTL,10.0,0.0001,0.01,5,24,12,1,18,9,176,142,20,14,2,2,0,0,24.0,24,24,,2,0,176,2,18996,216,437522.2841661464,0.0,252,0,0,252,0,0,0,0,382978.72340425604,436170.2127659584,0.1724137931034483,0.5,0.10416666666666667
POST-HOC DEVELOPMENT DIAGNOSTIC,NOT FINAL EFFICACY,NOT PARAMETER SELECTION,NO METHOD CHANGE AUTHORIZED,relative-floor-0.0001,primary,re2tt_ts-order-service_disk_3,ts-order-service,disk,9b847bd8f23c07af,L,MTL,10.0,0.0001,0.01,5,24,12,1,18,9,176,142,20,14,2,2,0,0,24.0,24,24,,2,0,176,2,18996,216,436423.8269794697,0.0,252,0,0,252,0,0,0,0,221694927196937.78,221694927196937.78,0.0,0.0,0.0
POST-HOC DEVELOPMENT DIAGNOSTIC,NOT FINAL EFFICACY,NOT PARAMETER SELECTION,NO METHOD CHANGE AUTHORIZED,relative-floor-0.0001,primary,re2tt_ts-order-service_disk_3,ts-order-service,disk,9b847bd8f23c07af,ALL,MTL,10.0,0.0001,0.01,5,24,12,1,18,9,176,142,20,14,2,2,0,0,24.0,24,24,,2,0,176,2,18996,216,457274.8400287911,0.0,252,0,0,252,0,0,0,0,382978.7234042561,436170.2127659584,0.1724137931034483,0.5,0.10416666666666667
POST-HOC DEVELOPMENT DIAGNOSTIC,NOT FINAL EFFICACY,NOT PARAMETER SELECTION,NO METHOD CHANGE AUTHORIZED,relative-floor-0.0001,primary,re2tt_ts-order-service_disk_3,ts-order-service,disk,9b847bd8f23c07af,G,MT,10.0,0.0001,0.01,5,24,12,1,18,9,162,142,20,0,2,2,0,0,24.0,24,24,,2,0,162,2,17484,216,,,252,0,0,252,0,0,0,0,382978.72340425604,436170.2127659584,0.1724137931034483,0.5,0.10416666666666667
POST-HOC DEVELOPMENT DIAGNOSTIC,NOT FINAL EFFICACY,NOT PARAMETER SELECTION,NO METHOD CHANGE AUTHORIZED,relative-floor-0.0001,primary,re2tt_ts-order-service_disk_3,ts-order-service,disk,9b847bd8f23c07af,L,MT,10.0,0.0001,0.01,5,24,12,1,18,9,162,142,20,0,2,2,0,0,24.0,24,24,,2,0,162,2,17484,216,,,252,0,0,252,0,0,0,0,153372350762147.56,158890826408975.88,0.0,0.0,0.0
POST-HOC DEVELOPMENT DIAGNOSTIC,NOT FINAL EFFICACY,NOT PARAMETER SELECTION,NO METHOD CHANGE AUTHORIZED,relative-floor-0.0001,primary,re2tt_ts-order-service_disk_3,ts-order-service,disk,9b847bd8f23c07af,ALL,MT,10.0,0.0001,0.01,5,24,12,1,18,9,162,142,20,0,2,2,0,0,24.0,24,24,,2,0,162,2,17484,216,,,252,0,0,252,0,0,0,0,382978.7234042561,436170.2127659584,0.1724137931034483,0.5,0.10416666666666667
POST-HOC DEVELOPMENT DIAGNOSTIC,NOT FINAL EFFICACY,NOT PARAMETER SELECTION,NO METHOD CHANGE AUTHORIZED,relative-floor-0.0001,primary,re2tt_ts-order-service_loss_1,ts-order-service,loss,cea480a087995c2a,G,MTL,10.0,0.0001,0.01,5,24,12,1,18,9,252,205,27,20,20,16,2,2,24.0,24,24,5.0,16,0,252,20,27190,2160,422113768313835.75,422113767764639.0,252,25,0,227,0,8,3,14,421052.6315789484,436170.2127659584,0.9537366548042705,0.9781021897810219,0.9305555555555556
POST-HOC DEVELOPMENT DIAGNOSTIC,NOT FINAL EFFICACY,NOT PARAMETER SELECTION,NO METHOD CHANGE AUTHORIZED,relative-floor-0.0001,primary,re2tt_ts-order-service_loss_1,ts-order-service,loss,cea480a087995c2a,L,MTL,10.0,0.0001,0.01,5,24,12,1,18,9,252,205,27,20,20,16,2,2,24.0,24,24,5.0,16,0,252,20,27190,2160,421750649567989.4,421750649055955.4,252,164,0,88,0,0,46,118,169200491270591.94,221694927196937.78,0.2885572139303483,0.5087719298245614,0.2013888888888889
POST-HOC DEVELOPMENT DIAGNOSTIC,NOT FINAL EFFICACY,NOT PARAMETER SELECTION,NO METHOD CHANGE AUTHORIZED,relative-floor-0.0001,primary,re2tt_ts-order-service_loss_1,ts-order-service,loss,cea480a087995c2a,ALL,MTL,10.0,0.0001,0.01,5,24,12,1,18,9,252,205,27,20,20,16,2,2,24.0,24,24,5.0,16,0,252,20,27190,2160,426016469539180.0,426016468813465.0,252,8,0,244,0,8,0,0,421052.6315789484,436170.2127659584,0.9537366548042705,0.9781021897810219,0.9305555555555556
POST-HOC DEVELOPMENT DIAGNOSTIC,NOT FINAL EFFICACY,NOT PARAMETER SELECTION,NO METHOD CHANGE AUTHORIZED,relative-floor-0.0001,primary,re2tt_ts-order-service_loss_1,ts-order-service,loss,cea480a087995c2a,G,MT,10.0,0.0001,0.01,5,24,12,1,18,9,232,205,27,0,18,16,2,0,24.0,24,24,4.0,16,0,232,18,25030,1944,,,252,13,0,239,0,8,5,0,421052.6315789484,436170.2127659584,0.9537366548042705,0.9781021897810219,0.9305555555555556
POST-HOC DEVELOPMENT DIAGNOSTIC,NOT FINAL EFFICACY,NOT PARAMETER SELECTION,NO METHOD CHANGE AUTHORIZED,relative-floor-0.0001,primary,re2tt_ts-order-service_loss_1,ts-order-service,loss,cea480a087995c2a,L,MT,10.0,0.0001,0.01,5,24,12,1,18,9,232,205,27,0,18,16,2,0,24.0,24,24,4.0,16,0,232,18,25030,1944,,,252,64,0,188,0,5,59,0,145047195127985.4,158890826408975.88,0.13496932515337423,0.5789473684210527,0.0763888888888889
POST-HOC DEVELOPMENT DIAGNOSTIC,NOT FINAL EFFICACY,NOT PARAMETER SELECTION,NO METHOD CHANGE AUTHORIZED,relative-floor-0.0001,primary,re2tt_ts-order-service_loss_1,ts-order-service,loss,cea480a087995c2a,ALL,MT,10.0,0.0001,0.01,5,24,12,1,18,9,232,205,27,0,18,16,2,0,24.0,24,24,4.0,16,0,232,18,25030,1944,,,252,8,0,244,0,8,0,0,421052.6315789484,436170.2127659584,0.9537366548042705,0.9781021897810219,0.9305555555555556
POST-HOC DEVELOPMENT DIAGNOSTIC,NOT FINAL EFFICACY,NOT PARAMETER SELECTION,NO METHOD CHANGE AUTHORIZED,relative-floor-0.0001,primary,re2tt_ts-order-service_loss_2,ts-order-service,loss,f900792c9a1f5622,G,MTL,10.0,0.0001,0.01,5,24,12,1,18,9,181,147,20,14,7,7,0,0,24.0,24,24,,7,0,181,7,19542,756,587124.4219094742,0.0,252,0,0,252,0,0,0,0,421052.6315789484,436170.2127659584,0.4055299539170507,0.6027397260273972,0.3055555555555556
POST-HOC DEVELOPMENT DIAGNOSTIC,NOT FINAL EFFICACY,NOT PARAMETER SELECTION,NO METHOD CHANGE AUTHORIZED,relative-floor-0.0001,primary,re2tt_ts-order-service_loss_2,ts-order-service,loss,f900792c9a1f5622,L,MTL,10.0,0.0001,0.01,5,24,12,1,18,9,181,147,20,14,7,7,0,0,24.0,24,24,,7,0,181,7,19542,756,583354.5460499652,0.0,252,0,0,252,0,0,0,0,169200491270591.94,221694927196937.78,0.0,0.0,0.0
POST-HOC DEVELOPMENT DIAGNOSTIC,NOT FINAL EFFICACY,NOT PARAMETER SELECTION,NO METHOD CHANGE AUTHORIZED,relative-floor-0.0001,primary,re2tt_ts-order-service_loss_2,ts-order-service,loss,f900792c9a1f5622,ALL,MTL,10.0,0.0001,0.01,5,24,12,1,18,9,181,147,20,14,7,7,0,0,24.0,24,24,,7,0,181,7,19542,756,586656.8731213957,0.0,252,0,0,252,0,0,0,0,421052.6315789484,436170.2127659584,0.4055299539170507,0.6027397260273972,0.3055555555555556
POST-HOC DEVELOPMENT DIAGNOSTIC,NOT FINAL EFFICACY,NOT PARAMETER SELECTION,NO METHOD CHANGE AUTHORIZED,relative-floor-0.0001,primary,re2tt_ts-order-service_loss_2,ts-order-service,loss,f900792c9a1f5622,G,MT,10.0,0.0001,0.01,5,24,12,1,18,9,167,147,20,0,7,7,0,0,24.0,24,24,,7,0,167,7,18030,756,,,252,0,0,252,0,0,0,0,421052.6315789484,436170.2127659584,0.4055299539170507,0.6027397260273972,0.3055555555555556
POST-HOC DEVELOPMENT DIAGNOSTIC,NOT FINAL EFFICACY,NOT PARAMETER SELECTION,NO METHOD CHANGE AUTHORIZED,relative-floor-0.0001,primary,re2tt_ts-order-service_loss_2,ts-order-service,loss,f900792c9a1f5622,L,MT,10.0,0.0001,0.01,5,24,12,1,18,9,167,147,20,0,7,7,0,0,24.0,24,24,,7,0,167,7,18030,756,,,252,0,0,252,0,0,0,0,145047195127985.4,158890826408975.88,0.0,0.0,0.0
POST-HOC DEVELOPMENT DIAGNOSTIC,NOT FINAL EFFICACY,NOT PARAMETER SELECTION,NO METHOD CHANGE AUTHORIZED,relative-floor-0.0001,primary,re2tt_ts-order-service_loss_2,ts-order-service,loss,f900792c9a1f5622,ALL,MT,10.0,0.0001,0.01,5,24,12,1,18,9,167,147,20,0,7,7,0,0,24.0,24,24,,7,0,167,7,18030,756,,,252,0,0,252,0,0,0,0,421052.6315789484,436170.2127659584,0.4055299539170507,0.6027397260273972,0.3055555555555556
POST-HOC DEVELOPMENT DIAGNOSTIC,NOT FINAL EFFICACY,NOT PARAMETER SELECTION,NO METHOD CHANGE AUTHORIZED,relative-floor-0.0001,primary,re2tt_ts-order-service_loss_3,ts-order-service,loss,9d1464b4fb8a49c0,G,MTL,10.0,0.0001,0.01,5,24,12,1,18,9,181,147,20,14,7,7,0,0,24.0,24,24,,7,0,181,7,19548,756,309326.5047878781,0.0,252,0,0,252,0,0,0,0,421052.6315789484,436170.2127659584,0.0,0.0,0.0
POST-HOC DEVELOPMENT DIAGNOSTIC,NOT FINAL EFFICACY,NOT PARAMETER SELECTION,NO METHOD CHANGE AUTHORIZED,relative-floor-0.0001,primary,re2tt_ts-order-service_loss_3,ts-order-service,loss,9d1464b4fb8a49c0,L,MTL,10.0,0.0001,0.01,5,24,12,1,18,9,181,147,20,14,7,7,0,0,24.0,24,24,,7,0,181,7,19548,756,308715.29327871616,0.0,252,0,0,252,0,0,0,0,169200491270591.94,221694927196937.78,0.0,0.0,0.0
POST-HOC DEVELOPMENT DIAGNOSTIC,NOT FINAL EFFICACY,NOT PARAMETER SELECTION,NO METHOD CHANGE AUTHORIZED,relative-floor-0.0001,primary,re2tt_ts-order-service_loss_3,ts-order-service,loss,9d1464b4fb8a49c0,ALL,MTL,10.0,0.0001,0.01,5,24,12,1,18,9,181,147,20,14,7,7,0,0,24.0,24,24,,7,0,181,7,19548,756,375667.90278824524,0.0,252,0,0,252,0,0,0,0,421052.6315789484,436170.2127659584,0.0,0.0,0.0
POST-HOC DEVELOPMENT DIAGNOSTIC,NOT FINAL EFFICACY,NOT PARAMETER SELECTION,NO METHOD CHANGE AUTHORIZED,relative-floor-0.0001,primary,re2tt_ts-order-service_loss_3,ts-order-service,loss,9d1464b4fb8a49c0,G,MT,10.0,0.0001,0.01,5,24,12,1,18,9,167,147,20,0,7,7,0,0,24.0,24,24,,7,0,167,7,18036,756,,,252,0,0,252,0,0,0,0,421052.6315789484,436170.2127659584,0.0,0.0,0.0
POST-HOC DEVELOPMENT DIAGNOSTIC,NOT FINAL EFFICACY,NOT PARAMETER SELECTION,NO METHOD CHANGE AUTHORIZED,relative-floor-0.0001,primary,re2tt_ts-order-service_loss_3,ts-order-service,loss,9d1464b4fb8a49c0,L,MT,10.0,0.0001,0.01,5,24,12,1,18,9,167,147,20,0,7,7,0,0,24.0,24,24,,7,0,167,7,18036,756,,,252,0,0,252,0,0,0,0,145047195127985.4,158890826408975.88,0.0,0.0,0.0
POST-HOC DEVELOPMENT DIAGNOSTIC,NOT FINAL EFFICACY,NOT PARAMETER SELECTION,NO METHOD CHANGE AUTHORIZED,relative-floor-0.0001,primary,re2tt_ts-order-service_loss_3,ts-order-service,loss,9d1464b4fb8a49c0,ALL,MT,10.0,0.0001,0.01,5,24,12,1,18,9,167,147,20,0,7,7,0,0,24.0,24,24,,7,0,167,7,18036,756,,,252,0,0,252,0,0,0,0,421052.6315789484,436170.2127659584,0.0,0.0,0.0
POST-HOC DEVELOPMENT DIAGNOSTIC,NOT FINAL EFFICACY,NOT PARAMETER SELECTION,NO METHOD CHANGE AUTHORIZED,relative-floor-0.0001,primary,re2tt_ts-route-service_mem_1,ts-route-service,mem,58e365eed32084b4,G,MTL,10.0,0.0001,0.01,5,24,12,1,18,9,246,199,27,20,12,10,1,1,24.0,24,24,3.5,9,0,242,12,26056,1296,212712725397101.34,212712724496567.06,252,17,0,235,0,17,0,0,473684.2105263159,436170.2127659584,0.9894736842105263,1.0,0.9791666666666666
POST-HOC DEVELOPMENT DIAGNOSTIC,NOT FINAL EFFICACY,NOT PARAMETER SELECTION,NO METHOD CHANGE AUTHORIZED,relative-floor-0.0001,primary,re2tt_ts-route-service_mem_1,ts-route-service,mem,58e365eed32084b4,L,MTL,10.0,0.0001,0.01,5,24,12,1,18,9,246,199,27,20,12,10,1,1,24.0,24,24,3.5,9,0,242,12,26056,1296,212707071719324.9,212707070817631.84,252,17,0,235,0,17,0,0,221694927196937.78,221694927196937.78,0.0,0.0,0.0
POST-HOC DEVELOPMENT DIAGNOSTIC,NOT FINAL EFFICACY,NOT PARAMETER SELECTION,NO METHOD CHANGE AUTHORIZED,relative-floor-0.0001,primary,re2tt_ts-route-service_mem_1,ts-route-service,mem,58e365eed32084b4,ALL,MTL,10.0,0.0001,0.01,5,24,12,1,18,9,246,199,27,20,12,10,1,1,24.0,24,24,3.5,9,0,242,12,26056,1296,213273552371684.62,213273551404880.2,252,17,0,235,0,17,0,0,473684.2105263159,436170.2127659584,0.9894736842105263,1.0,0.9791666666666666
POST-HOC DEVELOPMENT DIAGNOSTIC,NOT FINAL EFFICACY,NOT PARAMETER SELECTION,NO METHOD CHANGE AUTHORIZED,relative-floor-0.0001,primary,re2tt_ts-route-service_mem_1,ts-route-service,mem,58e365eed32084b4,G,MT,10.0,0.0001,0.01,5,24,12,1,18,9,226,199,27,0,11,10,1,0,24.0,24,24,3.0,9,0,222,11,23896,1188,,,252,17,0,235,0,17,0,0,473684.2105263159,436170.2127659584,0.9894736842105263,1.0,0.9791666666666666
POST-HOC DEVELOPMENT DIAGNOSTIC,NOT FINAL EFFICACY,NOT PARAMETER SELECTION,NO METHOD CHANGE AUTHORIZED,relative-floor-0.0001,primary,re2tt_ts-route-service_mem_1,ts-route-service,mem,58e365eed32084b4,L,MT,10.0,0.0001,0.01,5,24,12,1,18,9,226,199,27,0,11,10,1,0,24.0,24,24,3.0,9,0,222,11,23896,1188,,,252,17,0,235,0,17,0,0,155212936820844.28,158890826408975.88,0.0,0.0,0.0
POST-HOC DEVELOPMENT DIAGNOSTIC,NOT FINAL EFFICACY,NOT PARAMETER SELECTION,NO METHOD CHANGE AUTHORIZED,relative-floor-0.0001,primary,re2tt_ts-route-service_mem_1,ts-route-service,mem,58e365eed32084b4,ALL,MT,10.0,0.0001,0.01,5,24,12,1,18,9,226,199,27,0,11,10,1,0,24.0,24,24,3.0,9,0,222,11,23896,1188,,,252,17,0,235,0,17,0,0,473684.2105263159,436170.2127659584,0.9894736842105263,1.0,0.9791666666666666
POST-HOC DEVELOPMENT DIAGNOSTIC,NOT FINAL EFFICACY,NOT PARAMETER SELECTION,NO METHOD CHANGE AUTHORIZED,relative-floor-0.0001,primary,re2tt_ts-route-service_mem_2,ts-route-service,mem,15fa2ad3a7eecebd,G,MTL,10.0,0.0001,0.01,5,24,12,1,18,9,240,193,27,20,9,4,3,2,24.0,24,24,2.0,4,0,233,9,25164,972,417549449648665.0,417549449515402.25,252,13,0,239,0,0,11,2,473684.2105263159,436170.2127659584,0.0,0.0,0.0
POST-HOC DEVELOPMENT DIAGNOSTIC,NOT FINAL EFFICACY,NOT PARAMETER SELECTION,NO METHOD CHANGE AUTHORIZED,relative-floor-0.0001,primary,re2tt_ts-route-service_mem_2,ts-route-service,mem,15fa2ad3a7eecebd,L,MTL,10.0,0.0001,0.01,5,24,12,1,18,9,240,193,27,20,9,4,3,2,24.0,24,24,2.0,4,0,233,9,25164,972,415664794076498.7,415664793943861.0,252,64,0,188,0,0,4,60,221694927196937.78,221694927196937.78,0.26732673267326734,0.46551724137931033,0.1875
POST-HOC DEVELOPMENT DIAGNOSTIC,NOT FINAL EFFICACY,NOT PARAMETER SELECTION,NO METHOD CHANGE AUTHORIZED,relative-floor-0.0001,primary,re2tt_ts-route-service_mem_2,ts-route-service,mem,15fa2ad3a7eecebd,ALL,MTL,10.0,0.0001,0.01,5,24,12,1,18,9,240,193,27,20,9,4,3,2,24.0,24,24,2.0,4,0,233,9,25164,972,429460364669143.7,429460364505573.25,252,12,0,240,0,0,0,12,473684.2105263159,436170.2127659584,0.0,0.0,0.0
POST-HOC DEVELOPMENT DIAGNOSTIC,NOT FINAL EFFICACY,NOT PARAMETER SELECTION,NO METHOD CHANGE AUTHORIZED,relative-floor-0.0001,primary,re2tt_ts-route-service_mem_2,ts-route-service,mem,15fa2ad3a7eecebd,G,MT,10.0,0.0001,0.01,5,24,12,1,18,9,220,193,27,0,7,4,3,0,24.0,24,24,2.0,4,0,213,7,23004,756,,,252,13,0,239,0,0,13,0,473684.2105263159,436170.2127659584,0.0,0.0,0.0
POST-HOC DEVELOPMENT DIAGNOSTIC,NOT FINAL EFFICACY,NOT PARAMETER SELECTION,NO METHOD CHANGE AUTHORIZED,relative-floor-0.0001,primary,re2tt_ts-route-service_mem_2,ts-route-service,mem,15fa2ad3a7eecebd,L,MT,10.0,0.0001,0.01,5,24,12,1,18,9,220,193,27,0,7,4,3,0,24.0,24,24,2.0,4,0,213,7,23004,756,,,252,60,0,192,0,0,60,0,155212936820844.28,158890826408975.88,0.2358974358974359,0.45098039215686275,0.1597222222222222
POST-HOC DEVELOPMENT DIAGNOSTIC,NOT FINAL EFFICACY,NOT PARAMETER SELECTION,NO METHOD CHANGE AUTHORIZED,relative-floor-0.0001,primary,re2tt_ts-route-service_mem_2,ts-route-service,mem,15fa2ad3a7eecebd,ALL,MT,10.0,0.0001,0.01,5,24,12,1,18,9,220,193,27,0,7,4,3,0,24.0,24,24,2.0,4,0,213,7,23004,756,,,252,11,0,241,0,0,11,0,473684.2105263159,436170.2127659584,0.0,0.0,0.0
POST-HOC DEVELOPMENT DIAGNOSTIC,NOT FINAL EFFICACY,NOT PARAMETER SELECTION,NO METHOD CHANGE AUTHORIZED,relative-floor-0.0001,primary,re2tt_ts-route-service_mem_3,ts-route-service,mem,c60cff817fc2d5cf,G,MTL,10.0,0.0001,0.01,5,24,12,1,18,9,241,194,27,20,6,5,1,0,24.0,24,24,5.0,5,0,241,6,25980,648,69931735718444.86,69931735413888.06,252,8,0,244,0,0,8,0,473684.2105263159,436170.2127659584,0.0,0.0,0.0
POST-HOC DEVELOPMENT DIAGNOSTIC,NOT FINAL EFFICACY,NOT PARAMETER SELECTION,NO METHOD CHANGE AUTHORIZED,relative-floor-0.0001,primary,re2tt_ts-route-service_mem_3,ts-route-service,mem,c60cff817fc2d5cf,L,MTL,10.0,0.0001,0.01,5,24,12,1,18,9,241,194,27,20,6,5,1,0,24.0,24,24,5.0,5,0,241,6,25980,648,69928909181463.52,69928908880687.03,252,63,0,189,0,0,63,0,221694927196937.78,221694927196937.78,0.0,0.0,0.0
POST-HOC DEVELOPMENT DIAGNOSTIC,NOT FINAL EFFICACY,NOT PARAMETER SELECTION,NO METHOD CHANGE AUTHORIZED,relative-floor-0.0001,primary,re2tt_ts-route-service_mem_3,ts-route-service,mem,c60cff817fc2d5cf,ALL,MTL,10.0,0.0001,0.01,5,24,12,1,18,9,241,194,27,20,6,5,1,0,24.0,24,24,5.0,5,0,241,6,25980,648,69938934450272.44,69938934083393.734,252,17,0,235,0,0,17,0,473684.2105263159,436170.2127659584,0.0,0.0,0.0
POST-HOC DEVELOPMENT DIAGNOSTIC,NOT FINAL EFFICACY,NOT PARAMETER SELECTION,NO METHOD CHANGE AUTHORIZED,relative-floor-0.0001,primary,re2tt_ts-route-service_mem_3,ts-route-service,mem,c60cff817fc2d5cf,G,MT,10.0,0.0001,0.01,5,24,12,1,18,9,221,194,27,0,6,5,1,0,24.0,24,24,5.0,5,0,221,6,23820,648,,,252,8,0,244,0,0,8,0,473684.2105263159,436170.2127659584,0.0,0.0,0.0
POST-HOC DEVELOPMENT DIAGNOSTIC,NOT FINAL EFFICACY,NOT PARAMETER SELECTION,NO METHOD CHANGE AUTHORIZED,relative-floor-0.0001,primary,re2tt_ts-route-service_mem_3,ts-route-service,mem,c60cff817fc2d5cf,L,MT,10.0,0.0001,0.01,5,24,12,1,18,9,221,194,27,0,6,5,1,0,24.0,24,24,5.0,5,0,221,6,23820,648,,,252,63,0,189,0,0,63,0,155212936820844.28,158890826408975.88,0.0136986301369863,0.5,0.006944444444444444
POST-HOC DEVELOPMENT DIAGNOSTIC,NOT FINAL EFFICACY,NOT PARAMETER SELECTION,NO METHOD CHANGE AUTHORIZED,relative-floor-0.0001,primary,re2tt_ts-route-service_mem_3,ts-route-service,mem,c60cff817fc2d5cf,ALL,MT,10.0,0.0001,0.01,5,24,12,1,18,9,221,194,27,0,6,5,1,0,24.0,24,24,5.0,5,0,221,6,23820,648,,,252,17,0,235,0,0,17,0,473684.2105263159,436170.2127659584,0.0,0.0,0.0
POST-HOC DEVELOPMENT DIAGNOSTIC,NOT FINAL EFFICACY,NOT PARAMETER SELECTION,NO METHOD CHANGE AUTHORIZED,relative-floor-0.0001,primary,re2tt_ts-route-service_socket_1,ts-route-service,socket,0f1447a5823d8a23,G,MTL,10.0,0.0001,0.01,5,24,12,1,18,9,254,207,27,20,20,18,1,1,24.0,24,24,3.0,18,0,250,20,26990,2160,173289286334304.75,173289285480364.44,252,9,0,243,0,6,3,0,421052.6315789484,436170.2127659584,0.0,0.0,0.0
POST-HOC DEVELOPMENT DIAGNOSTIC,NOT FINAL EFFICACY,NOT PARAMETER SELECTION,NO METHOD CHANGE AUTHORIZED,relative-floor-0.0001,primary,re2tt_ts-route-service_socket_1,ts-route-service,socket,0f1447a5823d8a23,L,MTL,10.0,0.0001,0.01,5,24,12,1,18,9,254,207,27,20,20,18,1,1,24.0,24,24,3.0,18,0,250,20,26990,2160,173353193813658.75,173353192961013.0,252,65,0,187,0,6,4,55,169200491270591.94,221694927196937.78,0.3333333333333333,0.6111111111111112,0.22916666666666666
POST-HOC DEVELOPMENT DIAGNOSTIC,NOT FINAL EFFICACY,NOT PARAMETER SELECTION,NO METHOD CHANGE AUTHORIZED,relative-floor-0.0001,primary,re2tt_ts-route-service_socket_1,ts-route-service,socket,0f1447a5823d8a23,ALL,MTL,10.0,0.0001,0.01,5,24,12,1,18,9,254,207,27,20,20,18,1,1,24.0,24,24,3.0,18,0,250,20,26990,2160,173060172271994.94,173060170687076.88,252,12,0,240,0,6,5,1,421052.6315789484,436170.2127659584,0.0,0.0,0.0
POST-HOC DEVELOPMENT DIAGNOSTIC,NOT FINAL EFFICACY,NOT PARAMETER SELECTION,NO METHOD CHANGE AUTHORIZED,relative-floor-0.0001,primary,re2tt_ts-route-service_socket_1,ts-route-service,socket,0f1447a5823d8a23,G,MT,10.0,0.0001,0.01,5,24,12,1,18,9,234,207,27,0,19,18,1,0,24.0,24,24,3.0,18,0,230,19,24830,2052,,,252,9,0,243,0,6,3,0,421052.6315789484,436170.2127659584,0.0,0.0,0.0
POST-HOC DEVELOPMENT DIAGNOSTIC,NOT FINAL EFFICACY,NOT PARAMETER SELECTION,NO METHOD CHANGE AUTHORIZED,relative-floor-0.0001,primary,re2tt_ts-route-service_socket_1,ts-route-service,socket,0f1447a5823d8a23,L,MT,10.0,0.0001,0.01,5,24,12,1,18,9,234,207,27,0,19,18,1,0,24.0,24,24,3.0,18,0,230,19,24830,2052,,,252,61,0,191,0,6,55,0,145047195127985.4,158890826408975.88,0.3350253807106599,0.6226415094339622,0.22916666666666666
POST-HOC DEVELOPMENT DIAGNOSTIC,NOT FINAL EFFICACY,NOT PARAMETER SELECTION,NO METHOD CHANGE AUTHORIZED,relative-floor-0.0001,primary,re2tt_ts-route-service_socket_1,ts-route-service,socket,0f1447a5823d8a23,ALL,MT,10.0,0.0001,0.01,5,24,12,1,18,9,234,207,27,0,19,18,1,0,24.0,24,24,3.0,18,0,230,19,24830,2052,,,252,11,0,241,0,6,5,0,421052.6315789484,436170.2127659584,0.0,0.0,0.0
POST-HOC DEVELOPMENT DIAGNOSTIC,NOT FINAL EFFICACY,NOT PARAMETER SELECTION,NO METHOD CHANGE AUTHORIZED,relative-floor-0.0001,primary,re2tt_ts-route-service_socket_2,ts-route-service,socket,5bf54b9f116a5fa1,G,MTL,10.0,0.0001,0.01,5,24,12,1,18,9,241,194,27,20,8,6,1,1,24.0,24,24,4.0,5,0,237,8,25588,864,226601240573167.88,226601240456266.84,252,1,0,251,0,1,0,0,421052.6315789484,436170.2127659584,0.0,0.0,0.0
POST-HOC DEVELOPMENT DIAGNOSTIC,NOT FINAL EFFICACY,NOT PARAMETER SELECTION,NO METHOD CHANGE AUTHORIZED,relative-floor-0.0001,primary,re2tt_ts-route-service_socket_2,ts-route-service,socket,5bf54b9f116a5fa1,L,MTL,10.0,0.0001,0.01,5,24,12,1,18,9,241,194,27,20,8,6,1,1,24.0,24,24,4.0,5,0,237,8,25588,864,226577747473728.56,226577747355720.62,252,1,0,251,0,1,0,0,169200491270591.94,221694927196937.78,0.0,0.0,0.0
POST-HOC DEVELOPMENT DIAGNOSTIC,NOT FINAL EFFICACY,NOT PARAMETER SELECTION,NO METHOD CHANGE AUTHORIZED,relative-floor-0.0001,primary,re2tt_ts-route-service_socket_2,ts-route-service,socket,5bf54b9f116a5fa1,ALL,MTL,10.0,0.0001,0.01,5,24,12,1,18,9,241,194,27,20,8,6,1,1,24.0,24,24,4.0,5,0,237,8,25588,864,226567460951023.8,226567460821336.34,252,1,0,251,0,1,0,0,421052.6315789484,436170.2127659584,0.0,0.0,0.0
POST-HOC DEVELOPMENT DIAGNOSTIC,NOT FINAL EFFICACY,NOT PARAMETER SELECTION,NO METHOD CHANGE AUTHORIZED,relative-floor-0.0001,primary,re2tt_ts-route-service_socket_2,ts-route-service,socket,5bf54b9f116a5fa1,G,MT,10.0,0.0001,0.01,5,24,12,1,18,9,221,194,27,0,7,6,1,0,24.0,24,24,4.0,5,0,217,7,23428,756,,,252,1,0,251,0,1,0,0,421052.6315789484,436170.2127659584,0.0,0.0,0.0
POST-HOC DEVELOPMENT DIAGNOSTIC,NOT FINAL EFFICACY,NOT PARAMETER SELECTION,NO METHOD CHANGE AUTHORIZED,relative-floor-0.0001,primary,re2tt_ts-route-service_socket_2,ts-route-service,socket,5bf54b9f116a5fa1,L,MT,10.0,0.0001,0.01,5,24,12,1,18,9,221,194,27,0,7,6,1,0,24.0,24,24,4.0,5,0,217,7,23428,756,,,252,1,0,251,0,1,0,0,145047195127985.4,158890826408975.88,0.0,0.0,0.0
POST-HOC DEVELOPMENT DIAGNOSTIC,NOT FINAL EFFICACY,NOT PARAMETER SELECTION,NO METHOD CHANGE AUTHORIZED,relative-floor-0.0001,primary,re2tt_ts-route-service_socket_2,ts-route-service,socket,5bf54b9f116a5fa1,ALL,MT,10.0,0.0001,0.01,5,24,12,1,18,9,221,194,27,0,7,6,1,0,24.0,24,24,4.0,5,0,217,7,23428,756,,,252,1,0,251,0,1,0,0,421052.6315789484,436170.2127659584,0.0,0.0,0.0
POST-HOC DEVELOPMENT DIAGNOSTIC,NOT FINAL EFFICACY,NOT PARAMETER SELECTION,NO METHOD CHANGE AUTHORIZED,relative-floor-0.0001,primary,re2tt_ts-route-service_socket_3,ts-route-service,socket,47f193d58b233d8a,G,MTL,10.0,0.0001,0.01,5,24,12,1,18,9,241,194,27,20,7,5,1,1,24.0,24,24,3.5,5,0,239,7,25804,756,208212797527511.84,208212797222750.25,252,23,0,229,0,0,2,21,421052.6315789484,436170.2127659584,0.9859154929577465,1.0,0.9722222222222222
POST-HOC DEVELOPMENT DIAGNOSTIC,NOT FINAL EFFICACY,NOT PARAMETER SELECTION,NO METHOD CHANGE AUTHORIZED,relative-floor-0.0001,primary,re2tt_ts-route-service_socket_3,ts-route-service,socket,47f193d58b233d8a,L,MTL,10.0,0.0001,0.01,5,24,12,1,18,9,241,194,27,20,7,5,1,1,24.0,24,24,3.5,5,0,239,7,25804,756,208216307876673.0,208216307571938.75,252,106,0,146,0,0,16,90,169200491270591.94,221694927196937.78,0.2653061224489796,0.5,0.18055555555555555
POST-HOC DEVELOPMENT DIAGNOSTIC,NOT FINAL EFFICACY,NOT PARAMETER SELECTION,NO METHOD CHANGE AUTHORIZED,relative-floor-0.0001,primary,re2tt_ts-route-service_socket_3,ts-route-service,socket,47f193d58b233d8a,ALL,MTL,10.0,0.0001,0.01,5,24,12,1,18,9,241,194,27,20,7,5,1,1,24.0,24,24,3.5,5,0,239,7,25804,756,208208935729645.2,208208935379315.3,252,19,0,233,0,0,2,17,421052.6315789484,436170.2127659584,0.9859154929577465,1.0,0.9722222222222222
POST-HOC DEVELOPMENT DIAGNOSTIC,NOT FINAL EFFICACY,NOT PARAMETER SELECTION,NO METHOD CHANGE AUTHORIZED,relative-floor-0.0001,primary,re2tt_ts-route-service_socket_3,ts-route-service,socket,47f193d58b233d8a,G,MT,10.0,0.0001,0.01,5,24,12,1,18,9,221,194,27,0,6,5,1,0,24.0,24,24,3.0,5,0,219,6,23644,648,,,252,14,0,238,0,0,14,0,421052.6315789484,436170.2127659584,0.9859154929577465,1.0,0.9722222222222222
POST-HOC DEVELOPMENT DIAGNOSTIC,NOT FINAL EFFICACY,NOT PARAMETER SELECTION,NO METHOD CHANGE AUTHORIZED,relative-floor-0.0001,primary,re2tt_ts-route-service_socket_3,ts-route-service,socket,47f193d58b233d8a,L,MT,10.0,0.0001,0.01,5,24,12,1,18,9,221,194,27,0,6,5,1,0,24.0,24,24,3.0,5,0,219,6,23644,648,,,252,63,0,189,0,0,63,0,145047195127985.4,158890826408975.88,0.26666666666666666,0.5098039215686274,0.18055555555555555
POST-HOC DEVELOPMENT DIAGNOSTIC,NOT FINAL EFFICACY,NOT PARAMETER SELECTION,NO METHOD CHANGE AUTHORIZED,relative-floor-0.0001,primary,re2tt_ts-route-service_socket_3,ts-route-service,socket,47f193d58b233d8a,ALL,MT,10.0,0.0001,0.01,5,24,12,1,18,9,221,194,27,0,6,5,1,0,24.0,24,24,3.0,5,0,219,6,23644,648,,,252,12,0,240,0,0,12,0,421052.6315789484,436170.2127659584,0.9859154929577465,1.0,0.9722222222222222
POST-HOC DEVELOPMENT DIAGNOSTIC,NOT FINAL EFFICACY,NOT PARAMETER SELECTION,NO METHOD CHANGE AUTHORIZED,relative-floor-0.0001,primary,re2tt_ts-train-service_cpu_1,ts-train-service,cpu,f13a01ab09a3962b,G,MTL,10.0,0.0001,0.01,5,24,12,1,18,9,248,201,27,20,14,12,1,1,24.0,24,24,3.0,12,0,246,14,26538,1512,175419290936036.16,175419290707581.5,252,11,0,241,0,11,0,0,473684.2105263159,436170.2127659584,0.9894736842105263,1.0,0.9791666666666666
POST-HOC DEVELOPMENT DIAGNOSTIC,NOT FINAL EFFICACY,NOT PARAMETER SELECTION,NO METHOD CHANGE AUTHORIZED,relative-floor-0.0001,primary,re2tt_ts-train-service_cpu_1,ts-train-service,cpu,f13a01ab09a3962b,L,MTL,10.0,0.0001,0.01,5,24,12,1,18,9,248,201,27,20,14,12,1,1,24.0,24,24,3.0,12,0,246,14,26538,1512,175751000483549.1,175751000255297.3,252,11,0,241,0,11,0,0,221694927196937.78,221694927196937.78,0.0,0.0,0.0
POST-HOC DEVELOPMENT DIAGNOSTIC,NOT FINAL EFFICACY,NOT PARAMETER SELECTION,NO METHOD CHANGE AUTHORIZED,relative-floor-0.0001,primary,re2tt_ts-train-service_cpu_1,ts-train-service,cpu,f13a01ab09a3962b,ALL,MTL,10.0,0.0001,0.01,5,24,12,1,18,9,248,201,27,20,14,12,1,1,24.0,24,24,3.0,12,0,246,14,26538,1512,175354210654855.2,175354210419233.66,252,11,0,241,0,11,0,0,473684.2105263159,436170.2127659584,0.9894736842105263,1.0,0.9791666666666666
POST-HOC DEVELOPMENT DIAGNOSTIC,NOT FINAL EFFICACY,NOT PARAMETER SELECTION,NO METHOD CHANGE AUTHORIZED,relative-floor-0.0001,primary,re2tt_ts-train-service_cpu_1,ts-train-service,cpu,f13a01ab09a3962b,G,MT,10.0,0.0001,0.01,5,24,12,1,18,9,228,201,27,0,13,12,1,0,24.0,24,24,3.0,12,0,226,13,24378,1404,,,252,11,0,241,0,11,0,0,473684.2105263159,436170.2127659584,0.9894736842105263,1.0,0.9791666666666666
POST-HOC DEVELOPMENT DIAGNOSTIC,NOT FINAL EFFICACY,NOT PARAMETER SELECTION,NO METHOD CHANGE AUTHORIZED,relative-floor-0.0001,primary,re2tt_ts-train-service_cpu_1,ts-train-service,cpu,f13a01ab09a3962b,L,MT,10.0,0.0001,0.01,5,24,12,1,18,9,228,201,27,0,13,12,1,0,24.0,24,24,3.0,12,0,226,13,24378,1404,,,252,11,0,241,0,11,0,0,155212936820844.28,158890826408975.88,0.0,0.0,0.0
POST-HOC DEVELOPMENT DIAGNOSTIC,NOT FINAL EFFICACY,NOT PARAMETER SELECTION,NO METHOD CHANGE AUTHORIZED,relative-floor-0.0001,primary,re2tt_ts-train-service_cpu_1,ts-train-service,cpu,f13a01ab09a3962b,ALL,MT,10.0,0.0001,0.01,5,24,12,1,18,9,228,201,27,0,13,12,1,0,24.0,24,24,3.0,12,0,226,13,24378,1404,,,252,11,0,241,0,11,0,0,473684.2105263159,436170.2127659584,0.9894736842105263,1.0,0.9791666666666666
POST-HOC DEVELOPMENT DIAGNOSTIC,NOT FINAL EFFICACY,NOT PARAMETER SELECTION,NO METHOD CHANGE AUTHORIZED,relative-floor-0.0001,primary,re2tt_ts-train-service_cpu_2,ts-train-service,cpu,b4f7da80e26ff729,G,MTL,10.0,0.0001,0.01,5,24,12,1,18,9,245,198,27,20,10,9,1,0,24.0,24,24,2.0,9,0,243,10,26212,1080,51633968113793.484,51633967739781.91,252,23,0,229,0,15,8,0,473684.2105263159,436170.2127659584,0.9859154929577465,1.0,0.9722222222222222
POST-HOC DEVELOPMENT DIAGNOSTIC,NOT FINAL EFFICACY,NOT PARAMETER SELECTION,NO METHOD CHANGE AUTHORIZED,relative-floor-0.0001,primary,re2tt_ts-train-service_cpu_2,ts-train-service,cpu,b4f7da80e26ff729,L,MTL,10.0,0.0001,0.01,5,24,12,1,18,9,245,198,27,20,10,9,1,0,24.0,24,24,2.0,9,0,243,10,26212,1080,51544889397440.77,51544889037911.65,252,67,0,185,0,11,56,0,221694927196937.78,221694927196937.78,0.013793103448275862,1.0,0.006944444444444444
POST-HOC DEVELOPMENT DIAGNOSTIC,NOT FINAL EFFICACY,NOT PARAMETER SELECTION,NO METHOD CHANGE AUTHORIZED,relative-floor-0.0001,primary,re2tt_ts-train-service_cpu_2,ts-train-service,cpu,b4f7da80e26ff729,ALL,MTL,10.0,0.0001,0.01,5,24,12,1,18,9,245,198,27,20,10,9,1,0,24.0,24,24,2.0,9,0,243,10,26212,1080,51620258917009.15,51620258541717.36,252,28,0,224,0,15,13,0,473684.2105263159,436170.2127659584,0.9859154929577465,1.0,0.9722222222222222
POST-HOC DEVELOPMENT DIAGNOSTIC,NOT FINAL EFFICACY,NOT PARAMETER SELECTION,NO METHOD CHANGE AUTHORIZED,relative-floor-0.0001,primary,re2tt_ts-train-service_cpu_2,ts-train-service,cpu,b4f7da80e26ff729,G,MT,10.0,0.0001,0.01,5,24,12,1,18,9,225,198,27,0,10,9,1,0,24.0,24,24,2.0,9,0,223,10,24052,1080,,,252,23,0,229,0,15,8,0,473684.2105263159,436170.2127659584,0.9859154929577465,1.0,0.9722222222222222
POST-HOC DEVELOPMENT DIAGNOSTIC,NOT FINAL EFFICACY,NOT PARAMETER SELECTION,NO METHOD CHANGE AUTHORIZED,relative-floor-0.0001,primary,re2tt_ts-train-service_cpu_2,ts-train-service,cpu,b4f7da80e26ff729,L,MT,10.0,0.0001,0.01,5,24,12,1,18,9,225,198,27,0,10,9,1,0,24.0,24,24,2.0,9,0,223,10,24052,1080,,,252,67,0,185,0,11,56,0,155212936820844.28,158890826408975.88,0.07643312101910828,0.46153846153846156,0.041666666666666664
POST-HOC DEVELOPMENT DIAGNOSTIC,NOT FINAL EFFICACY,NOT PARAMETER SELECTION,NO METHOD CHANGE AUTHORIZED,relative-floor-0.0001,primary,re2tt_ts-train-service_cpu_2,ts-train-service,cpu,b4f7da80e26ff729,ALL,MT,10.0,0.0001,0.01,5,24,12,1,18,9,225,198,27,0,10,9,1,0,24.0,24,24,2.0,9,0,223,10,24052,1080,,,252,28,0,224,0,15,13,0,473684.2105263159,436170.2127659584,0.9859154929577465,1.0,0.9722222222222222
POST-HOC DEVELOPMENT DIAGNOSTIC,NOT FINAL EFFICACY,NOT PARAMETER SELECTION,NO METHOD CHANGE AUTHORIZED,relative-floor-0.0001,primary,re2tt_ts-train-service_cpu_3,ts-train-service,cpu,8fe6a000483edc0e,G,MTL,10.0,0.0001,0.01,5,24,12,1,18,9,248,201,27,20,14,12,1,1,24.0,24,24,5.0,12,0,248,14,26744,1512,196458532776569.75,196458532368303.75,252,9,0,243,0,9,0,0,473684.2105263159,436170.2127659584,0.9894736842105263,1.0,0.9791666666666666
POST-HOC DEVELOPMENT DIAGNOSTIC,NOT FINAL EFFICACY,NOT PARAMETER SELECTION,NO METHOD CHANGE AUTHORIZED,relative-floor-0.0001,primary,re2tt_ts-train-service_cpu_3,ts-train-service,cpu,8fe6a000483edc0e,L,MTL,10.0,0.0001,0.01,5,24,12,1,18,9,248,201,27,20,14,12,1,1,24.0,24,24,5.0,12,0,248,14,26744,1512,196465930589114.06,196465930189855.7,252,9,0,243,0,9,0,0,221694927196937.78,221694927196937.78,0.0,0.0,0.0
POST-HOC DEVELOPMENT DIAGNOSTIC,NOT FINAL EFFICACY,NOT PARAMETER SELECTION,NO METHOD CHANGE AUTHORIZED,relative-floor-0.0001,primary,re2tt_ts-train-service_cpu_3,ts-train-service,cpu,8fe6a000483edc0e,ALL,MTL,10.0,0.0001,0.01,5,24,12,1,18,9,248,201,27,20,14,12,1,1,24.0,24,24,5.0,12,0,248,14,26744,1512,195958753911215.7,195958753481873.03,252,9,0,243,0,9,0,0,473684.2105263159,436170.2127659584,0.9894736842105263,1.0,0.9791666666666666
POST-HOC DEVELOPMENT DIAGNOSTIC,NOT FINAL EFFICACY,NOT PARAMETER SELECTION,NO METHOD CHANGE AUTHORIZED,relative-floor-0.0001,primary,re2tt_ts-train-service_cpu_3,ts-train-service,cpu,8fe6a000483edc0e,G,MT,10.0,0.0001,0.01,5,24,12,1,18,9,228,201,27,0,13,12,1,0,24.0,24,24,5.0,12,0,228,13,24584,1404,,,252,9,0,243,0,9,0,0,473684.2105263159,436170.2127659584,0.9894736842105263,1.0,0.9791666666666666
POST-HOC DEVELOPMENT DIAGNOSTIC,NOT FINAL EFFICACY,NOT PARAMETER SELECTION,NO METHOD CHANGE AUTHORIZED,relative-floor-0.0001,primary,re2tt_ts-train-service_cpu_3,ts-train-service,cpu,8fe6a000483edc0e,L,MT,10.0,0.0001,0.01,5,24,12,1,18,9,228,201,27,0,13,12,1,0,24.0,24,24,5.0,12,0,228,13,24584,1404,,,252,9,0,243,0,9,0,0,155212936820844.28,158890826408975.88,0.0,0.0,0.0
POST-HOC DEVELOPMENT DIAGNOSTIC,NOT FINAL EFFICACY,NOT PARAMETER SELECTION,NO METHOD CHANGE AUTHORIZED,relative-floor-0.0001,primary,re2tt_ts-train-service_cpu_3,ts-train-service,cpu,8fe6a000483edc0e,ALL,MT,10.0,0.0001,0.01,5,24,12,1,18,9,228,201,27,0,13,12,1,0,24.0,24,24,5.0,12,0,228,13,24584,1404,,,252,9,0,243,0,9,0,0,473684.2105263159,436170.2127659584,0.9894736842105263,1.0,0.9791666666666666
POST-HOC DEVELOPMENT DIAGNOSTIC,NOT FINAL EFFICACY,NOT PARAMETER SELECTION,NO METHOD CHANGE AUTHORIZED,relative-floor-0.0001,primary,re2tt_ts-train-service_delay_1,ts-train-service,delay,8534e6237bee1618,G,MTL,10.0,0.0001,0.01,5,24,12,1,18,9,250,203,27,20,15,14,1,0,24.0,24,24,5.0,14,0,248,15,26764,1620,69273002245062.08,69273001836489.79,252,4,0,248,0,4,0,0,436170.21276595857,436170.2127659584,0.9894736842105263,1.0,0.9791666666666666
POST-HOC DEVELOPMENT DIAGNOSTIC,NOT FINAL EFFICACY,NOT PARAMETER SELECTION,NO METHOD CHANGE AUTHORIZED,relative-floor-0.0001,primary,re2tt_ts-train-service_delay_1,ts-train-service,delay,8534e6237bee1618,L,MTL,10.0,0.0001,0.01,5,24,12,1,18,9,250,203,27,20,15,14,1,0,24.0,24,24,5.0,14,0,248,15,26764,1620,69313936258474.45,69313935849741.66,252,4,0,248,0,4,0,0,225569991807719.12,221694927196937.78,0.0,0.0,0.0
POST-HOC DEVELOPMENT DIAGNOSTIC,NOT FINAL EFFICACY,NOT PARAMETER SELECTION,NO METHOD CHANGE AUTHORIZED,relative-floor-0.0001,primary,re2tt_ts-train-service_delay_1,ts-train-service,delay,8534e6237bee1618,ALL,MTL,10.0,0.0001,0.01,5,24,12,1,18,9,250,203,27,20,15,14,1,0,24.0,24,24,5.0,14,0,248,15,26764,1620,69377457784352.86,69377457205862.46,252,4,0,248,0,4,0,0,436170.21276595857,436170.2127659584,0.9894736842105263,1.0,0.9791666666666666
POST-HOC DEVELOPMENT DIAGNOSTIC,NOT FINAL EFFICACY,NOT PARAMETER SELECTION,NO METHOD CHANGE AUTHORIZED,relative-floor-0.0001,primary,re2tt_ts-train-service_delay_1,ts-train-service,delay,8534e6237bee1618,G,MT,10.0,0.0001,0.01,5,24,12,1,18,9,230,203,27,0,15,14,1,0,24.0,24,24,5.0,14,0,228,15,24604,1620,,,252,4,0,248,0,4,0,0,436170.21276595857,436170.2127659584,0.9894736842105263,1.0,0.9791666666666666
POST-HOC DEVELOPMENT DIAGNOSTIC,NOT FINAL EFFICACY,NOT PARAMETER SELECTION,NO METHOD CHANGE AUTHORIZED,relative-floor-0.0001,primary,re2tt_ts-train-service_delay_1,ts-train-service,delay,8534e6237bee1618,L,MT,10.0,0.0001,0.01,5,24,12,1,18,9,230,203,27,0,15,14,1,0,24.0,24,24,5.0,14,0,228,15,24604,1620,,,252,4,0,248,0,4,0,0,166115523335903.66,158890826408975.88,0.0,0.0,0.0
POST-HOC DEVELOPMENT DIAGNOSTIC,NOT FINAL EFFICACY,NOT PARAMETER SELECTION,NO METHOD CHANGE AUTHORIZED,relative-floor-0.0001,primary,re2tt_ts-train-service_delay_1,ts-train-service,delay,8534e6237bee1618,ALL,MT,10.0,0.0001,0.01,5,24,12,1,18,9,230,203,27,0,15,14,1,0,24.0,24,24,5.0,14,0,228,15,24604,1620,,,252,4,0,248,0,4,0,0,436170.21276595857,436170.2127659584,0.9894736842105263,1.0,0.9791666666666666
POST-HOC DEVELOPMENT DIAGNOSTIC,NOT FINAL EFFICACY,NOT PARAMETER SELECTION,NO METHOD CHANGE AUTHORIZED,relative-floor-0.0001,primary,re2tt_ts-train-service_delay_2,ts-train-service,delay,84c4c18e60502036,G,MTL,10.0,0.0001,0.01,5,24,12,1,18,9,238,191,27,20,5,2,2,1,24.0,24,24,4.0,2,0,238,5,25654,540,306223263957897.8,306223263597740.8,252,0,0,252,0,0,0,0,436170.21276595857,436170.2127659584,0.1375,0.6875,0.0763888888888889
POST-HOC DEVELOPMENT DIAGNOSTIC,NOT FINAL EFFICACY,NOT PARAMETER SELECTION,NO METHOD CHANGE AUTHORIZED,relative-floor-0.0001,primary,re2tt_ts-train-service_delay_2,ts-train-service,delay,84c4c18e60502036,L,MTL,10.0,0.0001,0.01,5,24,12,1,18,9,238,191,27,20,5,2,2,1,24.0,24,24,4.0,2,0,238,5,25654,540,306172225902677.5,306172225542269.75,252,0,0,252,0,0,0,0,225569991807719.12,221694927196937.78,0.0,0.0,0.0
POST-HOC DEVELOPMENT DIAGNOSTIC,NOT FINAL EFFICACY,NOT PARAMETER SELECTION,NO METHOD CHANGE AUTHORIZED,relative-floor-0.0001,primary,re2tt_ts-train-service_delay_2,ts-train-service,delay,84c4c18e60502036,ALL,MTL,10.0,0.0001,0.01,5,24,12,1,18,9,238,191,27,20,5,2,2,1,24.0,24,24,4.0,2,0,238,5,25654,540,310367792419272.7,310367792025289.3,252,0,0,252,0,0,0,0,436170.21276595857,436170.2127659584,0.1375,0.6875,0.0763888888888889
POST-HOC DEVELOPMENT DIAGNOSTIC,NOT FINAL EFFICACY,NOT PARAMETER SELECTION,NO METHOD CHANGE AUTHORIZED,relative-floor-0.0001,primary,re2tt_ts-train-service_delay_2,ts-train-service,delay,84c4c18e60502036,G,MT,10.0,0.0001,0.01,5,24,12,1,18,9,218,191,27,0,4,2,2,0,24.0,24,24,4.0,2,0,218,4,23494,432,,,252,0,0,252,0,0,0,0,436170.21276595857,436170.2127659584,0.1375,0.6875,0.0763888888888889
POST-HOC DEVELOPMENT DIAGNOSTIC,NOT FINAL EFFICACY,NOT PARAMETER SELECTION,NO METHOD CHANGE AUTHORIZED,relative-floor-0.0001,primary,re2tt_ts-train-service_delay_2,ts-train-service,delay,84c4c18e60502036,L,MT,10.0,0.0001,0.01,5,24,12,1,18,9,218,191,27,0,4,2,2,0,24.0,24,24,4.0,2,0,218,4,23494,432,,,252,0,0,252,0,0,0,0,166115523335903.66,158890826408975.88,0.0,0.0,0.0
POST-HOC DEVELOPMENT DIAGNOSTIC,NOT FINAL EFFICACY,NOT PARAMETER SELECTION,NO METHOD CHANGE AUTHORIZED,relative-floor-0.0001,primary,re2tt_ts-train-service_delay_2,ts-train-service,delay,84c4c18e60502036,ALL,MT,10.0,0.0001,0.01,5,24,12,1,18,9,218,191,27,0,4,2,2,0,24.0,24,24,4.0,2,0,218,4,23494,432,,,252,0,0,252,0,0,0,0,436170.21276595857,436170.2127659584,0.1375,0.6875,0.0763888888888889
POST-HOC DEVELOPMENT DIAGNOSTIC,NOT FINAL EFFICACY,NOT PARAMETER SELECTION,NO METHOD CHANGE AUTHORIZED,relative-floor-0.0001,primary,re2tt_ts-train-service_delay_3,ts-train-service,delay,0868b9b567cd44c8,G,MTL,10.0,0.0001,0.01,5,24,12,1,18,9,238,191,27,20,4,2,1,1,24.0,24,24,4.0,2,0,238,4,25646,432,185774714720064.9,185774713677807.56,252,12,0,240,0,0,0,12,436170.21276595857,436170.2127659584,0.9619377162629758,0.9586206896551724,0.9652777777777778
POST-HOC DEVELOPMENT DIAGNOSTIC,NOT FINAL EFFICACY,NOT PARAMETER SELECTION,NO METHOD CHANGE AUTHORIZED,relative-floor-0.0001,primary,re2tt_ts-train-service_delay_3,ts-train-service,delay,0868b9b567cd44c8,L,MTL,10.0,0.0001,0.01,5,24,12,1,18,9,238,191,27,20,4,2,1,1,24.0,24,24,4.0,2,0,238,4,25646,432,185679720586081.4,185679719547015.88,252,54,0,198,0,0,2,52,225569991807719.12,221694927196937.78,0.02564102564102564,0.16666666666666666,0.013888888888888888
POST-HOC DEVELOPMENT DIAGNOSTIC,NOT FINAL EFFICACY,NOT PARAMETER SELECTION,NO METHOD CHANGE AUTHORIZED,relative-floor-0.0001,primary,re2tt_ts-train-service_delay_3,ts-train-service,delay,0868b9b567cd44c8,ALL,MTL,10.0,0.0001,0.01,5,24,12,1,18,9,238,191,27,20,4,2,1,1,24.0,24,24,4.0,2,0,238,4,25646,432,186836741357787.94,186836740291878.62,252,13,0,239,0,0,0,13,436170.21276595857,436170.2127659584,0.9619377162629758,0.9586206896551724,0.9652777777777778
POST-HOC DEVELOPMENT DIAGNOSTIC,NOT FINAL EFFICACY,NOT PARAMETER SELECTION,NO METHOD CHANGE AUTHORIZED,relative-floor-0.0001,primary,re2tt_ts-train-service_delay_3,ts-train-service,delay,0868b9b567cd44c8,G,MT,10.0,0.0001,0.01,5,24,12,1,18,9,218,191,27,0,3,2,1,0,24.0,24,24,4.0,2,0,218,3,23486,324,,,252,11,0,241,0,0,11,0,436170.21276595857,436170.2127659584,0.9619377162629758,0.9586206896551724,0.9652777777777778
POST-HOC DEVELOPMENT DIAGNOSTIC,NOT FINAL EFFICACY,NOT PARAMETER SELECTION,NO METHOD CHANGE AUTHORIZED,relative-floor-0.0001,primary,re2tt_ts-train-service_delay_3,ts-train-service,delay,0868b9b567cd44c8,L,MT,10.0,0.0001,0.01,5,24,12,1,18,9,218,191,27,0,3,2,1,0,24.0,24,24,4.0,2,0,218,3,23486,324,,,252,49,0,203,0,0,49,0,166115523335903.66,158890826408975.88,0.050314465408805034,0.26666666666666666,0.027777777777777776
POST-HOC DEVELOPMENT DIAGNOSTIC,NOT FINAL EFFICACY,NOT PARAMETER SELECTION,NO METHOD CHANGE AUTHORIZED,relative-floor-0.0001,primary,re2tt_ts-train-service_delay_3,ts-train-service,delay,0868b9b567cd44c8,ALL,MT,10.0,0.0001,0.01,5,24,12,1,18,9,218,191,27,0,3,2,1,0,24.0,24,24,4.0,2,0,218,3,23486,324,,,252,0,0,252,0,0,0,0,436170.21276595857,436170.2127659584,0.9619377162629758,0.9586206896551724,0.9652777777777778
POST-HOC DEVELOPMENT DIAGNOSTIC,NOT FINAL EFFICACY,NOT PARAMETER SELECTION,NO METHOD CHANGE AUTHORIZED,relative-floor-0.0001,primary,re2tt_ts-travel-service_disk_1,ts-travel-service,disk,27afdc4e5ac07b32,G,MTL,10.0,0.0001,0.01,5,24,12,1,18,9,232,186,26,20,7,2,2,3,24.0,24,24,5.0,2,0,226,7,24408,756,446437102394667.2,446437101874820.25,252,0,0,252,0,0,0,0,436170.21276595857,436170.2127659584,0.11180124223602485,0.5294117647058824,0.0625
POST-HOC DEVELOPMENT DIAGNOSTIC,NOT FINAL EFFICACY,NOT PARAMETER SELECTION,NO METHOD CHANGE AUTHORIZED,relative-floor-0.0001,primary,re2tt_ts-travel-service_disk_1,ts-travel-service,disk,27afdc4e5ac07b32,L,MTL,10.0,0.0001,0.01,5,24,12,1,18,9,232,186,26,20,7,2,2,3,24.0,24,24,5.0,2,0,226,7,24408,756,454515317854860.75,454515317434471.25,252,0,0,252,0,0,0,0,225569991807719.12,221694927196937.78,0.0,0.0,0.0
POST-HOC DEVELOPMENT DIAGNOSTIC,NOT FINAL EFFICACY,NOT PARAMETER SELECTION,NO METHOD CHANGE AUTHORIZED,relative-floor-0.0001,primary,re2tt_ts-travel-service_disk_1,ts-travel-service,disk,27afdc4e5ac07b32,ALL,MTL,10.0,0.0001,0.01,5,24,12,1,18,9,232,186,26,20,7,2,2,3,24.0,24,24,5.0,2,0,226,7,24408,756,446509318734612.75,446509318309592.6,252,0,0,252,0,0,0,0,436170.21276595857,436170.2127659584,0.11180124223602485,0.5294117647058824,0.0625
POST-HOC DEVELOPMENT DIAGNOSTIC,NOT FINAL EFFICACY,NOT PARAMETER SELECTION,NO METHOD CHANGE AUTHORIZED,relative-floor-0.0001,primary,re2tt_ts-travel-service_disk_1,ts-travel-service,disk,27afdc4e5ac07b32,G,MT,10.0,0.0001,0.01,5,24,12,1,18,9,212,186,26,0,4,2,2,0,24.0,24,24,3.5,2,0,206,4,22248,432,,,252,0,0,252,0,0,0,0,436170.21276595857,436170.2127659584,0.11180124223602485,0.5294117647058824,0.0625
POST-HOC DEVELOPMENT DIAGNOSTIC,NOT FINAL EFFICACY,NOT PARAMETER SELECTION,NO METHOD CHANGE AUTHORIZED,relative-floor-0.0001,primary,re2tt_ts-travel-service_disk_1,ts-travel-service,disk,27afdc4e5ac07b32,L,MT,10.0,0.0001,0.01,5,24,12,1,18,9,212,186,26,0,4,2,2,0,24.0,24,24,3.5,2,0,206,4,22248,432,,,252,0,0,252,0,0,0,0,166115523335903.66,158890826408975.88,0.0,0.0,0.0
POST-HOC DEVELOPMENT DIAGNOSTIC,NOT FINAL EFFICACY,NOT PARAMETER SELECTION,NO METHOD CHANGE AUTHORIZED,relative-floor-0.0001,primary,re2tt_ts-travel-service_disk_1,ts-travel-service,disk,27afdc4e5ac07b32,ALL,MT,10.0,0.0001,0.01,5,24,12,1,18,9,212,186,26,0,4,2,2,0,24.0,24,24,3.5,2,0,206,4,22248,432,,,252,0,0,252,0,0,0,0,436170.21276595857,436170.2127659584,0.11180124223602485,0.5294117647058824,0.0625
POST-HOC DEVELOPMENT DIAGNOSTIC,NOT FINAL EFFICACY,NOT PARAMETER SELECTION,NO METHOD CHANGE AUTHORIZED,relative-floor-0.0001,primary,re2tt_ts-travel-service_disk_2,ts-travel-service,disk,757b880ecadc87f4,G,MTL,10.0,0.0001,0.01,5,24,12,1,18,9,183,149,20,14,11,9,1,1,24.0,24,24,4.0,7,0,183,11,19748,1188,158436241526980.44,158436240898537.1,252,0,0,252,0,0,0,0,436170.21276595857,436170.2127659584,0.0,0.0,0.0
POST-HOC DEVELOPMENT DIAGNOSTIC,NOT FINAL EFFICACY,NOT PARAMETER SELECTION,NO METHOD CHANGE AUTHORIZED,relative-floor-0.0001,primary,re2tt_ts-travel-service_disk_2,ts-travel-service,disk,757b880ecadc87f4,L,MTL,10.0,0.0001,0.01,5,24,12,1,18,9,183,149,20,14,11,9,1,1,24.0,24,24,4.0,7,0,183,11,19748,1188,158401373736231.94,158401373116121.72,252,0,0,252,0,0,0,0,225569991807719.12,221694927196937.78,0.0,0.0,0.0
POST-HOC DEVELOPMENT DIAGNOSTIC,NOT FINAL EFFICACY,NOT PARAMETER SELECTION,NO METHOD CHANGE AUTHORIZED,relative-floor-0.0001,primary,re2tt_ts-travel-service_disk_2,ts-travel-service,disk,757b880ecadc87f4,ALL,MTL,10.0,0.0001,0.01,5,24,12,1,18,9,183,149,20,14,11,9,1,1,24.0,24,24,4.0,7,0,183,11,19748,1188,158268543725050.16,158268542980691.44,252,0,0,252,0,0,0,0,436170.21276595857,436170.2127659584,0.0,0.0,0.0
POST-HOC DEVELOPMENT DIAGNOSTIC,NOT FINAL EFFICACY,NOT PARAMETER SELECTION,NO METHOD CHANGE AUTHORIZED,relative-floor-0.0001,primary,re2tt_ts-travel-service_disk_2,ts-travel-service,disk,757b880ecadc87f4,G,MT,10.0,0.0001,0.01,5,24,12,1,18,9,169,149,20,0,10,9,1,0,24.0,24,24,4.0,7,0,169,10,18236,1080,,,252,0,0,252,0,0,0,0,436170.21276595857,436170.2127659584,0.0,0.0,0.0
POST-HOC DEVELOPMENT DIAGNOSTIC,NOT FINAL EFFICACY,NOT PARAMETER SELECTION,NO METHOD CHANGE AUTHORIZED,relative-floor-0.0001,primary,re2tt_ts-travel-service_disk_2,ts-travel-service,disk,757b880ecadc87f4,L,MT,10.0,0.0001,0.01,5,24,12,1,18,9,169,149,20,0,10,9,1,0,24.0,24,24,4.0,7,0,169,10,18236,1080,,,252,0,0,252,0,0,0,0,166115523335903.66,158890826408975.88,0.0,0.0,0.0
POST-HOC DEVELOPMENT DIAGNOSTIC,NOT FINAL EFFICACY,NOT PARAMETER SELECTION,NO METHOD CHANGE AUTHORIZED,relative-floor-0.0001,primary,re2tt_ts-travel-service_disk_2,ts-travel-service,disk,757b880ecadc87f4,ALL,MT,10.0,0.0001,0.01,5,24,12,1,18,9,169,149,20,0,10,9,1,0,24.0,24,24,4.0,7,0,169,10,18236,1080,,,252,0,0,252,0,0,0,0,436170.21276595857,436170.2127659584,0.0,0.0,0.0
POST-HOC DEVELOPMENT DIAGNOSTIC,NOT FINAL EFFICACY,NOT PARAMETER SELECTION,NO METHOD CHANGE AUTHORIZED,relative-floor-0.0001,primary,re2tt_ts-travel-service_disk_3,ts-travel-service,disk,3b90d794c8506cef,G,MTL,10.0,0.0001,0.01,5,24,12,1,18,9,183,149,20,14,9,9,0,0,24.0,24,24,,9,0,183,9,19760,972,292235.3330789557,0.0,252,0,0,252,0,0,0,0,436170.21276595857,436170.2127659584,0.8923076923076924,1.0,0.8055555555555556
POST-HOC DEVELOPMENT DIAGNOSTIC,NOT FINAL EFFICACY,NOT PARAMETER SELECTION,NO METHOD CHANGE AUTHORIZED,relative-floor-0.0001,primary,re2tt_ts-travel-service_disk_3,ts-travel-service,disk,3b90d794c8506cef,L,MTL,10.0,0.0001,0.01,5,24,12,1,18,9,183,149,20,14,9,9,0,0,24.0,24,24,,9,0,183,9,19760,972,291633.68885588535,0.0,252,0,0,252,0,0,0,0,225569991807719.12,221694927196937.78,0.0,0.0,0.0
POST-HOC DEVELOPMENT DIAGNOSTIC,NOT FINAL EFFICACY,NOT PARAMETER SELECTION,NO METHOD CHANGE AUTHORIZED,relative-floor-0.0001,primary,re2tt_ts-travel-service_disk_3,ts-travel-service,disk,3b90d794c8506cef,ALL,MTL,10.0,0.0001,0.01,5,24,12,1,18,9,183,149,20,14,9,9,0,0,24.0,24,24,,9,0,183,9,19760,972,307714.84833120805,0.0,252,0,0,252,0,0,0,0,436170.21276595857,436170.2127659584,0.8705882352941177,1.0,0.7708333333333334
POST-HOC DEVELOPMENT DIAGNOSTIC,NOT FINAL EFFICACY,NOT PARAMETER SELECTION,NO METHOD CHANGE AUTHORIZED,relative-floor-0.0001,primary,re2tt_ts-travel-service_disk_3,ts-travel-service,disk,3b90d794c8506cef,G,MT,10.0,0.0001,0.01,5,24,12,1,18,9,169,149,20,0,9,9,0,0,24.0,24,24,,9,0,169,9,18248,972,,,252,0,0,252,0,0,0,0,436170.21276595857,436170.2127659584,0.8923076923076924,1.0,0.8055555555555556
POST-HOC DEVELOPMENT DIAGNOSTIC,NOT FINAL EFFICACY,NOT PARAMETER SELECTION,NO METHOD CHANGE AUTHORIZED,relative-floor-0.0001,primary,re2tt_ts-travel-service_disk_3,ts-travel-service,disk,3b90d794c8506cef,L,MT,10.0,0.0001,0.01,5,24,12,1,18,9,169,149,20,0,9,9,0,0,24.0,24,24,,9,0,169,9,18248,972,,,252,0,0,252,0,0,0,0,166115523335903.66,158890826408975.88,0.0,0.0,0.0
POST-HOC DEVELOPMENT DIAGNOSTIC,NOT FINAL EFFICACY,NOT PARAMETER SELECTION,NO METHOD CHANGE AUTHORIZED,relative-floor-0.0001,primary,re2tt_ts-travel-service_disk_3,ts-travel-service,disk,3b90d794c8506cef,ALL,MT,10.0,0.0001,0.01,5,24,12,1,18,9,169,149,20,0,9,9,0,0,24.0,24,24,,9,0,169,9,18248,972,,,252,0,0,252,0,0,0,0,436170.21276595857,436170.2127659584,0.8705882352941177,1.0,0.7708333333333334
POST-HOC DEVELOPMENT DIAGNOSTIC,NOT FINAL EFFICACY,NOT PARAMETER SELECTION,NO METHOD CHANGE AUTHORIZED,relative-floor-0.0001,primary,re2tt_ts-travel-service_loss_1,ts-travel-service,loss,dd8536efed49ca5a,G,MTL,10.0,0.0001,0.01,5,24,12,1,18,9,238,191,27,20,2,2,0,0,24.0,24,24,,2,0,238,2,25630,216,315323.09889147384,0.0,252,0,0,252,0,0,0,0,436170.2127659584,436170.2127659584,0.9619377162629758,0.9586206896551724,0.9652777777777778
POST-HOC DEVELOPMENT DIAGNOSTIC,NOT FINAL EFFICACY,NOT PARAMETER SELECTION,NO METHOD CHANGE AUTHORIZED,relative-floor-0.0001,primary,re2tt_ts-travel-service_loss_1,ts-travel-service,loss,dd8536efed49ca5a,L,MTL,10.0,0.0001,0.01,5,24,12,1,18,9,238,191,27,20,2,2,0,0,24.0,24,24,,2,0,238,2,25630,216,314505.8700543583,0.0,252,0,0,252,0,0,0,0,222899715457592.28,221694927196937.78,0.0,0.0,0.0
POST-HOC DEVELOPMENT DIAGNOSTIC,NOT FINAL EFFICACY,NOT PARAMETER SELECTION,NO METHOD CHANGE AUTHORIZED,relative-floor-0.0001,primary,re2tt_ts-travel-service_loss_1,ts-travel-service,loss,dd8536efed49ca5a,ALL,MTL,10.0,0.0001,0.01,5,24,12,1,18,9,238,191,27,20,2,2,0,0,24.0,24,24,,2,0,238,2,25630,216,319900.5670536294,0.0,252,0,0,252,0,0,0,0,436170.2127659584,436170.2127659584,0.9619377162629758,0.9586206896551724,0.9652777777777778
POST-HOC DEVELOPMENT DIAGNOSTIC,NOT FINAL EFFICACY,NOT PARAMETER SELECTION,NO METHOD CHANGE AUTHORIZED,relative-floor-0.0001,primary,re2tt_ts-travel-service_loss_1,ts-travel-service,loss,dd8536efed49ca5a,G,MT,10.0,0.0001,0.01,5,24,12,1,18,9,218,191,27,0,2,2,0,0,24.0,24,24,,2,0,218,2,23470,216,,,252,0,0,252,0,0,0,0,436170.2127659584,436170.2127659584,0.9619377162629758,0.9586206896551724,0.9652777777777778
POST-HOC DEVELOPMENT DIAGNOSTIC,NOT FINAL EFFICACY,NOT PARAMETER SELECTION,NO METHOD CHANGE AUTHORIZED,relative-floor-0.0001,primary,re2tt_ts-travel-service_loss_1,ts-travel-service,loss,dd8536efed49ca5a,L,MT,10.0,0.0001,0.01,5,24,12,1,18,9,218,191,27,0,2,2,0,0,24.0,24,24,,2,0,218,2,23470,216,,,252,0,0,252,0,0,0,0,162111571025395.47,158890826408975.88,0.0,0.0,0.0
POST-HOC DEVELOPMENT DIAGNOSTIC,NOT FINAL EFFICACY,NOT PARAMETER SELECTION,NO METHOD CHANGE AUTHORIZED,relative-floor-0.0001,primary,re2tt_ts-travel-service_loss_1,ts-travel-service,loss,dd8536efed49ca5a,ALL,MT,10.0,0.0001,0.01,5,24,12,1,18,9,218,191,27,0,2,2,0,0,24.0,24,24,,2,0,218,2,23470,216,,,252,0,0,252,0,0,0,0,436170.2127659584,436170.2127659584,0.9619377162629758,0.9586206896551724,0.9652777777777778
POST-HOC DEVELOPMENT DIAGNOSTIC,NOT FINAL EFFICACY,NOT PARAMETER SELECTION,NO METHOD CHANGE AUTHORIZED,relative-floor-0.0001,primary,re2tt_ts-travel-service_loss_2,ts-travel-service,loss,b493b6b9e7b01687,G,MTL,10.0,0.0001,0.01,5,24,12,1,18,9,246,199,27,20,12,10,1,1,24.0,24,24,2.0,10,0,244,12,26316,1296,175400801785147.38,175400801098429.44,252,4,0,248,0,3,1,0,436170.2127659584,436170.2127659584,0.9537366548042705,0.9781021897810219,0.9305555555555556
POST-HOC DEVELOPMENT DIAGNOSTIC,NOT FINAL EFFICACY,NOT PARAMETER SELECTION,NO METHOD CHANGE AUTHORIZED,relative-floor-0.0001,primary,re2tt_ts-travel-service_loss_2,ts-travel-service,loss,b493b6b9e7b01687,L,MTL,10.0,0.0001,0.01,5,24,12,1,18,9,246,199,27,20,12,10,1,1,24.0,24,24,2.0,10,0,244,12,26316,1296,175554583063777.16,175554582397798.75,252,79,0,173,0,3,13,63,222899715457592.28,221694927196937.78,0.36893203883495146,0.6129032258064516,0.2638888888888889
POST-HOC DEVELOPMENT DIAGNOSTIC,NOT FINAL EFFICACY,NOT PARAMETER SELECTION,NO METHOD CHANGE AUTHORIZED,relative-floor-0.0001,primary,re2tt_ts-travel-service_loss_2,ts-travel-service,loss,b493b6b9e7b01687,ALL,MTL,10.0,0.0001,0.01,5,24,12,1,18,9,246,199,27,20,12,10,1,1,24.0,24,24,2.0,10,0,244,12,26316,1296,175194889281448.72,175194888548175.0,252,8,0,244,0,3,5,0,436170.2127659584,436170.2127659584,0.9537366548042705,0.9781021897810219,0.9305555555555556
POST-HOC DEVELOPMENT DIAGNOSTIC,NOT FINAL EFFICACY,NOT PARAMETER SELECTION,NO METHOD CHANGE AUTHORIZED,relative-floor-0.0001,primary,re2tt_ts-travel-service_loss_2,ts-travel-service,loss,b493b6b9e7b01687,G,MT,10.0,0.0001,0.01,5,24,12,1,18,9,226,199,27,0,11,10,1,0,24.0,24,24,2.0,10,0,224,11,24156,1188,,,252,4,0,248,0,3,1,0,436170.2127659584,436170.2127659584,0.9537366548042705,0.9781021897810219,0.9305555555555556
POST-HOC DEVELOPMENT DIAGNOSTIC,NOT FINAL EFFICACY,NOT PARAMETER SELECTION,NO METHOD CHANGE AUTHORIZED,relative-floor-0.0001,primary,re2tt_ts-travel-service_loss_2,ts-travel-service,loss,b493b6b9e7b01687,L,MT,10.0,0.0001,0.01,5,24,12,1,18,9,226,199,27,0,11,10,1,0,24.0,24,24,2.0,10,0,224,11,24156,1188,,,252,73,0,179,0,3,70,0,162111571025395.47,158890826408975.88,0.3786407766990291,0.6290322580645161,0.2708333333333333
POST-HOC DEVELOPMENT DIAGNOSTIC,NOT FINAL EFFICACY,NOT PARAMETER SELECTION,NO METHOD CHANGE AUTHORIZED,relative-floor-0.0001,primary,re2tt_ts-travel-service_loss_2,ts-travel-service,loss,b493b6b9e7b01687,ALL,MT,10.0,0.0001,0.01,5,24,12,1,18,9,226,199,27,0,11,10,1,0,24.0,24,24,2.0,10,0,224,11,24156,1188,,,252,8,0,244,0,3,5,0,436170.2127659584,436170.2127659584,0.9537366548042705,0.9781021897810219,0.9305555555555556
POST-HOC DEVELOPMENT DIAGNOSTIC,NOT FINAL EFFICACY,NOT PARAMETER SELECTION,NO METHOD CHANGE AUTHORIZED,relative-floor-0.0001,primary,re2tt_ts-travel-service_loss_3,ts-travel-service,loss,7138fe1fe1ddf617,G,MTL,10.0,0.0001,0.01,5,24,12,1,18,9,239,192,27,20,3,3,0,0,24.0,24,24,,3,0,239,3,25784,324,540076.5712888271,0.0,252,18,0,234,0,18,0,0,436170.2127659584,436170.2127659584,0.3191489361702128,0.6818181818181818,0.20833333333333334
POST-HOC DEVELOPMENT DIAGNOSTIC,NOT FINAL EFFICACY,NOT PARAMETER SELECTION,NO METHOD CHANGE AUTHORIZED,relative-floor-0.0001,primary,re2tt_ts-travel-service_loss_3,ts-travel-service,loss,7138fe1fe1ddf617,L,MTL,10.0,0.0001,0.01,5,24,12,1,18,9,239,192,27,20,3,3,0,0,24.0,24,24,,3,0,239,3,25784,324,538358.0264927819,0.0,252,18,0,234,0,18,0,0,222899715457592.28,221694927196937.78,0.0,0.0,0.0
POST-HOC DEVELOPMENT DIAGNOSTIC,NOT FINAL EFFICACY,NOT PARAMETER SELECTION,NO METHOD CHANGE AUTHORIZED,relative-floor-0.0001,primary,re2tt_ts-travel-service_loss_3,ts-travel-service,loss,7138fe1fe1ddf617,ALL,MTL,10.0,0.0001,0.01,5,24,12,1,18,9,239,192,27,20,3,3,0,0,24.0,24,24,,3,0,239,3,25784,324,529070.4288975522,0.0,252,18,0,234,0,18,0,0,436170.2127659584,436170.2127659584,0.3191489361702128,0.6818181818181818,0.20833333333333334
POST-HOC DEVELOPMENT DIAGNOSTIC,NOT FINAL EFFICACY,NOT PARAMETER SELECTION,NO METHOD CHANGE AUTHORIZED,relative-floor-0.0001,primary,re2tt_ts-travel-service_loss_3,ts-travel-service,loss,7138fe1fe1ddf617,G,MT,10.0,0.0001,0.01,5,24,12,1,18,9,219,192,27,0,3,3,0,0,24.0,24,24,,3,0,219,3,23624,324,,,252,18,0,234,0,18,0,0,436170.2127659584,436170.2127659584,0.3191489361702128,0.6818181818181818,0.20833333333333334
POST-HOC DEVELOPMENT DIAGNOSTIC,NOT FINAL EFFICACY,NOT PARAMETER SELECTION,NO METHOD CHANGE AUTHORIZED,relative-floor-0.0001,primary,re2tt_ts-travel-service_loss_3,ts-travel-service,loss,7138fe1fe1ddf617,L,MT,10.0,0.0001,0.01,5,24,12,1,18,9,219,192,27,0,3,3,0,0,24.0,24,24,,3,0,219,3,23624,324,,,252,18,0,234,0,18,0,0,162111571025395.47,158890826408975.88,0.0,0.0,0.0
POST-HOC DEVELOPMENT DIAGNOSTIC,NOT FINAL EFFICACY,NOT PARAMETER SELECTION,NO METHOD CHANGE AUTHORIZED,relative-floor-0.0001,primary,re2tt_ts-travel-service_loss_3,ts-travel-service,loss,7138fe1fe1ddf617,ALL,MT,10.0,0.0001,0.01,5,24,12,1,18,9,219,192,27,0,3,3,0,0,24.0,24,24,,3,0,219,3,23624,324,,,252,18,0,234,0,18,0,0,436170.2127659584,436170.2127659584,0.3191489361702128,0.6818181818181818,0.20833333333333334
POST-HOC DEVELOPMENT DIAGNOSTIC,NOT FINAL EFFICACY,NOT PARAMETER SELECTION,NO METHOD CHANGE AUTHORIZED,relative-floor-0.001,primary,re2tt_ts-auth-service_cpu_1,ts-auth-service,cpu,96538c0c0d6a11d8,G,MTL,10.0,0.001,0.01,5,24,12,1,18,9,229,202,27,0,13,13,0,0,24.0,24,24,,13,0,229,13,24684,1404,50716.756215239526,0.0,252,3,0,249,0,3,0,0,38297.8723404256,43617.02127659585,0.15286624203821655,0.9230769230769231,0.08333333333333333
POST-HOC DEVELOPMENT DIAGNOSTIC,NOT FINAL EFFICACY,NOT PARAMETER SELECTION,NO METHOD CHANGE AUTHORIZED,relative-floor-0.001,primary,re2tt_ts-auth-service_cpu_1,ts-auth-service,cpu,96538c0c0d6a11d8,L,MTL,10.0,0.001,0.01,5,24,12,1,18,9,229,202,27,0,13,13,0,0,24.0,24,24,,13,0,229,13,24684,1404,50715.48497196812,0.0,252,3,0,249,0,3,0,0,221694927196937.78,221694927196937.78,0.0,0.0,0.0
POST-HOC DEVELOPMENT DIAGNOSTIC,NOT FINAL EFFICACY,NOT PARAMETER SELECTION,NO METHOD CHANGE AUTHORIZED,relative-floor-0.001,primary,re2tt_ts-auth-service_cpu_1,ts-auth-service,cpu,96538c0c0d6a11d8,ALL,MTL,10.0,0.001,0.01,5,24,12,1,18,9,229,202,27,0,13,13,0,0,24.0,24,24,,13,0,229,13,24684,1404,51259.94489363819,0.0,252,3,0,249,0,3,0,0,38297.87234042561,43617.02127659585,0.15286624203821655,0.9230769230769231,0.08333333333333333
POST-HOC DEVELOPMENT DIAGNOSTIC,NOT FINAL EFFICACY,NOT PARAMETER SELECTION,NO METHOD CHANGE AUTHORIZED,relative-floor-0.001,primary,re2tt_ts-auth-service_cpu_1,ts-auth-service,cpu,96538c0c0d6a11d8,G,MT,10.0,0.001,0.01,5,24,12,1,18,9,229,202,27,0,13,13,0,0,24.0,24,24,,13,0,229,13,24684,1404,,,252,3,0,249,0,3,0,0,38297.8723404256,43617.02127659585,0.15286624203821655,0.9230769230769231,0.08333333333333333
POST-HOC DEVELOPMENT DIAGNOSTIC,NOT FINAL EFFICACY,NOT PARAMETER SELECTION,NO METHOD CHANGE AUTHORIZED,relative-floor-0.001,primary,re2tt_ts-auth-service_cpu_1,ts-auth-service,cpu,96538c0c0d6a11d8,L,MT,10.0,0.001,0.01,5,24,12,1,18,9,229,202,27,0,13,13,0,0,24.0,24,24,,13,0,229,13,24684,1404,,,252,3,0,249,0,3,0,0,153372350762147.56,158890826408975.88,0.0,0.0,0.0
POST-HOC DEVELOPMENT DIAGNOSTIC,NOT FINAL EFFICACY,NOT PARAMETER SELECTION,NO METHOD CHANGE AUTHORIZED,relative-floor-0.001,primary,re2tt_ts-auth-service_cpu_1,ts-auth-service,cpu,96538c0c0d6a11d8,ALL,MT,10.0,0.001,0.01,5,24,12,1,18,9,229,202,27,0,13,13,0,0,24.0,24,24,,13,0,229,13,24684,1404,,,252,3,0,249,0,3,0,0,38297.87234042561,43617.02127659585,0.15286624203821655,0.9230769230769231,0.08333333333333333
POST-HOC DEVELOPMENT DIAGNOSTIC,NOT FINAL EFFICACY,NOT PARAMETER SELECTION,NO METHOD CHANGE AUTHORIZED,relative-floor-0.001,primary,re2tt_ts-auth-service_cpu_2,ts-auth-service,cpu,63f914383963739b,G,MTL,10.0,0.001,0.01,5,24,12,1,18,9,241,194,27,20,7,5,1,1,24.0,24,24,4.5,5,0,241,7,25908,756,176311239645001.62,176311239562164.03,252,9,0,243,0,0,1,8,38297.8723404256,43617.02127659585,0.4588744588744589,0.6091954022988506,0.3680555555555556
POST-HOC DEVELOPMENT DIAGNOSTIC,NOT FINAL EFFICACY,NOT PARAMETER SELECTION,NO METHOD CHANGE AUTHORIZED,relative-floor-0.001,primary,re2tt_ts-auth-service_cpu_2,ts-auth-service,cpu,63f914383963739b,L,MTL,10.0,0.001,0.01,5,24,12,1,18,9,241,194,27,20,7,5,1,1,24.0,24,24,4.5,5,0,241,7,25908,756,176293600263731.88,176293600183431.78,252,89,0,163,0,0,9,80,221694927196937.78,221694927196937.78,0.20809248554913296,0.6206896551724138,0.125
POST-HOC DEVELOPMENT DIAGNOSTIC,NOT FINAL EFFICACY,NOT PARAMETER SELECTION,NO METHOD CHANGE AUTHORIZED,relative-floor-0.001,primary,re2tt_ts-auth-service_cpu_2,ts-auth-service,cpu,63f914383963739b,ALL,MTL,10.0,0.001,0.01,5,24,12,1,18,9,241,194,27,20,7,5,1,1,24.0,24,24,4.5,5,0,241,7,25908,756,176373312977813.6,176373312888848.03,252,21,0,231,0,0,1,20,38297.87234042561,43617.02127659585,0.4588744588744589,0.6091954022988506,0.3680555555555556
POST-HOC DEVELOPMENT DIAGNOSTIC,NOT FINAL EFFICACY,NOT PARAMETER SELECTION,NO METHOD CHANGE AUTHORIZED,relative-floor-0.001,primary,re2tt_ts-auth-service_cpu_2,ts-auth-service,cpu,63f914383963739b,G,MT,10.0,0.001,0.01,5,24,12,1,18,9,221,194,27,0,6,5,1,0,24.0,24,24,4.0,5,0,221,6,23748,648,,,252,5,0,247,0,0,5,0,38297.8723404256,43617.02127659585,0.4588744588744589,0.6091954022988506,0.3680555555555556
POST-HOC DEVELOPMENT DIAGNOSTIC,NOT FINAL EFFICACY,NOT PARAMETER SELECTION,NO METHOD CHANGE AUTHORIZED,relative-floor-0.001,primary,re2tt_ts-auth-service_cpu_2,ts-auth-service,cpu,63f914383963739b,L,MT,10.0,0.001,0.01,5,24,12,1,18,9,221,194,27,0,6,5,1,0,24.0,24,24,4.0,5,0,221,6,23748,648,,,252,49,0,203,0,0,49,0,153372350762147.56,158890826408975.88,0.2702702702702703,0.6097560975609756,0.1736111111111111
POST-HOC DEVELOPMENT DIAGNOSTIC,NOT FINAL EFFICACY,NOT PARAMETER SELECTION,NO METHOD CHANGE AUTHORIZED,relative-floor-0.001,primary,re2tt_ts-auth-service_cpu_2,ts-auth-service,cpu,63f914383963739b,ALL,MT,10.0,0.001,0.01,5,24,12,1,18,9,221,194,27,0,6,5,1,0,24.0,24,24,4.0,5,0,221,6,23748,648,,,252,9,0,243,0,0,9,0,38297.87234042561,43617.02127659585,0.4588744588744589,0.6091954022988506,0.3680555555555556
POST-HOC DEVELOPMENT DIAGNOSTIC,NOT FINAL EFFICACY,NOT PARAMETER SELECTION,NO METHOD CHANGE AUTHORIZED,relative-floor-0.001,primary,re2tt_ts-auth-service_cpu_3,ts-auth-service,cpu,45e43770afa33cef,G,MTL,10.0,0.001,0.01,5,24,12,1,18,9,247,200,27,20,18,11,4,3,24.0,24,24,5.0,11,0,247,18,26600,1944,628817188054422.9,628817187989269.8,252,47,0,205,0,0,1,46,38297.8723404256,43617.02127659585,0.0,0.0,0.0
POST-HOC DEVELOPMENT DIAGNOSTIC,NOT FINAL EFFICACY,NOT PARAMETER SELECTION,NO METHOD CHANGE AUTHORIZED,relative-floor-0.001,primary,re2tt_ts-auth-service_cpu_3,ts-auth-service,cpu,45e43770afa33cef,L,MTL,10.0,0.001,0.01,5,24,12,1,18,9,247,200,27,20,18,11,4,3,24.0,24,24,5.0,11,0,247,18,26600,1944,631819036345953.6,631819036280711.6,252,79,0,173,0,0,9,70,221694927196937.78,221694927196937.78,0.4056603773584906,0.6323529411764706,0.2986111111111111
POST-HOC DEVELOPMENT DIAGNOSTIC,NOT FINAL EFFICACY,NOT PARAMETER SELECTION,NO METHOD CHANGE AUTHORIZED,relative-floor-0.001,primary,re2tt_ts-auth-service_cpu_3,ts-auth-service,cpu,45e43770afa33cef,ALL,MTL,10.0,0.001,0.01,5,24,12,1,18,9,247,200,27,20,18,11,4,3,24.0,24,24,5.0,11,0,247,18,26600,1944,646771843163065.4,646771843096785.5,252,0,0,252,0,0,0,0,38297.87234042561,43617.02127659585,0.0,0.0,0.0
POST-HOC DEVELOPMENT DIAGNOSTIC,NOT FINAL EFFICACY,NOT PARAMETER SELECTION,NO METHOD CHANGE AUTHORIZED,relative-floor-0.001,primary,re2tt_ts-auth-service_cpu_3,ts-auth-service,cpu,45e43770afa33cef,G,MT,10.0,0.001,0.01,5,24,12,1,18,9,227,200,27,0,15,11,4,0,24.0,24,24,4.0,11,0,227,15,24440,1620,,,252,17,0,235,0,0,17,0,38297.8723404256,43617.02127659585,0.0,0.0,0.0
POST-HOC DEVELOPMENT DIAGNOSTIC,NOT FINAL EFFICACY,NOT PARAMETER SELECTION,NO METHOD CHANGE AUTHORIZED,relative-floor-0.001,primary,re2tt_ts-auth-service_cpu_3,ts-auth-service,cpu,45e43770afa33cef,L,MT,10.0,0.001,0.01,5,24,12,1,18,9,227,200,27,0,15,11,4,0,24.0,24,24,4.0,11,0,227,15,24440,1620,,,252,73,0,179,0,0,73,0,153372350762147.56,158890826408975.88,0.3981042654028436,0.6268656716417911,0.2916666666666667
POST-HOC DEVELOPMENT DIAGNOSTIC,NOT FINAL EFFICACY,NOT PARAMETER SELECTION,NO METHOD CHANGE AUTHORIZED,relative-floor-0.001,primary,re2tt_ts-auth-service_cpu_3,ts-auth-service,cpu,45e43770afa33cef,ALL,MT,10.0,0.001,0.01,5,24,12,1,18,9,227,200,27,0,15,11,4,0,24.0,24,24,4.0,11,0,227,15,24440,1620,,,252,0,0,252,0,0,0,0,38297.87234042561,43617.02127659585,0.0,0.0,0.0
POST-HOC DEVELOPMENT DIAGNOSTIC,NOT FINAL EFFICACY,NOT PARAMETER SELECTION,NO METHOD CHANGE AUTHORIZED,relative-floor-0.001,primary,re2tt_ts-auth-service_delay_1,ts-auth-service,delay,87443a2d6d14434c,G,MTL,10.0,0.001,0.01,5,24,12,1,18,9,252,204,27,21,18,15,2,1,24.0,1,24,5.0,13,1,251,17,27048,1836,192842515541379.44,192842515493492.25,252,5,0,247,0,5,0,0,43617.02127659585,43617.02127659585,0.06711409395973154,1.0,0.034722222222222224
POST-HOC DEVELOPMENT DIAGNOSTIC,NOT FINAL EFFICACY,NOT PARAMETER SELECTION,NO METHOD CHANGE AUTHORIZED,relative-floor-0.001,primary,re2tt_ts-auth-service_delay_1,ts-auth-service,delay,87443a2d6d14434c,L,MTL,10.0,0.001,0.01,5,24,12,1,18,9,252,204,27,21,18,15,2,1,24.0,1,24,5.0,13,1,251,17,27048,1836,192842294554425.22,192842294507231.94,252,5,0,247,0,5,0,0,222899715457592.28,221694927196937.78,0.0,0.0,0.0
POST-HOC DEVELOPMENT DIAGNOSTIC,NOT FINAL EFFICACY,NOT PARAMETER SELECTION,NO METHOD CHANGE AUTHORIZED,relative-floor-0.001,primary,re2tt_ts-auth-service_delay_1,ts-auth-service,delay,87443a2d6d14434c,ALL,MTL,10.0,0.001,0.01,5,24,12,1,18,9,252,204,27,21,18,15,2,1,24.0,1,24,5.0,13,1,251,17,27048,1836,192537920581254.9,192537920531532.75,252,6,0,246,0,6,0,0,43617.02127659585,43617.02127659585,0.08,1.0,0.041666666666666664
POST-HOC DEVELOPMENT DIAGNOSTIC,NOT FINAL EFFICACY,NOT PARAMETER SELECTION,NO METHOD CHANGE AUTHORIZED,relative-floor-0.001,primary,re2tt_ts-auth-service_delay_1,ts-auth-service,delay,87443a2d6d14434c,G,MT,10.0,0.001,0.01,5,24,12,1,18,9,231,204,27,0,17,15,2,0,24.0,1,24,5.0,13,1,230,16,24780,1728,,,252,5,0,247,0,5,0,0,43617.02127659585,43617.02127659585,0.06711409395973154,1.0,0.034722222222222224
POST-HOC DEVELOPMENT DIAGNOSTIC,NOT FINAL EFFICACY,NOT PARAMETER SELECTION,NO METHOD CHANGE AUTHORIZED,relative-floor-0.001,primary,re2tt_ts-auth-service_delay_1,ts-auth-service,delay,87443a2d6d14434c,L,MT,10.0,0.001,0.01,5,24,12,1,18,9,231,204,27,0,17,15,2,0,24.0,1,24,5.0,13,1,230,16,24780,1728,,,252,5,0,247,0,5,0,0,162111571025395.47,158890826408975.88,0.0,0.0,0.0
POST-HOC DEVELOPMENT DIAGNOSTIC,NOT FINAL EFFICACY,NOT PARAMETER SELECTION,NO METHOD CHANGE AUTHORIZED,relative-floor-0.001,primary,re2tt_ts-auth-service_delay_1,ts-auth-service,delay,87443a2d6d14434c,ALL,MT,10.0,0.001,0.01,5,24,12,1,18,9,231,204,27,0,17,15,2,0,24.0,1,24,5.0,13,1,230,16,24780,1728,,,252,6,0,246,0,6,0,0,43617.02127659585,43617.02127659585,0.08,1.0,0.041666666666666664
POST-HOC DEVELOPMENT DIAGNOSTIC,NOT FINAL EFFICACY,NOT PARAMETER SELECTION,NO METHOD CHANGE AUTHORIZED,relative-floor-0.001,primary,re2tt_ts-auth-service_delay_2,ts-auth-service,delay,24851f5149e4321a,G,MTL,10.0,0.001,0.01,5,24,12,1,18,9,238,191,27,20,5,2,2,1,24.0,24,24,4.0,2,0,226,5,24408,540,233412954961094.5,233412954880926.62,252,0,0,252,0,0,0,0,43617.02127659585,43617.02127659585,0.4577114427860697,0.8070175438596491,0.3194444444444444
POST-HOC DEVELOPMENT DIAGNOSTIC,NOT FINAL EFFICACY,NOT PARAMETER SELECTION,NO METHOD CHANGE AUTHORIZED,relative-floor-0.001,primary,re2tt_ts-auth-service_delay_2,ts-auth-service,delay,24851f5149e4321a,L,MTL,10.0,0.001,0.01,5,24,12,1,18,9,238,191,27,20,5,2,2,1,24.0,24,24,4.0,2,0,226,5,24408,540,233565835127266.12,233565835046237.9,252,0,0,252,0,0,0,0,222899715457592.28,221694927196937.78,0.0,0.0,0.0
POST-HOC DEVELOPMENT DIAGNOSTIC,NOT FINAL EFFICACY,NOT PARAMETER SELECTION,NO METHOD CHANGE AUTHORIZED,relative-floor-0.001,primary,re2tt_ts-auth-service_delay_2,ts-auth-service,delay,24851f5149e4321a,ALL,MTL,10.0,0.001,0.01,5,24,12,1,18,9,238,191,27,20,5,2,2,1,24.0,24,24,4.0,2,0,226,5,24408,540,237153634493871.78,237153634413144.0,252,0,0,252,0,0,0,0,43617.02127659585,43617.02127659585,0.4577114427860697,0.8070175438596491,0.3194444444444444
POST-HOC DEVELOPMENT DIAGNOSTIC,NOT FINAL EFFICACY,NOT PARAMETER SELECTION,NO METHOD CHANGE AUTHORIZED,relative-floor-0.001,primary,re2tt_ts-auth-service_delay_2,ts-auth-service,delay,24851f5149e4321a,G,MT,10.0,0.001,0.01,5,24,12,1,18,9,218,191,27,0,4,2,2,0,24.0,24,24,3.5,2,0,206,4,22248,432,,,252,0,0,252,0,0,0,0,43617.02127659585,43617.02127659585,0.4577114427860697,0.8070175438596491,0.3194444444444444
POST-HOC DEVELOPMENT DIAGNOSTIC,NOT FINAL EFFICACY,NOT PARAMETER SELECTION,NO METHOD CHANGE AUTHORIZED,relative-floor-0.001,primary,re2tt_ts-auth-service_delay_2,ts-auth-service,delay,24851f5149e4321a,L,MT,10.0,0.001,0.01,5,24,12,1,18,9,218,191,27,0,4,2,2,0,24.0,24,24,3.5,2,0,206,4,22248,432,,,252,0,0,252,0,0,0,0,162111571025395.47,158890826408975.88,0.0,0.0,0.0
POST-HOC DEVELOPMENT DIAGNOSTIC,NOT FINAL EFFICACY,NOT PARAMETER SELECTION,NO METHOD CHANGE AUTHORIZED,relative-floor-0.001,primary,re2tt_ts-auth-service_delay_2,ts-auth-service,delay,24851f5149e4321a,ALL,MT,10.0,0.001,0.01,5,24,12,1,18,9,218,191,27,0,4,2,2,0,24.0,24,24,3.5,2,0,206,4,22248,432,,,252,0,0,252,0,0,0,0,43617.02127659585,43617.02127659585,0.4577114427860697,0.8070175438596491,0.3194444444444444
POST-HOC DEVELOPMENT DIAGNOSTIC,NOT FINAL EFFICACY,NOT PARAMETER SELECTION,NO METHOD CHANGE AUTHORIZED,relative-floor-0.001,primary,re2tt_ts-auth-service_delay_3,ts-auth-service,delay,549b2f655fc55fd1,G,MTL,10.0,0.001,0.01,5,24,12,1,18,9,239,192,27,20,4,3,1,0,24.0,24,24,3.0,3,0,239,4,25744,432,69082252268167.19,69082252210464.86,252,0,0,252,0,0,0,0,43617.02127659585,43617.02127659585,0.0,0.0,0.0
POST-HOC DEVELOPMENT DIAGNOSTIC,NOT FINAL EFFICACY,NOT PARAMETER SELECTION,NO METHOD CHANGE AUTHORIZED,relative-floor-0.001,primary,re2tt_ts-auth-service_delay_3,ts-auth-service,delay,549b2f655fc55fd1,L,MTL,10.0,0.001,0.01,5,24,12,1,18,9,239,192,27,20,4,3,1,0,24.0,24,24,3.0,3,0,239,4,25744,432,69083557237227.21,69083557178873.484,252,0,0,252,0,0,0,0,222899715457592.28,221694927196937.78,0.0,0.0,0.0
POST-HOC DEVELOPMENT DIAGNOSTIC,NOT FINAL EFFICACY,NOT PARAMETER SELECTION,NO METHOD CHANGE AUTHORIZED,relative-floor-0.001,primary,re2tt_ts-auth-service_delay_3,ts-auth-service,delay,549b2f655fc55fd1,ALL,MTL,10.0,0.001,0.01,5,24,12,1,18,9,239,192,27,20,4,3,1,0,24.0,24,24,3.0,3,0,239,4,25744,432,69080531965068.94,69080531905971.69,252,0,0,252,0,0,0,0,43617.02127659585,43617.02127659585,0.0,0.0,0.0
POST-HOC DEVELOPMENT DIAGNOSTIC,NOT FINAL EFFICACY,NOT PARAMETER SELECTION,NO METHOD CHANGE AUTHORIZED,relative-floor-0.001,primary,re2tt_ts-auth-service_delay_3,ts-auth-service,delay,549b2f655fc55fd1,G,MT,10.0,0.001,0.01,5,24,12,1,18,9,219,192,27,0,4,3,1,0,24.0,24,24,3.0,3,0,219,4,23584,432,,,252,0,0,252,0,0,0,0,43617.02127659585,43617.02127659585,0.0,0.0,0.0
POST-HOC DEVELOPMENT DIAGNOSTIC,NOT FINAL EFFICACY,NOT PARAMETER SELECTION,NO METHOD CHANGE AUTHORIZED,relative-floor-0.001,primary,re2tt_ts-auth-service_delay_3,ts-auth-service,delay,549b2f655fc55fd1,L,MT,10.0,0.001,0.01,5,24,12,1,18,9,219,192,27,0,4,3,1,0,24.0,24,24,3.0,3,0,219,4,23584,432,,,252,0,0,252,0,0,0,0,162111571025395.47,158890826408975.88,0.0,0.0,0.0
POST-HOC DEVELOPMENT DIAGNOSTIC,NOT FINAL EFFICACY,NOT PARAMETER SELECTION,NO METHOD CHANGE AUTHORIZED,relative-floor-0.001,primary,re2tt_ts-auth-service_delay_3,ts-auth-service,delay,549b2f655fc55fd1,ALL,MT,10.0,0.001,0.01,5,24,12,1,18,9,219,192,27,0,4,3,1,0,24.0,24,24,3.0,3,0,219,4,23584,432,,,252,0,0,252,0,0,0,0,43617.02127659585,43617.02127659585,0.0,0.0,0.0
POST-HOC DEVELOPMENT DIAGNOSTIC,NOT FINAL EFFICACY,NOT PARAMETER SELECTION,NO METHOD CHANGE AUTHORIZED,relative-floor-0.001,primary,re2tt_ts-order-service_disk_1,ts-order-service,disk,4bdb62f38b122bbc,G,MTL,10.0,0.001,0.01,5,24,12,1,18,9,250,203,27,20,17,11,4,2,24.0,24,24,3.5,11,0,236,17,25476,1836,607107323081963.6,607107323038023.5,252,0,0,252,0,0,0,0,38297.8723404256,43617.02127659585,0.9714285714285714,1.0,0.9444444444444444
POST-HOC DEVELOPMENT DIAGNOSTIC,NOT FINAL EFFICACY,NOT PARAMETER SELECTION,NO METHOD CHANGE AUTHORIZED,relative-floor-0.001,primary,re2tt_ts-order-service_disk_1,ts-order-service,disk,4bdb62f38b122bbc,L,MTL,10.0,0.001,0.01,5,24,12,1,18,9,250,203,27,20,17,11,4,2,24.0,24,24,3.5,11,0,236,17,25476,1836,588901387412550.0,588901387370225.8,252,0,0,252,0,0,0,0,221694927196937.78,221694927196937.78,0.0,0.0,0.0
POST-HOC DEVELOPMENT DIAGNOSTIC,NOT FINAL EFFICACY,NOT PARAMETER SELECTION,NO METHOD CHANGE AUTHORIZED,relative-floor-0.001,primary,re2tt_ts-order-service_disk_1,ts-order-service,disk,4bdb62f38b122bbc,ALL,MTL,10.0,0.001,0.01,5,24,12,1,18,9,250,203,27,20,17,11,4,2,24.0,24,24,3.5,11,0,236,17,25476,1836,642506380472504.9,642506380427987.0,252,0,0,252,0,0,0,0,38297.87234042561,43617.02127659585,0.9714285714285714,1.0,0.9444444444444444
POST-HOC DEVELOPMENT DIAGNOSTIC,NOT FINAL EFFICACY,NOT PARAMETER SELECTION,NO METHOD CHANGE AUTHORIZED,relative-floor-0.001,primary,re2tt_ts-order-service_disk_1,ts-order-service,disk,4bdb62f38b122bbc,G,MT,10.0,0.001,0.01,5,24,12,1,18,9,230,203,27,0,15,11,4,0,24.0,24,24,3.5,11,0,216,15,23316,1620,,,252,0,0,252,0,0,0,0,38297.8723404256,43617.02127659585,0.9714285714285714,1.0,0.9444444444444444
POST-HOC DEVELOPMENT DIAGNOSTIC,NOT FINAL EFFICACY,NOT PARAMETER SELECTION,NO METHOD CHANGE AUTHORIZED,relative-floor-0.001,primary,re2tt_ts-order-service_disk_1,ts-order-service,disk,4bdb62f38b122bbc,L,MT,10.0,0.001,0.01,5,24,12,1,18,9,230,203,27,0,15,11,4,0,24.0,24,24,3.5,11,0,216,15,23316,1620,,,252,0,0,252,0,0,0,0,153372350762147.56,158890826408975.88,0.0,0.0,0.0
POST-HOC DEVELOPMENT DIAGNOSTIC,NOT FINAL EFFICACY,NOT PARAMETER SELECTION,NO METHOD CHANGE AUTHORIZED,relative-floor-0.001,primary,re2tt_ts-order-service_disk_1,ts-order-service,disk,4bdb62f38b122bbc,ALL,MT,10.0,0.001,0.01,5,24,12,1,18,9,230,203,27,0,15,11,4,0,24.0,24,24,3.5,11,0,216,15,23316,1620,,,252,0,0,252,0,0,0,0,38297.87234042561,43617.02127659585,0.9714285714285714,1.0,0.9444444444444444
POST-HOC DEVELOPMENT DIAGNOSTIC,NOT FINAL EFFICACY,NOT PARAMETER SELECTION,NO METHOD CHANGE AUTHORIZED,relative-floor-0.001,primary,re2tt_ts-order-service_disk_2,ts-order-service,disk,b0a2dcc878eeefa3,G,MTL,10.0,0.001,0.01,5,24,12,1,18,9,176,142,20,14,2,2,0,0,24.0,24,24,,2,0,176,2,19008,216,68981.00506028232,0.0,252,0,0,252,0,0,0,0,38297.8723404256,43617.02127659585,0.9507042253521126,0.9642857142857143,0.9375
POST-HOC DEVELOPMENT DIAGNOSTIC,NOT FINAL EFFICACY,NOT PARAMETER SELECTION,NO METHOD CHANGE AUTHORIZED,relative-floor-0.001,primary,re2tt_ts-order-service_disk_2,ts-order-service,disk,b0a2dcc878eeefa3,L,MTL,10.0,0.001,0.01,5,24,12,1,18,9,176,142,20,14,2,2,0,0,24.0,24,24,,2,0,176,2,19008,216,68080.45995329392,0.0,252,0,0,252,0,0,0,0,221694927196937.78,221694927196937.78,0.0,0.0,0.0
POST-HOC DEVELOPMENT DIAGNOSTIC,NOT FINAL EFFICACY,NOT PARAMETER SELECTION,NO METHOD CHANGE AUTHORIZED,relative-floor-0.001,primary,re2tt_ts-order-service_disk_2,ts-order-service,disk,b0a2dcc878eeefa3,ALL,MTL,10.0,0.001,0.01,5,24,12,1,18,9,176,142,20,14,2,2,0,0,24.0,24,24,,2,0,176,2,19008,216,72421.43034687685,0.0,252,0,0,252,0,0,0,0,38297.87234042561,43617.02127659585,0.9507042253521126,0.9642857142857143,0.9375
POST-HOC DEVELOPMENT DIAGNOSTIC,NOT FINAL EFFICACY,NOT PARAMETER SELECTION,NO METHOD CHANGE AUTHORIZED,relative-floor-0.001,primary,re2tt_ts-order-service_disk_2,ts-order-service,disk,b0a2dcc878eeefa3,G,MT,10.0,0.001,0.01,5,24,12,1,18,9,162,142,20,0,2,2,0,0,24.0,24,24,,2,0,162,2,17496,216,,,252,0,0,252,0,0,0,0,38297.8723404256,43617.02127659585,0.9507042253521126,0.9642857142857143,0.9375
POST-HOC DEVELOPMENT DIAGNOSTIC,NOT FINAL EFFICACY,NOT PARAMETER SELECTION,NO METHOD CHANGE AUTHORIZED,relative-floor-0.001,primary,re2tt_ts-order-service_disk_2,ts-order-service,disk,b0a2dcc878eeefa3,L,MT,10.0,0.001,0.01,5,24,12,1,18,9,162,142,20,0,2,2,0,0,24.0,24,24,,2,0,162,2,17496,216,,,252,0,0,252,0,0,0,0,153372350762147.56,158890826408975.88,0.0,0.0,0.0
POST-HOC DEVELOPMENT DIAGNOSTIC,NOT FINAL EFFICACY,NOT PARAMETER SELECTION,NO METHOD CHANGE AUTHORIZED,relative-floor-0.001,primary,re2tt_ts-order-service_disk_2,ts-order-service,disk,b0a2dcc878eeefa3,ALL,MT,10.0,0.001,0.01,5,24,12,1,18,9,162,142,20,0,2,2,0,0,24.0,24,24,,2,0,162,2,17496,216,,,252,0,0,252,0,0,0,0,38297.87234042561,43617.02127659585,0.9507042253521126,0.9642857142857143,0.9375
POST-HOC DEVELOPMENT DIAGNOSTIC,NOT FINAL EFFICACY,NOT PARAMETER SELECTION,NO METHOD CHANGE AUTHORIZED,relative-floor-0.001,primary,re2tt_ts-order-service_disk_3,ts-order-service,disk,9b847bd8f23c07af,G,MTL,10.0,0.001,0.01,5,24,12,1,18,9,176,142,20,14,2,2,0,0,24.0,24,24,,2,0,176,2,18996,216,62327.63339638946,0.0,252,0,0,252,0,0,0,0,38297.8723404256,43617.02127659585,0.9180327868852459,0.8695652173913043,0.9722222222222222
POST-HOC DEVELOPMENT DIAGNOSTIC,NOT FINAL EFFICACY,NOT PARAMETER SELECTION,NO METHOD CHANGE AUTHORIZED,relative-floor-0.001,primary,re2tt_ts-order-service_disk_3,ts-order-service,disk,9b847bd8f23c07af,L,MTL,10.0,0.001,0.01,5,24,12,1,18,9,176,142,20,14,2,2,0,0,24.0,24,24,,2,0,176,2,18996,216,62610.38762795296,0.0,252,0,0,252,0,0,0,0,221694927196937.78,221694927196937.78,0.0,0.0,0.0
POST-HOC DEVELOPMENT DIAGNOSTIC,NOT FINAL EFFICACY,NOT PARAMETER SELECTION,NO METHOD CHANGE AUTHORIZED,relative-floor-0.001,primary,re2tt_ts-order-service_disk_3,ts-order-service,disk,9b847bd8f23c07af,ALL,MTL,10.0,0.001,0.01,5,24,12,1,18,9,176,142,20,14,2,2,0,0,24.0,24,24,,2,0,176,2,18996,216,64465.671380631095,0.0,252,0,0,252,0,0,0,0,38297.87234042561,43617.02127659585,0.9364548494983278,0.9032258064516129,0.9722222222222222
POST-HOC DEVELOPMENT DIAGNOSTIC,NOT FINAL EFFICACY,NOT PARAMETER SELECTION,NO METHOD CHANGE AUTHORIZED,relative-floor-0.001,primary,re2tt_ts-order-service_disk_3,ts-order-service,disk,9b847bd8f23c07af,G,MT,10.0,0.001,0.01,5,24,12,1,18,9,162,142,20,0,2,2,0,0,24.0,24,24,,2,0,162,2,17484,216,,,252,0,0,252,0,0,0,0,38297.8723404256,43617.02127659585,0.9180327868852459,0.8695652173913043,0.9722222222222222
POST-HOC DEVELOPMENT DIAGNOSTIC,NOT FINAL EFFICACY,NOT PARAMETER SELECTION,NO METHOD CHANGE AUTHORIZED,relative-floor-0.001,primary,re2tt_ts-order-service_disk_3,ts-order-service,disk,9b847bd8f23c07af,L,MT,10.0,0.001,0.01,5,24,12,1,18,9,162,142,20,0,2,2,0,0,24.0,24,24,,2,0,162,2,17484,216,,,252,0,0,252,0,0,0,0,153372350762147.56,158890826408975.88,0.0,0.0,0.0
POST-HOC DEVELOPMENT DIAGNOSTIC,NOT FINAL EFFICACY,NOT PARAMETER SELECTION,NO METHOD CHANGE AUTHORIZED,relative-floor-0.001,primary,re2tt_ts-order-service_disk_3,ts-order-service,disk,9b847bd8f23c07af,ALL,MT,10.0,0.001,0.01,5,24,12,1,18,9,162,142,20,0,2,2,0,0,24.0,24,24,,2,0,162,2,17484,216,,,252,0,0,252,0,0,0,0,38297.87234042561,43617.02127659585,0.9364548494983278,0.9032258064516129,0.9722222222222222
POST-HOC DEVELOPMENT DIAGNOSTIC,NOT FINAL EFFICACY,NOT PARAMETER SELECTION,NO METHOD CHANGE AUTHORIZED,relative-floor-0.001,primary,re2tt_ts-order-service_loss_1,ts-order-service,loss,cea480a087995c2a,G,MTL,10.0,0.001,0.01,5,24,12,1,18,9,252,205,27,20,20,16,2,2,24.0,24,24,5.0,16,0,252,20,27190,2160,422113767839948.4,422113767764639.0,252,25,0,227,0,8,3,14,42105.26315789484,43617.02127659585,0.9537366548042705,0.9781021897810219,0.9305555555555556
POST-HOC DEVELOPMENT DIAGNOSTIC,NOT FINAL EFFICACY,NOT PARAMETER SELECTION,NO METHOD CHANGE AUTHORIZED,relative-floor-0.001,primary,re2tt_ts-order-service_loss_1,ts-order-service,loss,cea480a087995c2a,L,MTL,10.0,0.001,0.01,5,24,12,1,18,9,252,205,27,20,20,16,2,2,24.0,24,24,5.0,16,0,252,20,27190,2160,421750649127625.56,421750649055955.4,252,164,0,88,0,0,46,118,169200491270591.94,221694927196937.78,0.2885572139303483,0.5087719298245614,0.2013888888888889
POST-HOC DEVELOPMENT DIAGNOSTIC,NOT FINAL EFFICACY,NOT PARAMETER SELECTION,NO METHOD CHANGE AUTHORIZED,relative-floor-0.001,primary,re2tt_ts-order-service_loss_1,ts-order-service,loss,cea480a087995c2a,ALL,MTL,10.0,0.001,0.01,5,24,12,1,18,9,252,205,27,20,20,16,2,2,24.0,24,24,5.0,16,0,252,20,27190,2160,426016468901732.9,426016468813465.0,252,8,0,244,0,8,0,0,42105.26315789484,43617.02127659585,0.9537366548042705,0.9781021897810219,0.9305555555555556
POST-HOC DEVELOPMENT DIAGNOSTIC,NOT FINAL EFFICACY,NOT PARAMETER SELECTION,NO METHOD CHANGE AUTHORIZED,relative-floor-0.001,primary,re2tt_ts-order-service_loss_1,ts-order-service,loss,cea480a087995c2a,G,MT,10.0,0.001,0.01,5,24,12,1,18,9,232,205,27,0,18,16,2,0,24.0,24,24,4.0,16,0,232,18,25030,1944,,,252,13,0,239,0,8,5,0,42105.26315789484,43617.02127659585,0.9537366548042705,0.9781021897810219,0.9305555555555556
POST-HOC DEVELOPMENT DIAGNOSTIC,NOT FINAL EFFICACY,NOT PARAMETER SELECTION,NO METHOD CHANGE AUTHORIZED,relative-floor-0.001,primary,re2tt_ts-order-service_loss_1,ts-order-service,loss,cea480a087995c2a,L,MT,10.0,0.001,0.01,5,24,12,1,18,9,232,205,27,0,18,16,2,0,24.0,24,24,4.0,16,0,232,18,25030,1944,,,252,64,0,188,0,5,59,0,145047195127985.4,158890826408975.88,0.13496932515337423,0.5789473684210527,0.0763888888888889
POST-HOC DEVELOPMENT DIAGNOSTIC,NOT FINAL EFFICACY,NOT PARAMETER SELECTION,NO METHOD CHANGE AUTHORIZED,relative-floor-0.001,primary,re2tt_ts-order-service_loss_1,ts-order-service,loss,cea480a087995c2a,ALL,MT,10.0,0.001,0.01,5,24,12,1,18,9,232,205,27,0,18,16,2,0,24.0,24,24,4.0,16,0,232,18,25030,1944,,,252,8,0,244,0,8,0,0,42105.26315789484,43617.02127659585,0.9537366548042705,0.9781021897810219,0.9305555555555556
POST-HOC DEVELOPMENT DIAGNOSTIC,NOT FINAL EFFICACY,NOT PARAMETER SELECTION,NO METHOD CHANGE AUTHORIZED,relative-floor-0.001,primary,re2tt_ts-order-service_loss_2,ts-order-service,loss,f900792c9a1f5622,G,MTL,10.0,0.001,0.01,5,24,12,1,18,9,181,147,20,14,7,7,0,0,24.0,24,24,,7,0,181,7,19542,756,72045.21339222297,0.0,252,0,0,252,0,0,0,0,42105.26315789484,43617.02127659585,0.4055299539170507,0.6027397260273972,0.3055555555555556
POST-HOC DEVELOPMENT DIAGNOSTIC,NOT FINAL EFFICACY,NOT PARAMETER SELECTION,NO METHOD CHANGE AUTHORIZED,relative-floor-0.001,primary,re2tt_ts-order-service_loss_2,ts-order-service,loss,f900792c9a1f5622,L,MTL,10.0,0.001,0.01,5,24,12,1,18,9,181,147,20,14,7,7,0,0,24.0,24,24,,7,0,181,7,19542,756,71761.02493857316,0.0,252,0,0,252,0,0,0,0,169200491270591.94,221694927196937.78,0.0,0.0,0.0
POST-HOC DEVELOPMENT DIAGNOSTIC,NOT FINAL EFFICACY,NOT PARAMETER SELECTION,NO METHOD CHANGE AUTHORIZED,relative-floor-0.001,primary,re2tt_ts-order-service_loss_2,ts-order-service,loss,f900792c9a1f5622,ALL,MTL,10.0,0.001,0.01,5,24,12,1,18,9,181,147,20,14,7,7,0,0,24.0,24,24,,7,0,181,7,19542,756,71674.48353170969,0.0,252,0,0,252,0,0,0,0,42105.26315789484,43617.02127659585,0.4055299539170507,0.6027397260273972,0.3055555555555556
POST-HOC DEVELOPMENT DIAGNOSTIC,NOT FINAL EFFICACY,NOT PARAMETER SELECTION,NO METHOD CHANGE AUTHORIZED,relative-floor-0.001,primary,re2tt_ts-order-service_loss_2,ts-order-service,loss,f900792c9a1f5622,G,MT,10.0,0.001,0.01,5,24,12,1,18,9,167,147,20,0,7,7,0,0,24.0,24,24,,7,0,167,7,18030,756,,,252,0,0,252,0,0,0,0,42105.26315789484,43617.02127659585,0.4055299539170507,0.6027397260273972,0.3055555555555556
POST-HOC DEVELOPMENT DIAGNOSTIC,NOT FINAL EFFICACY,NOT PARAMETER SELECTION,NO METHOD CHANGE AUTHORIZED,relative-floor-0.001,primary,re2tt_ts-order-service_loss_2,ts-order-service,loss,f900792c9a1f5622,L,MT,10.0,0.001,0.01,5,24,12,1,18,9,167,147,20,0,7,7,0,0,24.0,24,24,,7,0,167,7,18030,756,,,252,0,0,252,0,0,0,0,145047195127985.4,158890826408975.88,0.0,0.0,0.0
POST-HOC DEVELOPMENT DIAGNOSTIC,NOT FINAL EFFICACY,NOT PARAMETER SELECTION,NO METHOD CHANGE AUTHORIZED,relative-floor-0.001,primary,re2tt_ts-order-service_loss_2,ts-order-service,loss,f900792c9a1f5622,ALL,MT,10.0,0.001,0.01,5,24,12,1,18,9,167,147,20,0,7,7,0,0,24.0,24,24,,7,0,167,7,18030,756,,,252,0,0,252,0,0,0,0,42105.26315789484,43617.02127659585,0.4055299539170507,0.6027397260273972,0.3055555555555556
POST-HOC DEVELOPMENT DIAGNOSTIC,NOT FINAL EFFICACY,NOT PARAMETER SELECTION,NO METHOD CHANGE AUTHORIZED,relative-floor-0.001,primary,re2tt_ts-order-service_loss_3,ts-order-service,loss,9d1464b4fb8a49c0,G,MTL,10.0,0.001,0.01,5,24,12,1,18,9,181,147,20,14,7,7,0,0,24.0,24,24,,7,0,181,7,19548,756,44474.30822954,0.0,252,0,0,252,0,0,0,0,42105.26315789484,43617.02127659585,0.0,0.0,0.0
POST-HOC DEVELOPMENT DIAGNOSTIC,NOT FINAL EFFICACY,NOT PARAMETER SELECTION,NO METHOD CHANGE AUTHORIZED,relative-floor-0.001,primary,re2tt_ts-order-service_loss_3,ts-order-service,loss,9d1464b4fb8a49c0,L,MTL,10.0,0.001,0.01,5,24,12,1,18,9,181,147,20,14,7,7,0,0,24.0,24,24,,7,0,181,7,19548,756,44461.228642721784,0.0,252,0,0,252,0,0,0,0,169200491270591.94,221694927196937.78,0.0,0.0,0.0
POST-HOC DEVELOPMENT DIAGNOSTIC,NOT FINAL EFFICACY,NOT PARAMETER SELECTION,NO METHOD CHANGE AUTHORIZED,relative-floor-0.001,primary,re2tt_ts-order-service_loss_3,ts-order-service,loss,9d1464b4fb8a49c0,ALL,MTL,10.0,0.001,0.01,5,24,12,1,18,9,181,147,20,14,7,7,0,0,24.0,24,24,,7,0,181,7,19548,756,47323.058026259816,0.0,252,0,0,252,0,0,0,0,42105.26315789484,43617.02127659585,0.0,0.0,0.0
POST-HOC DEVELOPMENT DIAGNOSTIC,NOT FINAL EFFICACY,NOT PARAMETER SELECTION,NO METHOD CHANGE AUTHORIZED,relative-floor-0.001,primary,re2tt_ts-order-service_loss_3,ts-order-service,loss,9d1464b4fb8a49c0,G,MT,10.0,0.001,0.01,5,24,12,1,18,9,167,147,20,0,7,7,0,0,24.0,24,24,,7,0,167,7,18036,756,,,252,0,0,252,0,0,0,0,42105.26315789484,43617.02127659585,0.0,0.0,0.0
POST-HOC DEVELOPMENT DIAGNOSTIC,NOT FINAL EFFICACY,NOT PARAMETER SELECTION,NO METHOD CHANGE AUTHORIZED,relative-floor-0.001,primary,re2tt_ts-order-service_loss_3,ts-order-service,loss,9d1464b4fb8a49c0,L,MT,10.0,0.001,0.01,5,24,12,1,18,9,167,147,20,0,7,7,0,0,24.0,24,24,,7,0,167,7,18036,756,,,252,0,0,252,0,0,0,0,145047195127985.4,158890826408975.88,0.0,0.0,0.0
POST-HOC DEVELOPMENT DIAGNOSTIC,NOT FINAL EFFICACY,NOT PARAMETER SELECTION,NO METHOD CHANGE AUTHORIZED,relative-floor-0.001,primary,re2tt_ts-order-service_loss_3,ts-order-service,loss,9d1464b4fb8a49c0,ALL,MT,10.0,0.001,0.01,5,24,12,1,18,9,167,147,20,0,7,7,0,0,24.0,24,24,,7,0,167,7,18036,756,,,252,0,0,252,0,0,0,0,42105.26315789484,43617.02127659585,0.0,0.0,0.0
POST-HOC DEVELOPMENT DIAGNOSTIC,NOT FINAL EFFICACY,NOT PARAMETER SELECTION,NO METHOD CHANGE AUTHORIZED,relative-floor-0.001,primary,re2tt_ts-route-service_mem_1,ts-route-service,mem,58e365eed32084b4,G,MTL,10.0,0.001,0.01,5,24,12,1,18,9,246,199,27,20,12,10,1,1,24.0,24,24,3.5,9,0,242,12,26056,1296,212712724609923.84,212712724496567.06,252,17,0,235,0,17,0,0,47368.421052631595,43617.02127659585,0.9894736842105263,1.0,0.9791666666666666
POST-HOC DEVELOPMENT DIAGNOSTIC,NOT FINAL EFFICACY,NOT PARAMETER SELECTION,NO METHOD CHANGE AUTHORIZED,relative-floor-0.001,primary,re2tt_ts-route-service_mem_1,ts-route-service,mem,58e365eed32084b4,L,MTL,10.0,0.001,0.01,5,24,12,1,18,9,246,199,27,20,12,10,1,1,24.0,24,24,3.5,9,0,242,12,26056,1296,212707070931063.28,212707070817631.84,252,17,0,235,0,17,0,0,221694927196937.78,221694927196937.78,0.0,0.0,0.0
POST-HOC DEVELOPMENT DIAGNOSTIC,NOT FINAL EFFICACY,NOT PARAMETER SELECTION,NO METHOD CHANGE AUTHORIZED,relative-floor-0.001,primary,re2tt_ts-route-service_mem_1,ts-route-service,mem,58e365eed32084b4,ALL,MTL,10.0,0.001,0.01,5,24,12,1,18,9,246,199,27,20,12,10,1,1,24.0,24,24,3.5,9,0,242,12,26056,1296,213261066243411.0,213261066124611.38,252,17,0,235,0,17,0,0,47368.421052631595,43617.02127659585,0.9894736842105263,1.0,0.9791666666666666
POST-HOC DEVELOPMENT DIAGNOSTIC,NOT FINAL EFFICACY,NOT PARAMETER SELECTION,NO METHOD CHANGE AUTHORIZED,relative-floor-0.001,primary,re2tt_ts-route-service_mem_1,ts-route-service,mem,58e365eed32084b4,G,MT,10.0,0.001,0.01,5,24,12,1,18,9,226,199,27,0,11,10,1,0,24.0,24,24,3.0,9,0,222,11,23896,1188,,,252,17,0,235,0,17,0,0,47368.421052631595,43617.02127659585,0.9894736842105263,1.0,0.9791666666666666
POST-HOC DEVELOPMENT DIAGNOSTIC,NOT FINAL EFFICACY,NOT PARAMETER SELECTION,NO METHOD CHANGE AUTHORIZED,relative-floor-0.001,primary,re2tt_ts-route-service_mem_1,ts-route-service,mem,58e365eed32084b4,L,MT,10.0,0.001,0.01,5,24,12,1,18,9,226,199,27,0,11,10,1,0,24.0,24,24,3.0,9,0,222,11,23896,1188,,,252,17,0,235,0,17,0,0,155212936820844.28,158890826408975.88,0.0,0.0,0.0
POST-HOC DEVELOPMENT DIAGNOSTIC,NOT FINAL EFFICACY,NOT PARAMETER SELECTION,NO METHOD CHANGE AUTHORIZED,relative-floor-0.001,primary,re2tt_ts-route-service_mem_1,ts-route-service,mem,58e365eed32084b4,ALL,MT,10.0,0.001,0.01,5,24,12,1,18,9,226,199,27,0,11,10,1,0,24.0,24,24,3.0,9,0,222,11,23896,1188,,,252,17,0,235,0,17,0,0,47368.421052631595,43617.02127659585,0.9894736842105263,1.0,0.9791666666666666
POST-HOC DEVELOPMENT DIAGNOSTIC,NOT FINAL EFFICACY,NOT PARAMETER SELECTION,NO METHOD CHANGE AUTHORIZED,relative-floor-0.001,primary,re2tt_ts-route-service_mem_2,ts-route-service,mem,15fa2ad3a7eecebd,G,MTL,10.0,0.001,0.01,5,24,12,1,18,9,240,193,27,20,9,4,3,2,24.0,24,24,2.0,4,0,233,9,25164,972,417549449566388.2,417549449515402.25,252,13,0,239,0,0,11,2,47368.421052631595,43617.02127659585,0.0,0.0,0.0
POST-HOC DEVELOPMENT DIAGNOSTIC,NOT FINAL EFFICACY,NOT PARAMETER SELECTION,NO METHOD CHANGE AUTHORIZED,relative-floor-0.001,primary,re2tt_ts-route-service_mem_2,ts-route-service,mem,15fa2ad3a7eecebd,L,MTL,10.0,0.001,0.01,5,24,12,1,18,9,240,193,27,20,9,4,3,2,24.0,24,24,2.0,4,0,233,9,25164,972,415664793995985.56,415664793943861.0,252,64,0,188,0,0,4,60,221694927196937.78,221694927196937.78,0.26732673267326734,0.46551724137931033,0.1875
POST-HOC DEVELOPMENT DIAGNOSTIC,NOT FINAL EFFICACY,NOT PARAMETER SELECTION,NO METHOD CHANGE AUTHORIZED,relative-floor-0.001,primary,re2tt_ts-route-service_mem_2,ts-route-service,mem,15fa2ad3a7eecebd,ALL,MTL,10.0,0.001,0.01,5,24,12,1,18,9,240,193,27,20,9,4,3,2,24.0,24,24,2.0,4,0,233,9,25164,972,429460364558624.94,429460364505573.25,252,32,0,220,0,0,0,32,47368.421052631595,43617.02127659585,0.0,0.0,0.0
POST-HOC DEVELOPMENT DIAGNOSTIC,NOT FINAL EFFICACY,NOT PARAMETER SELECTION,NO METHOD CHANGE AUTHORIZED,relative-floor-0.001,primary,re2tt_ts-route-service_mem_2,ts-route-service,mem,15fa2ad3a7eecebd,G,MT,10.0,0.001,0.01,5,24,12,1,18,9,220,193,27,0,7,4,3,0,24.0,24,24,2.0,4,0,213,7,23004,756,,,252,13,0,239,0,0,13,0,47368.421052631595,43617.02127659585,0.0,0.0,0.0
POST-HOC DEVELOPMENT DIAGNOSTIC,NOT FINAL EFFICACY,NOT PARAMETER SELECTION,NO METHOD CHANGE AUTHORIZED,relative-floor-0.001,primary,re2tt_ts-route-service_mem_2,ts-route-service,mem,15fa2ad3a7eecebd,L,MT,10.0,0.001,0.01,5,24,12,1,18,9,220,193,27,0,7,4,3,0,24.0,24,24,2.0,4,0,213,7,23004,756,,,252,60,0,192,0,0,60,0,155212936820844.28,158890826408975.88,0.2358974358974359,0.45098039215686275,0.1597222222222222
POST-HOC DEVELOPMENT DIAGNOSTIC,NOT FINAL EFFICACY,NOT PARAMETER SELECTION,NO METHOD CHANGE AUTHORIZED,relative-floor-0.001,primary,re2tt_ts-route-service_mem_2,ts-route-service,mem,15fa2ad3a7eecebd,ALL,MT,10.0,0.001,0.01,5,24,12,1,18,9,220,193,27,0,7,4,3,0,24.0,24,24,2.0,4,0,213,7,23004,756,,,252,29,0,223,0,0,29,0,47368.421052631595,43617.02127659585,0.0,0.0,0.0
POST-HOC DEVELOPMENT DIAGNOSTIC,NOT FINAL EFFICACY,NOT PARAMETER SELECTION,NO METHOD CHANGE AUTHORIZED,relative-floor-0.001,primary,re2tt_ts-route-service_mem_3,ts-route-service,mem,c60cff817fc2d5cf,G,MTL,10.0,0.001,0.01,5,24,12,1,18,9,241,194,27,20,6,5,1,0,24.0,24,24,5.0,5,0,241,6,25980,648,69931735470882.945,69931735413888.06,252,1,0,251,0,0,1,0,47368.421052631595,43617.02127659585,0.0,0.0,0.0
POST-HOC DEVELOPMENT DIAGNOSTIC,NOT FINAL EFFICACY,NOT PARAMETER SELECTION,NO METHOD CHANGE AUTHORIZED,relative-floor-0.001,primary,re2tt_ts-route-service_mem_3,ts-route-service,mem,c60cff817fc2d5cf,L,MTL,10.0,0.001,0.01,5,24,12,1,18,9,241,194,27,20,6,5,1,0,24.0,24,24,5.0,5,0,241,6,25980,648,69928908937345.95,69928908880687.03,252,63,0,189,0,0,63,0,221694927196937.78,221694927196937.78,0.0,0.0,0.0
POST-HOC DEVELOPMENT DIAGNOSTIC,NOT FINAL EFFICACY,NOT PARAMETER SELECTION,NO METHOD CHANGE AUTHORIZED,relative-floor-0.001,primary,re2tt_ts-route-service_mem_3,ts-route-service,mem,c60cff817fc2d5cf,ALL,MTL,10.0,0.001,0.01,5,24,12,1,18,9,241,194,27,20,6,5,1,0,24.0,24,24,5.0,5,0,241,6,25980,648,69938934143868.664,69938934083393.734,252,18,0,234,0,0,18,0,47368.421052631595,43617.02127659585,0.0,0.0,0.0
POST-HOC DEVELOPMENT DIAGNOSTIC,NOT FINAL EFFICACY,NOT PARAMETER SELECTION,NO METHOD CHANGE AUTHORIZED,relative-floor-0.001,primary,re2tt_ts-route-service_mem_3,ts-route-service,mem,c60cff817fc2d5cf,G,MT,10.0,0.001,0.01,5,24,12,1,18,9,221,194,27,0,6,5,1,0,24.0,24,24,5.0,5,0,221,6,23820,648,,,252,1,0,251,0,0,1,0,47368.421052631595,43617.02127659585,0.0,0.0,0.0
POST-HOC DEVELOPMENT DIAGNOSTIC,NOT FINAL EFFICACY,NOT PARAMETER SELECTION,NO METHOD CHANGE AUTHORIZED,relative-floor-0.001,primary,re2tt_ts-route-service_mem_3,ts-route-service,mem,c60cff817fc2d5cf,L,MT,10.0,0.001,0.01,5,24,12,1,18,9,221,194,27,0,6,5,1,0,24.0,24,24,5.0,5,0,221,6,23820,648,,,252,63,0,189,0,0,63,0,155212936820844.28,158890826408975.88,0.0136986301369863,0.5,0.006944444444444444
POST-HOC DEVELOPMENT DIAGNOSTIC,NOT FINAL EFFICACY,NOT PARAMETER SELECTION,NO METHOD CHANGE AUTHORIZED,relative-floor-0.001,primary,re2tt_ts-route-service_mem_3,ts-route-service,mem,c60cff817fc2d5cf,ALL,MT,10.0,0.001,0.01,5,24,12,1,18,9,221,194,27,0,6,5,1,0,24.0,24,24,5.0,5,0,221,6,23820,648,,,252,18,0,234,0,0,18,0,47368.421052631595,43617.02127659585,0.0,0.0,0.0
POST-HOC DEVELOPMENT DIAGNOSTIC,NOT FINAL EFFICACY,NOT PARAMETER SELECTION,NO METHOD CHANGE AUTHORIZED,relative-floor-0.001,primary,re2tt_ts-route-service_socket_1,ts-route-service,socket,0f1447a5823d8a23,G,MTL,10.0,0.001,0.01,5,24,12,1,18,9,254,207,27,20,20,18,1,1,24.0,24,24,3.0,18,0,250,20,26990,2160,173289285588384.12,173289285480364.44,252,17,0,235,0,6,11,0,42105.26315789484,43617.02127659585,0.0,0.0,0.0
POST-HOC DEVELOPMENT DIAGNOSTIC,NOT FINAL EFFICACY,NOT PARAMETER SELECTION,NO METHOD CHANGE AUTHORIZED,relative-floor-0.001,primary,re2tt_ts-route-service_socket_1,ts-route-service,socket,0f1447a5823d8a23,L,MTL,10.0,0.001,0.01,5,24,12,1,18,9,254,207,27,20,20,18,1,1,24.0,24,24,3.0,18,0,250,20,26990,2160,173353193068736.38,173353192961013.0,252,65,0,187,0,6,4,55,169200491270591.94,221694927196937.78,0.3333333333333333,0.6111111111111112,0.22916666666666666
POST-HOC DEVELOPMENT DIAGNOSTIC,NOT FINAL EFFICACY,NOT PARAMETER SELECTION,NO METHOD CHANGE AUTHORIZED,relative-floor-0.001,primary,re2tt_ts-route-service_socket_1,ts-route-service,socket,0f1447a5823d8a23,ALL,MTL,10.0,0.001,0.01,5,24,12,1,18,9,254,207,27,20,20,18,1,1,24.0,24,24,3.0,18,0,250,20,26990,2160,173060170805178.4,173060170687076.88,252,10,0,242,0,6,4,0,42105.26315789484,43617.02127659585,0.0,0.0,0.0
POST-HOC DEVELOPMENT DIAGNOSTIC,NOT FINAL EFFICACY,NOT PARAMETER SELECTION,NO METHOD CHANGE AUTHORIZED,relative-floor-0.001,primary,re2tt_ts-route-service_socket_1,ts-route-service,socket,0f1447a5823d8a23,G,MT,10.0,0.001,0.01,5,24,12,1,18,9,234,207,27,0,19,18,1,0,24.0,24,24,3.0,18,0,230,19,24830,2052,,,252,17,0,235,0,6,11,0,42105.26315789484,43617.02127659585,0.0,0.0,0.0
POST-HOC DEVELOPMENT DIAGNOSTIC,NOT FINAL EFFICACY,NOT PARAMETER SELECTION,NO METHOD CHANGE AUTHORIZED,relative-floor-0.001,primary,re2tt_ts-route-service_socket_1,ts-route-service,socket,0f1447a5823d8a23,L,MT,10.0,0.001,0.01,5,24,12,1,18,9,234,207,27,0,19,18,1,0,24.0,24,24,3.0,18,0,230,19,24830,2052,,,252,61,0,191,0,6,55,0,145047195127985.4,158890826408975.88,0.3350253807106599,0.6226415094339622,0.22916666666666666
POST-HOC DEVELOPMENT DIAGNOSTIC,NOT FINAL EFFICACY,NOT PARAMETER SELECTION,NO METHOD CHANGE AUTHORIZED,relative-floor-0.001,primary,re2tt_ts-route-service_socket_1,ts-route-service,socket,0f1447a5823d8a23,ALL,MT,10.0,0.001,0.01,5,24,12,1,18,9,234,207,27,0,19,18,1,0,24.0,24,24,3.0,18,0,230,19,24830,2052,,,252,10,0,242,0,6,4,0,42105.26315789484,43617.02127659585,0.0,0.0,0.0
POST-HOC DEVELOPMENT DIAGNOSTIC,NOT FINAL EFFICACY,NOT PARAMETER SELECTION,NO METHOD CHANGE AUTHORIZED,relative-floor-0.001,primary,re2tt_ts-route-service_socket_2,ts-route-service,socket,5bf54b9f116a5fa1,G,MTL,10.0,0.001,0.01,5,24,12,1,18,9,241,194,27,20,8,6,1,1,24.0,24,24,4.0,5,0,237,8,25588,864,226601240501947.5,226601240456266.84,252,1,0,251,0,1,0,0,42105.26315789484,43617.02127659585,0.0,0.0,0.0
POST-HOC DEVELOPMENT DIAGNOSTIC,NOT FINAL EFFICACY,NOT PARAMETER SELECTION,NO METHOD CHANGE AUTHORIZED,relative-floor-0.001,primary,re2tt_ts-route-service_socket_2,ts-route-service,socket,5bf54b9f116a5fa1,L,MTL,10.0,0.001,0.01,5,24,12,1,18,9,241,194,27,20,8,6,1,1,24.0,24,24,4.0,5,0,237,8,25588,864,226577747401906.8,226577747355720.62,252,1,0,251,0,1,0,0,169200491270591.94,221694927196937.78,0.0,0.0,0.0
POST-HOC DEVELOPMENT DIAGNOSTIC,NOT FINAL EFFICACY,NOT PARAMETER SELECTION,NO METHOD CHANGE AUTHORIZED,relative-floor-0.001,primary,re2tt_ts-route-service_socket_2,ts-route-service,socket,5bf54b9f116a5fa1,ALL,MTL,10.0,0.001,0.01,5,24,12,1,18,9,241,194,27,20,8,6,1,1,24.0,24,24,4.0,5,0,237,8,25588,864,226567460867019.53,226567460821336.34,252,2,0,250,0,2,0,0,42105.26315789484,43617.02127659585,0.0,0.0,0.0
POST-HOC DEVELOPMENT DIAGNOSTIC,NOT FINAL EFFICACY,NOT PARAMETER SELECTION,NO METHOD CHANGE AUTHORIZED,relative-floor-0.001,primary,re2tt_ts-route-service_socket_2,ts-route-service,socket,5bf54b9f116a5fa1,G,MT,10.0,0.001,0.01,5,24,12,1,18,9,221,194,27,0,7,6,1,0,24.0,24,24,4.0,5,0,217,7,23428,756,,,252,1,0,251,0,1,0,0,42105.26315789484,43617.02127659585,0.0,0.0,0.0
POST-HOC DEVELOPMENT DIAGNOSTIC,NOT FINAL EFFICACY,NOT PARAMETER SELECTION,NO METHOD CHANGE AUTHORIZED,relative-floor-0.001,primary,re2tt_ts-route-service_socket_2,ts-route-service,socket,5bf54b9f116a5fa1,L,MT,10.0,0.001,0.01,5,24,12,1,18,9,221,194,27,0,7,6,1,0,24.0,24,24,4.0,5,0,217,7,23428,756,,,252,1,0,251,0,1,0,0,145047195127985.4,158890826408975.88,0.0,0.0,0.0
POST-HOC DEVELOPMENT DIAGNOSTIC,NOT FINAL EFFICACY,NOT PARAMETER SELECTION,NO METHOD CHANGE AUTHORIZED,relative-floor-0.001,primary,re2tt_ts-route-service_socket_2,ts-route-service,socket,5bf54b9f116a5fa1,ALL,MT,10.0,0.001,0.01,5,24,12,1,18,9,221,194,27,0,7,6,1,0,24.0,24,24,4.0,5,0,217,7,23428,756,,,252,2,0,250,0,2,0,0,42105.26315789484,43617.02127659585,0.0,0.0,0.0
POST-HOC DEVELOPMENT DIAGNOSTIC,NOT FINAL EFFICACY,NOT PARAMETER SELECTION,NO METHOD CHANGE AUTHORIZED,relative-floor-0.001,primary,re2tt_ts-route-service_socket_3,ts-route-service,socket,47f193d58b233d8a,G,MTL,10.0,0.001,0.01,5,24,12,1,18,9,241,194,27,20,7,5,1,1,24.0,24,24,3.5,5,0,239,7,25804,756,208212797281926.88,208212797222750.25,252,39,0,213,0,0,3,36,42105.26315789484,43617.02127659585,0.9859154929577465,1.0,0.9722222222222222
POST-HOC DEVELOPMENT DIAGNOSTIC,NOT FINAL EFFICACY,NOT PARAMETER SELECTION,NO METHOD CHANGE AUTHORIZED,relative-floor-0.001,primary,re2tt_ts-route-service_socket_3,ts-route-service,socket,47f193d58b233d8a,L,MTL,10.0,0.001,0.01,5,24,12,1,18,9,241,194,27,20,7,5,1,1,24.0,24,24,3.5,5,0,239,7,25804,756,208216307631152.9,208216307571938.75,252,106,0,146,0,0,16,90,169200491270591.94,221694927196937.78,0.2653061224489796,0.5,0.18055555555555555
POST-HOC DEVELOPMENT DIAGNOSTIC,NOT FINAL EFFICACY,NOT PARAMETER SELECTION,NO METHOD CHANGE AUTHORIZED,relative-floor-0.001,primary,re2tt_ts-route-service_socket_3,ts-route-service,socket,47f193d58b233d8a,ALL,MTL,10.0,0.001,0.01,5,24,12,1,18,9,241,194,27,20,7,5,1,1,24.0,24,24,3.5,5,0,239,7,25804,756,208208935441166.53,208208935379315.3,252,26,0,226,0,0,3,23,42105.26315789484,43617.02127659585,0.9859154929577465,1.0,0.9722222222222222
POST-HOC DEVELOPMENT DIAGNOSTIC,NOT FINAL EFFICACY,NOT PARAMETER SELECTION,NO METHOD CHANGE AUTHORIZED,relative-floor-0.001,primary,re2tt_ts-route-service_socket_3,ts-route-service,socket,47f193d58b233d8a,G,MT,10.0,0.001,0.01,5,24,12,1,18,9,221,194,27,0,6,5,1,0,24.0,24,24,3.0,5,0,219,6,23644,648,,,252,17,0,235,0,0,17,0,42105.26315789484,43617.02127659585,0.9859154929577465,1.0,0.9722222222222222
POST-HOC DEVELOPMENT DIAGNOSTIC,NOT FINAL EFFICACY,NOT PARAMETER SELECTION,NO METHOD CHANGE AUTHORIZED,relative-floor-0.001,primary,re2tt_ts-route-service_socket_3,ts-route-service,socket,47f193d58b233d8a,L,MT,10.0,0.001,0.01,5,24,12,1,18,9,221,194,27,0,6,5,1,0,24.0,24,24,3.0,5,0,219,6,23644,648,,,252,63,0,189,0,0,63,0,145047195127985.4,158890826408975.88,0.26666666666666666,0.5098039215686274,0.18055555555555555
POST-HOC DEVELOPMENT DIAGNOSTIC,NOT FINAL EFFICACY,NOT PARAMETER SELECTION,NO METHOD CHANGE AUTHORIZED,relative-floor-0.001,primary,re2tt_ts-route-service_socket_3,ts-route-service,socket,47f193d58b233d8a,ALL,MT,10.0,0.001,0.01,5,24,12,1,18,9,221,194,27,0,6,5,1,0,24.0,24,24,3.0,5,0,219,6,23644,648,,,252,15,0,237,0,0,15,0,42105.26315789484,43617.02127659585,0.9859154929577465,1.0,0.9722222222222222
POST-HOC DEVELOPMENT DIAGNOSTIC,NOT FINAL EFFICACY,NOT PARAMETER SELECTION,NO METHOD CHANGE AUTHORIZED,relative-floor-0.001,primary,re2tt_ts-train-service_cpu_1,ts-train-service,cpu,f13a01ab09a3962b,G,MTL,10.0,0.001,0.01,5,24,12,1,18,9,248,201,27,20,14,12,1,1,24.0,24,24,3.0,12,0,246,14,26538,1512,175419290750193.9,175419290707581.5,252,11,0,241,0,11,0,0,47368.421052631595,43617.02127659585,0.9894736842105263,1.0,0.9791666666666666
POST-HOC DEVELOPMENT DIAGNOSTIC,NOT FINAL EFFICACY,NOT PARAMETER SELECTION,NO METHOD CHANGE AUTHORIZED,relative-floor-0.001,primary,re2tt_ts-train-service_cpu_1,ts-train-service,cpu,f13a01ab09a3962b,L,MTL,10.0,0.001,0.01,5,24,12,1,18,9,248,201,27,20,14,12,1,1,24.0,24,24,3.0,12,0,246,14,26538,1512,175751000297956.06,175751000255297.3,252,11,0,241,0,11,0,0,221694927196937.78,221694927196937.78,0.0,0.0,0.0
POST-HOC DEVELOPMENT DIAGNOSTIC,NOT FINAL EFFICACY,NOT PARAMETER SELECTION,NO METHOD CHANGE AUTHORIZED,relative-floor-0.001,primary,re2tt_ts-train-service_cpu_1,ts-train-service,cpu,f13a01ab09a3962b,ALL,MTL,10.0,0.001,0.01,5,24,12,1,18,9,248,201,27,20,14,12,1,1,24.0,24,24,3.0,12,0,246,14,26538,1512,175354210462097.53,175354210419233.66,252,11,0,241,0,11,0,0,47368.421052631595,43617.02127659585,0.9894736842105263,1.0,0.9791666666666666
POST-HOC DEVELOPMENT DIAGNOSTIC,NOT FINAL EFFICACY,NOT PARAMETER SELECTION,NO METHOD CHANGE AUTHORIZED,relative-floor-0.001,primary,re2tt_ts-train-service_cpu_1,ts-train-service,cpu,f13a01ab09a3962b,G,MT,10.0,0.001,0.01,5,24,12,1,18,9,228,201,27,0,13,12,1,0,24.0,24,24,3.0,12,0,226,13,24378,1404,,,252,11,0,241,0,11,0,0,47368.421052631595,43617.02127659585,0.9894736842105263,1.0,0.9791666666666666
POST-HOC DEVELOPMENT DIAGNOSTIC,NOT FINAL EFFICACY,NOT PARAMETER SELECTION,NO METHOD CHANGE AUTHORIZED,relative-floor-0.001,primary,re2tt_ts-train-service_cpu_1,ts-train-service,cpu,f13a01ab09a3962b,L,MT,10.0,0.001,0.01,5,24,12,1,18,9,228,201,27,0,13,12,1,0,24.0,24,24,3.0,12,0,226,13,24378,1404,,,252,11,0,241,0,11,0,0,155212936820844.28,158890826408975.88,0.0,0.0,0.0
POST-HOC DEVELOPMENT DIAGNOSTIC,NOT FINAL EFFICACY,NOT PARAMETER SELECTION,NO METHOD CHANGE AUTHORIZED,relative-floor-0.001,primary,re2tt_ts-train-service_cpu_1,ts-train-service,cpu,f13a01ab09a3962b,ALL,MT,10.0,0.001,0.01,5,24,12,1,18,9,228,201,27,0,13,12,1,0,24.0,24,24,3.0,12,0,226,13,24378,1404,,,252,11,0,241,0,11,0,0,47368.421052631595,43617.02127659585,0.9894736842105263,1.0,0.9791666666666666
POST-HOC DEVELOPMENT DIAGNOSTIC,NOT FINAL EFFICACY,NOT PARAMETER SELECTION,NO METHOD CHANGE AUTHORIZED,relative-floor-0.001,primary,re2tt_ts-train-service_cpu_2,ts-train-service,cpu,b4f7da80e26ff729,G,MTL,10.0,0.001,0.01,5,24,12,1,18,9,245,198,27,20,10,9,1,0,24.0,24,24,2.0,9,0,243,10,26212,1080,51633967799450.3,51633967739781.91,252,22,0,230,0,15,7,0,47368.421052631595,43617.02127659585,0.9859154929577465,1.0,0.9722222222222222
POST-HOC DEVELOPMENT DIAGNOSTIC,NOT FINAL EFFICACY,NOT PARAMETER SELECTION,NO METHOD CHANGE AUTHORIZED,relative-floor-0.001,primary,re2tt_ts-train-service_cpu_2,ts-train-service,cpu,b4f7da80e26ff729,L,MTL,10.0,0.001,0.01,5,24,12,1,18,9,245,198,27,20,10,9,1,0,24.0,24,24,2.0,9,0,243,10,26212,1080,51544889097408.055,51544889037911.65,252,67,0,185,0,11,56,0,221694927196937.78,221694927196937.78,0.013793103448275862,1.0,0.006944444444444444
POST-HOC DEVELOPMENT DIAGNOSTIC,NOT FINAL EFFICACY,NOT PARAMETER SELECTION,NO METHOD CHANGE AUTHORIZED,relative-floor-0.001,primary,re2tt_ts-train-service_cpu_2,ts-train-service,cpu,b4f7da80e26ff729,ALL,MTL,10.0,0.001,0.01,5,24,12,1,18,9,245,198,27,20,10,9,1,0,24.0,24,24,2.0,9,0,243,10,26212,1080,51620258602026.83,51620258541717.36,252,25,0,227,0,15,10,0,47368.421052631595,43617.02127659585,0.9859154929577465,1.0,0.9722222222222222
POST-HOC DEVELOPMENT DIAGNOSTIC,NOT FINAL EFFICACY,NOT PARAMETER SELECTION,NO METHOD CHANGE AUTHORIZED,relative-floor-0.001,primary,re2tt_ts-train-service_cpu_2,ts-train-service,cpu,b4f7da80e26ff729,G,MT,10.0,0.001,0.01,5,24,12,1,18,9,225,198,27,0,10,9,1,0,24.0,24,24,2.0,9,0,223,10,24052,1080,,,252,22,0,230,0,15,7,0,47368.421052631595,43617.02127659585,0.9859154929577465,1.0,0.9722222222222222
POST-HOC DEVELOPMENT DIAGNOSTIC,NOT FINAL EFFICACY,NOT PARAMETER SELECTION,NO METHOD CHANGE AUTHORIZED,relative-floor-0.001,primary,re2tt_ts-train-service_cpu_2,ts-train-service,cpu,b4f7da80e26ff729,L,MT,10.0,0.001,0.01,5,24,12,1,18,9,225,198,27,0,10,9,1,0,24.0,24,24,2.0,9,0,223,10,24052,1080,,,252,67,0,185,0,11,56,0,155212936820844.28,158890826408975.88,0.07643312101910828,0.46153846153846156,0.041666666666666664
POST-HOC DEVELOPMENT DIAGNOSTIC,NOT FINAL EFFICACY,NOT PARAMETER SELECTION,NO METHOD CHANGE AUTHORIZED,relative-floor-0.001,primary,re2tt_ts-train-service_cpu_2,ts-train-service,cpu,b4f7da80e26ff729,ALL,MT,10.0,0.001,0.01,5,24,12,1,18,9,225,198,27,0,10,9,1,0,24.0,24,24,2.0,9,0,223,10,24052,1080,,,252,25,0,227,0,15,10,0,47368.421052631595,43617.02127659585,0.9859154929577465,1.0,0.9722222222222222
POST-HOC DEVELOPMENT DIAGNOSTIC,NOT FINAL EFFICACY,NOT PARAMETER SELECTION,NO METHOD CHANGE AUTHORIZED,relative-floor-0.001,primary,re2tt_ts-train-service_cpu_3,ts-train-service,cpu,8fe6a000483edc0e,G,MTL,10.0,0.001,0.01,5,24,12,1,18,9,248,201,27,20,14,12,1,1,24.0,24,24,5.0,12,0,248,14,26744,1512,196458532438480.5,196458532368303.75,252,9,0,243,0,9,0,0,47368.421052631595,43617.02127659585,0.9894736842105263,1.0,0.9791666666666666
POST-HOC DEVELOPMENT DIAGNOSTIC,NOT FINAL EFFICACY,NOT PARAMETER SELECTION,NO METHOD CHANGE AUTHORIZED,relative-floor-0.001,primary,re2tt_ts-train-service_cpu_3,ts-train-service,cpu,8fe6a000483edc0e,L,MTL,10.0,0.001,0.01,5,24,12,1,18,9,248,201,27,20,14,12,1,1,24.0,24,24,5.0,12,0,248,14,26744,1512,196465930259676.94,196465930189855.7,252,9,0,243,0,9,0,0,221694927196937.78,221694927196937.78,0.0,0.0,0.0
POST-HOC DEVELOPMENT DIAGNOSTIC,NOT FINAL EFFICACY,NOT PARAMETER SELECTION,NO METHOD CHANGE AUTHORIZED,relative-floor-0.001,primary,re2tt_ts-train-service_cpu_3,ts-train-service,cpu,8fe6a000483edc0e,ALL,MTL,10.0,0.001,0.01,5,24,12,1,18,9,248,201,27,20,14,12,1,1,24.0,24,24,5.0,12,0,248,14,26744,1512,195958753552890.28,195958753481873.03,252,9,0,243,0,9,0,0,47368.421052631595,43617.02127659585,0.9894736842105263,1.0,0.9791666666666666
POST-HOC DEVELOPMENT DIAGNOSTIC,NOT FINAL EFFICACY,NOT PARAMETER SELECTION,NO METHOD CHANGE AUTHORIZED,relative-floor-0.001,primary,re2tt_ts-train-service_cpu_3,ts-train-service,cpu,8fe6a000483edc0e,G,MT,10.0,0.001,0.01,5,24,12,1,18,9,228,201,27,0,13,12,1,0,24.0,24,24,5.0,12,0,228,13,24584,1404,,,252,9,0,243,0,9,0,0,47368.421052631595,43617.02127659585,0.9894736842105263,1.0,0.9791666666666666
POST-HOC DEVELOPMENT DIAGNOSTIC,NOT FINAL EFFICACY,NOT PARAMETER SELECTION,NO METHOD CHANGE AUTHORIZED,relative-floor-0.001,primary,re2tt_ts-train-service_cpu_3,ts-train-service,cpu,8fe6a000483edc0e,L,MT,10.0,0.001,0.01,5,24,12,1,18,9,228,201,27,0,13,12,1,0,24.0,24,24,5.0,12,0,228,13,24584,1404,,,252,9,0,243,0,9,0,0,155212936820844.28,158890826408975.88,0.0,0.0,0.0
POST-HOC DEVELOPMENT DIAGNOSTIC,NOT FINAL EFFICACY,NOT PARAMETER SELECTION,NO METHOD CHANGE AUTHORIZED,relative-floor-0.001,primary,re2tt_ts-train-service_cpu_3,ts-train-service,cpu,8fe6a000483edc0e,ALL,MT,10.0,0.001,0.01,5,24,12,1,18,9,228,201,27,0,13,12,1,0,24.0,24,24,5.0,12,0,228,13,24584,1404,,,252,9,0,243,0,9,0,0,47368.421052631595,43617.02127659585,0.9894736842105263,1.0,0.9791666666666666
POST-HOC DEVELOPMENT DIAGNOSTIC,NOT FINAL EFFICACY,NOT PARAMETER SELECTION,NO METHOD CHANGE AUTHORIZED,relative-floor-0.001,primary,re2tt_ts-train-service_delay_1,ts-train-service,delay,8534e6237bee1618,G,MTL,10.0,0.001,0.01,5,24,12,1,18,9,250,203,27,20,15,14,1,0,24.0,24,24,5.0,14,0,248,15,26764,1620,69273001896283.42,69273001836489.79,252,4,0,248,0,4,0,0,43617.02127659585,43617.02127659585,0.9894736842105263,1.0,0.9791666666666666
POST-HOC DEVELOPMENT DIAGNOSTIC,NOT FINAL EFFICACY,NOT PARAMETER SELECTION,NO METHOD CHANGE AUTHORIZED,relative-floor-0.001,primary,re2tt_ts-train-service_delay_1,ts-train-service,delay,8534e6237bee1618,L,MTL,10.0,0.001,0.01,5,24,12,1,18,9,250,203,27,20,15,14,1,0,24.0,24,24,5.0,14,0,248,15,26764,1620,69313935909481.39,69313935849741.66,252,4,0,248,0,4,0,0,225569991807719.12,221694927196937.78,0.0,0.0,0.0
POST-HOC DEVELOPMENT DIAGNOSTIC,NOT FINAL EFFICACY,NOT PARAMETER SELECTION,NO METHOD CHANGE AUTHORIZED,relative-floor-0.001,primary,re2tt_ts-train-service_delay_1,ts-train-service,delay,8534e6237bee1618,ALL,MTL,10.0,0.001,0.01,5,24,12,1,18,9,250,203,27,20,15,14,1,0,24.0,24,24,5.0,14,0,248,15,26764,1620,69377457275539.22,69377457205862.46,252,4,0,248,0,4,0,0,43617.02127659586,43617.02127659585,0.9894736842105263,1.0,0.9791666666666666
POST-HOC DEVELOPMENT DIAGNOSTIC,NOT FINAL EFFICACY,NOT PARAMETER SELECTION,NO METHOD CHANGE AUTHORIZED,relative-floor-0.001,primary,re2tt_ts-train-service_delay_1,ts-train-service,delay,8534e6237bee1618,G,MT,10.0,0.001,0.01,5,24,12,1,18,9,230,203,27,0,15,14,1,0,24.0,24,24,5.0,14,0,228,15,24604,1620,,,252,4,0,248,0,4,0,0,43617.02127659585,43617.02127659585,0.9894736842105263,1.0,0.9791666666666666
POST-HOC DEVELOPMENT DIAGNOSTIC,NOT FINAL EFFICACY,NOT PARAMETER SELECTION,NO METHOD CHANGE AUTHORIZED,relative-floor-0.001,primary,re2tt_ts-train-service_delay_1,ts-train-service,delay,8534e6237bee1618,L,MT,10.0,0.001,0.01,5,24,12,1,18,9,230,203,27,0,15,14,1,0,24.0,24,24,5.0,14,0,228,15,24604,1620,,,252,4,0,248,0,4,0,0,166115523335903.66,158890826408975.88,0.0,0.0,0.0
POST-HOC DEVELOPMENT DIAGNOSTIC,NOT FINAL EFFICACY,NOT PARAMETER SELECTION,NO METHOD CHANGE AUTHORIZED,relative-floor-0.001,primary,re2tt_ts-train-service_delay_1,ts-train-service,delay,8534e6237bee1618,ALL,MT,10.0,0.001,0.01,5,24,12,1,18,9,230,203,27,0,15,14,1,0,24.0,24,24,5.0,14,0,228,15,24604,1620,,,252,4,0,248,0,4,0,0,43617.02127659586,43617.02127659585,0.9894736842105263,1.0,0.9791666666666666
POST-HOC DEVELOPMENT DIAGNOSTIC,NOT FINAL EFFICACY,NOT PARAMETER SELECTION,NO METHOD CHANGE AUTHORIZED,relative-floor-0.001,primary,re2tt_ts-train-service_delay_2,ts-train-service,delay,84c4c18e60502036,G,MTL,10.0,0.001,0.01,5,24,12,1,18,9,238,191,27,20,5,2,2,1,24.0,24,24,4.0,2,0,238,5,25654,540,306223263662016.56,306223263597740.8,252,0,0,252,0,0,0,0,43617.02127659585,43617.02127659585,0.9543859649122807,0.9645390070921985,0.9444444444444444
POST-HOC DEVELOPMENT DIAGNOSTIC,NOT FINAL EFFICACY,NOT PARAMETER SELECTION,NO METHOD CHANGE AUTHORIZED,relative-floor-0.001,primary,re2tt_ts-train-service_delay_2,ts-train-service,delay,84c4c18e60502036,L,MTL,10.0,0.001,0.01,5,24,12,1,18,9,238,191,27,20,5,2,2,1,24.0,24,24,4.0,2,0,238,5,25654,540,306172225606586.06,306172225542269.75,252,0,0,252,0,0,0,0,225569991807719.12,221694927196937.78,0.0,0.0,0.0
POST-HOC DEVELOPMENT DIAGNOSTIC,NOT FINAL EFFICACY,NOT PARAMETER SELECTION,NO METHOD CHANGE AUTHORIZED,relative-floor-0.001,primary,re2tt_ts-train-service_delay_2,ts-train-service,delay,84c4c18e60502036,ALL,MTL,10.0,0.001,0.01,5,24,12,1,18,9,238,191,27,20,5,2,2,1,24.0,24,24,4.0,2,0,238,5,25654,540,310367792091906.6,310367792025289.3,252,0,0,252,0,0,0,0,43617.02127659586,43617.02127659585,0.9543859649122807,0.9645390070921985,0.9444444444444444
POST-HOC DEVELOPMENT DIAGNOSTIC,NOT FINAL EFFICACY,NOT PARAMETER SELECTION,NO METHOD CHANGE AUTHORIZED,relative-floor-0.001,primary,re2tt_ts-train-service_delay_2,ts-train-service,delay,84c4c18e60502036,G,MT,10.0,0.001,0.01,5,24,12,1,18,9,218,191,27,0,4,2,2,0,24.0,24,24,4.0,2,0,218,4,23494,432,,,252,0,0,252,0,0,0,0,43617.02127659585,43617.02127659585,0.9543859649122807,0.9645390070921985,0.9444444444444444
POST-HOC DEVELOPMENT DIAGNOSTIC,NOT FINAL EFFICACY,NOT PARAMETER SELECTION,NO METHOD CHANGE AUTHORIZED,relative-floor-0.001,primary,re2tt_ts-train-service_delay_2,ts-train-service,delay,84c4c18e60502036,L,MT,10.0,0.001,0.01,5,24,12,1,18,9,218,191,27,0,4,2,2,0,24.0,24,24,4.0,2,0,218,4,23494,432,,,252,0,0,252,0,0,0,0,166115523335903.66,158890826408975.88,0.0,0.0,0.0
POST-HOC DEVELOPMENT DIAGNOSTIC,NOT FINAL EFFICACY,NOT PARAMETER SELECTION,NO METHOD CHANGE AUTHORIZED,relative-floor-0.001,primary,re2tt_ts-train-service_delay_2,ts-train-service,delay,84c4c18e60502036,ALL,MT,10.0,0.001,0.01,5,24,12,1,18,9,218,191,27,0,4,2,2,0,24.0,24,24,4.0,2,0,218,4,23494,432,,,252,0,0,252,0,0,0,0,43617.02127659586,43617.02127659585,0.9543859649122807,0.9645390070921985,0.9444444444444444
POST-HOC DEVELOPMENT DIAGNOSTIC,NOT FINAL EFFICACY,NOT PARAMETER SELECTION,NO METHOD CHANGE AUTHORIZED,relative-floor-0.001,primary,re2tt_ts-train-service_delay_3,ts-train-service,delay,0868b9b567cd44c8,G,MTL,10.0,0.001,0.01,5,24,12,1,18,9,238,191,27,20,4,2,1,1,24.0,24,24,4.0,2,0,238,4,25646,432,185774713806657.7,185774713677807.56,252,8,0,244,0,0,0,8,43617.02127659585,43617.02127659585,0.9619377162629758,0.9586206896551724,0.9652777777777778
POST-HOC DEVELOPMENT DIAGNOSTIC,NOT FINAL EFFICACY,NOT PARAMETER SELECTION,NO METHOD CHANGE AUTHORIZED,relative-floor-0.001,primary,re2tt_ts-train-service_delay_3,ts-train-service,delay,0868b9b567cd44c8,L,MTL,10.0,0.001,0.01,5,24,12,1,18,9,238,191,27,20,4,2,1,1,24.0,24,24,4.0,2,0,238,4,25646,432,185679719674049.4,185679719547015.88,252,54,0,198,0,0,2,52,225569991807719.12,221694927196937.78,0.02564102564102564,0.16666666666666666,0.013888888888888888
POST-HOC DEVELOPMENT DIAGNOSTIC,NOT FINAL EFFICACY,NOT PARAMETER SELECTION,NO METHOD CHANGE AUTHORIZED,relative-floor-0.001,primary,re2tt_ts-train-service_delay_3,ts-train-service,delay,0868b9b567cd44c8,ALL,MTL,10.0,0.001,0.01,5,24,12,1,18,9,238,191,27,20,4,2,1,1,24.0,24,24,4.0,2,0,238,4,25646,432,186908621459008.44,186908621328602.3,252,11,0,241,0,0,0,11,43617.02127659586,43617.02127659585,0.9619377162629758,0.9586206896551724,0.9652777777777778
POST-HOC DEVELOPMENT DIAGNOSTIC,NOT FINAL EFFICACY,NOT PARAMETER SELECTION,NO METHOD CHANGE AUTHORIZED,relative-floor-0.001,primary,re2tt_ts-train-service_delay_3,ts-train-service,delay,0868b9b567cd44c8,G,MT,10.0,0.001,0.01,5,24,12,1,18,9,218,191,27,0,3,2,1,0,24.0,24,24,4.0,2,0,218,3,23486,324,,,252,5,0,247,0,0,5,0,43617.02127659585,43617.02127659585,0.9619377162629758,0.9586206896551724,0.9652777777777778
POST-HOC DEVELOPMENT DIAGNOSTIC,NOT FINAL EFFICACY,NOT PARAMETER SELECTION,NO METHOD CHANGE AUTHORIZED,relative-floor-0.001,primary,re2tt_ts-train-service_delay_3,ts-train-service,delay,0868b9b567cd44c8,L,MT,10.0,0.001,0.01,5,24,12,1,18,9,218,191,27,0,3,2,1,0,24.0,24,24,4.0,2,0,218,3,23486,324,,,252,49,0,203,0,0,49,0,166115523335903.66,158890826408975.88,0.050314465408805034,0.26666666666666666,0.027777777777777776
POST-HOC DEVELOPMENT DIAGNOSTIC,NOT FINAL EFFICACY,NOT PARAMETER SELECTION,NO METHOD CHANGE AUTHORIZED,relative-floor-0.001,primary,re2tt_ts-train-service_delay_3,ts-train-service,delay,0868b9b567cd44c8,ALL,MT,10.0,0.001,0.01,5,24,12,1,18,9,218,191,27,0,3,2,1,0,24.0,24,24,4.0,2,0,218,3,23486,324,,,252,0,0,252,0,0,0,0,43617.02127659586,43617.02127659585,0.9619377162629758,0.9586206896551724,0.9652777777777778
POST-HOC DEVELOPMENT DIAGNOSTIC,NOT FINAL EFFICACY,NOT PARAMETER SELECTION,NO METHOD CHANGE AUTHORIZED,relative-floor-0.001,primary,re2tt_ts-travel-service_disk_1,ts-travel-service,disk,27afdc4e5ac07b32,G,MTL,10.0,0.001,0.01,5,24,12,1,18,9,232,186,26,20,7,2,2,3,24.0,24,24,5.0,2,0,226,7,24408,756,446437101949955.6,446437101874820.25,252,0,0,252,0,0,0,0,43617.02127659585,43617.02127659585,0.8823529411764706,0.9375,0.8333333333333334
POST-HOC DEVELOPMENT DIAGNOSTIC,NOT FINAL EFFICACY,NOT PARAMETER SELECTION,NO METHOD CHANGE AUTHORIZED,relative-floor-0.001,primary,re2tt_ts-travel-service_disk_1,ts-travel-service,disk,27afdc4e5ac07b32,L,MTL,10.0,0.001,0.01,5,24,12,1,18,9,232,186,26,20,7,2,2,3,24.0,24,24,5.0,2,0,226,7,24408,756,454515317500572.1,454515317434471.25,252,0,0,252,0,0,0,0,225569991807719.12,221694927196937.78,0.0,0.0,0.0
POST-HOC DEVELOPMENT DIAGNOSTIC,NOT FINAL EFFICACY,NOT PARAMETER SELECTION,NO METHOD CHANGE AUTHORIZED,relative-floor-0.001,primary,re2tt_ts-travel-service_disk_1,ts-travel-service,disk,27afdc4e5ac07b32,ALL,MTL,10.0,0.001,0.01,5,24,12,1,18,9,232,186,26,20,7,2,2,3,24.0,24,24,5.0,2,0,226,7,24408,756,446509318375630.2,446509318309592.6,252,0,0,252,0,0,0,0,43617.02127659586,43617.02127659585,0.8823529411764706,0.9375,0.8333333333333334
POST-HOC DEVELOPMENT DIAGNOSTIC,NOT FINAL EFFICACY,NOT PARAMETER SELECTION,NO METHOD CHANGE AUTHORIZED,relative-floor-0.001,primary,re2tt_ts-travel-service_disk_1,ts-travel-service,disk,27afdc4e5ac07b32,G,MT,10.0,0.001,0.01,5,24,12,1,18,9,212,186,26,0,4,2,2,0,24.0,24,24,3.5,2,0,206,4,22248,432,,,252,0,0,252,0,0,0,0,43617.02127659585,43617.02127659585,0.8823529411764706,0.9375,0.8333333333333334
POST-HOC DEVELOPMENT DIAGNOSTIC,NOT FINAL EFFICACY,NOT PARAMETER SELECTION,NO METHOD CHANGE AUTHORIZED,relative-floor-0.001,primary,re2tt_ts-travel-service_disk_1,ts-travel-service,disk,27afdc4e5ac07b32,L,MT,10.0,0.001,0.01,5,24,12,1,18,9,212,186,26,0,4,2,2,0,24.0,24,24,3.5,2,0,206,4,22248,432,,,252,0,0,252,0,0,0,0,166115523335903.66,158890826408975.88,0.0,0.0,0.0
POST-HOC DEVELOPMENT DIAGNOSTIC,NOT FINAL EFFICACY,NOT PARAMETER SELECTION,NO METHOD CHANGE AUTHORIZED,relative-floor-0.001,primary,re2tt_ts-travel-service_disk_1,ts-travel-service,disk,27afdc4e5ac07b32,ALL,MT,10.0,0.001,0.01,5,24,12,1,18,9,212,186,26,0,4,2,2,0,24.0,24,24,3.5,2,0,206,4,22248,432,,,252,0,0,252,0,0,0,0,43617.02127659586,43617.02127659585,0.8823529411764706,0.9375,0.8333333333333334
POST-HOC DEVELOPMENT DIAGNOSTIC,NOT FINAL EFFICACY,NOT PARAMETER SELECTION,NO METHOD CHANGE AUTHORIZED,relative-floor-0.001,primary,re2tt_ts-travel-service_disk_2,ts-travel-service,disk,757b880ecadc87f4,G,MTL,10.0,0.001,0.01,5,24,12,1,18,9,183,149,20,14,11,9,1,1,24.0,24,24,4.0,7,0,183,11,19748,1188,158436240993375.7,158436240898537.1,252,0,0,252,0,0,0,0,43617.02127659585,43617.02127659585,0.0,0.0,0.0
POST-HOC DEVELOPMENT DIAGNOSTIC,NOT FINAL EFFICACY,NOT PARAMETER SELECTION,NO METHOD CHANGE AUTHORIZED,relative-floor-0.001,primary,re2tt_ts-travel-service_disk_2,ts-travel-service,disk,757b880ecadc87f4,L,MTL,10.0,0.001,0.01,5,24,12,1,18,9,183,149,20,14,11,9,1,1,24.0,24,24,4.0,7,0,183,11,19748,1188,158401373209688.3,158401373116121.72,252,0,0,252,0,0,0,0,225569991807719.12,221694927196937.78,0.0,0.0,0.0
POST-HOC DEVELOPMENT DIAGNOSTIC,NOT FINAL EFFICACY,NOT PARAMETER SELECTION,NO METHOD CHANGE AUTHORIZED,relative-floor-0.001,primary,re2tt_ts-travel-service_disk_2,ts-travel-service,disk,757b880ecadc87f4,ALL,MTL,10.0,0.001,0.01,5,24,12,1,18,9,183,149,20,14,11,9,1,1,24.0,24,24,4.0,7,0,183,11,19748,1188,158268543081416.0,158268542980691.44,252,0,0,252,0,0,0,0,43617.02127659586,43617.02127659585,0.967741935483871,1.0,0.9375
POST-HOC DEVELOPMENT DIAGNOSTIC,NOT FINAL EFFICACY,NOT PARAMETER SELECTION,NO METHOD CHANGE AUTHORIZED,relative-floor-0.001,primary,re2tt_ts-travel-service_disk_2,ts-travel-service,disk,757b880ecadc87f4,G,MT,10.0,0.001,0.01,5,24,12,1,18,9,169,149,20,0,10,9,1,0,24.0,24,24,4.0,7,0,169,10,18236,1080,,,252,0,0,252,0,0,0,0,43617.02127659585,43617.02127659585,0.0,0.0,0.0
POST-HOC DEVELOPMENT DIAGNOSTIC,NOT FINAL EFFICACY,NOT PARAMETER SELECTION,NO METHOD CHANGE AUTHORIZED,relative-floor-0.001,primary,re2tt_ts-travel-service_disk_2,ts-travel-service,disk,757b880ecadc87f4,L,MT,10.0,0.001,0.01,5,24,12,1,18,9,169,149,20,0,10,9,1,0,24.0,24,24,4.0,7,0,169,10,18236,1080,,,252,0,0,252,0,0,0,0,166115523335903.66,158890826408975.88,0.0,0.0,0.0
POST-HOC DEVELOPMENT DIAGNOSTIC,NOT FINAL EFFICACY,NOT PARAMETER SELECTION,NO METHOD CHANGE AUTHORIZED,relative-floor-0.001,primary,re2tt_ts-travel-service_disk_2,ts-travel-service,disk,757b880ecadc87f4,ALL,MT,10.0,0.001,0.01,5,24,12,1,18,9,169,149,20,0,10,9,1,0,24.0,24,24,4.0,7,0,169,10,18236,1080,,,252,0,0,252,0,0,0,0,43617.02127659586,43617.02127659585,0.967741935483871,1.0,0.9375
POST-HOC DEVELOPMENT DIAGNOSTIC,NOT FINAL EFFICACY,NOT PARAMETER SELECTION,NO METHOD CHANGE AUTHORIZED,relative-floor-0.001,primary,re2tt_ts-travel-service_disk_3,ts-travel-service,disk,3b90d794c8506cef,G,MTL,10.0,0.001,0.01,5,24,12,1,18,9,183,149,20,14,9,9,0,0,24.0,24,24,,9,0,183,9,19760,972,47469.71211315162,0.0,252,0,0,252,0,0,0,0,43617.02127659585,43617.02127659585,0.9859154929577465,1.0,0.9722222222222222
POST-HOC DEVELOPMENT DIAGNOSTIC,NOT FINAL EFFICACY,NOT PARAMETER SELECTION,NO METHOD CHANGE AUTHORIZED,relative-floor-0.001,primary,re2tt_ts-travel-service_disk_3,ts-travel-service,disk,3b90d794c8506cef,L,MTL,10.0,0.001,0.01,5,24,12,1,18,9,183,149,20,14,9,9,0,0,24.0,24,24,,9,0,183,9,19760,972,47333.457180977624,0.0,252,0,0,252,0,0,0,0,225569991807719.12,221694927196937.78,0.0,0.0,0.0
POST-HOC DEVELOPMENT DIAGNOSTIC,NOT FINAL EFFICACY,NOT PARAMETER SELECTION,NO METHOD CHANGE AUTHORIZED,relative-floor-0.001,primary,re2tt_ts-travel-service_disk_3,ts-travel-service,disk,3b90d794c8506cef,ALL,MTL,10.0,0.001,0.01,5,24,12,1,18,9,183,149,20,14,9,9,0,0,24.0,24,24,,9,0,183,9,19760,972,48686.006452769456,0.0,252,0,0,252,0,0,0,0,43617.02127659586,43617.02127659585,0.9787234042553191,1.0,0.9583333333333334
POST-HOC DEVELOPMENT DIAGNOSTIC,NOT FINAL EFFICACY,NOT PARAMETER SELECTION,NO METHOD CHANGE AUTHORIZED,relative-floor-0.001,primary,re2tt_ts-travel-service_disk_3,ts-travel-service,disk,3b90d794c8506cef,G,MT,10.0,0.001,0.01,5,24,12,1,18,9,169,149,20,0,9,9,0,0,24.0,24,24,,9,0,169,9,18248,972,,,252,0,0,252,0,0,0,0,43617.02127659585,43617.02127659585,0.9859154929577465,1.0,0.9722222222222222
POST-HOC DEVELOPMENT DIAGNOSTIC,NOT FINAL EFFICACY,NOT PARAMETER SELECTION,NO METHOD CHANGE AUTHORIZED,relative-floor-0.001,primary,re2tt_ts-travel-service_disk_3,ts-travel-service,disk,3b90d794c8506cef,L,MT,10.0,0.001,0.01,5,24,12,1,18,9,169,149,20,0,9,9,0,0,24.0,24,24,,9,0,169,9,18248,972,,,252,0,0,252,0,0,0,0,166115523335903.66,158890826408975.88,0.0,0.0,0.0
POST-HOC DEVELOPMENT DIAGNOSTIC,NOT FINAL EFFICACY,NOT PARAMETER SELECTION,NO METHOD CHANGE AUTHORIZED,relative-floor-0.001,primary,re2tt_ts-travel-service_disk_3,ts-travel-service,disk,3b90d794c8506cef,ALL,MT,10.0,0.001,0.01,5,24,12,1,18,9,169,149,20,0,9,9,0,0,24.0,24,24,,9,0,169,9,18248,972,,,252,0,0,252,0,0,0,0,43617.02127659586,43617.02127659585,0.9787234042553191,1.0,0.9583333333333334
POST-HOC DEVELOPMENT DIAGNOSTIC,NOT FINAL EFFICACY,NOT PARAMETER SELECTION,NO METHOD CHANGE AUTHORIZED,relative-floor-0.001,primary,re2tt_ts-travel-service_loss_1,ts-travel-service,loss,dd8536efed49ca5a,G,MTL,10.0,0.001,0.01,5,24,12,1,18,9,238,191,27,20,2,2,0,0,24.0,24,24,,2,0,238,2,25630,216,60965.832224961596,0.0,252,0,0,252,0,0,0,0,43617.02127659585,43617.02127659585,0.9619377162629758,0.9586206896551724,0.9652777777777778
POST-HOC DEVELOPMENT DIAGNOSTIC,NOT FINAL EFFICACY,NOT PARAMETER SELECTION,NO METHOD CHANGE AUTHORIZED,relative-floor-0.001,primary,re2tt_ts-travel-service_loss_1,ts-travel-service,loss,dd8536efed49ca5a,L,MTL,10.0,0.001,0.01,5,24,12,1,18,9,238,191,27,20,2,2,0,0,24.0,24,24,,2,0,238,2,25630,216,61020.64680197884,0.0,252,0,0,252,0,0,0,0,222899715457592.28,221694927196937.78,0.0,0.0,0.0
POST-HOC DEVELOPMENT DIAGNOSTIC,NOT FINAL EFFICACY,NOT PARAMETER SELECTION,NO METHOD CHANGE AUTHORIZED,relative-floor-0.001,primary,re2tt_ts-travel-service_loss_1,ts-travel-service,loss,dd8536efed49ca5a,ALL,MTL,10.0,0.001,0.01,5,24,12,1,18,9,238,191,27,20,2,2,0,0,24.0,24,24,,2,0,238,2,25630,216,61184.38852158818,0.0,252,0,0,252,0,0,0,0,43617.02127659585,43617.02127659585,0.9619377162629758,0.9586206896551724,0.9652777777777778
POST-HOC DEVELOPMENT DIAGNOSTIC,NOT FINAL EFFICACY,NOT PARAMETER SELECTION,NO METHOD CHANGE AUTHORIZED,relative-floor-0.001,primary,re2tt_ts-travel-service_loss_1,ts-travel-service,loss,dd8536efed49ca5a,G,MT,10.0,0.001,0.01,5,24,12,1,18,9,218,191,27,0,2,2,0,0,24.0,24,24,,2,0,218,2,23470,216,,,252,0,0,252,0,0,0,0,43617.02127659585,43617.02127659585,0.9619377162629758,0.9586206896551724,0.9652777777777778
POST-HOC DEVELOPMENT DIAGNOSTIC,NOT FINAL EFFICACY,NOT PARAMETER SELECTION,NO METHOD CHANGE AUTHORIZED,relative-floor-0.001,primary,re2tt_ts-travel-service_loss_1,ts-travel-service,loss,dd8536efed49ca5a,L,MT,10.0,0.001,0.01,5,24,12,1,18,9,218,191,27,0,2,2,0,0,24.0,24,24,,2,0,218,2,23470,216,,,252,0,0,252,0,0,0,0,162111571025395.47,158890826408975.88,0.0,0.0,0.0
POST-HOC DEVELOPMENT DIAGNOSTIC,NOT FINAL EFFICACY,NOT PARAMETER SELECTION,NO METHOD CHANGE AUTHORIZED,relative-floor-0.001,primary,re2tt_ts-travel-service_loss_1,ts-travel-service,loss,dd8536efed49ca5a,ALL,MT,10.0,0.001,0.01,5,24,12,1,18,9,218,191,27,0,2,2,0,0,24.0,24,24,,2,0,218,2,23470,216,,,252,0,0,252,0,0,0,0,43617.02127659585,43617.02127659585,0.9619377162629758,0.9586206896551724,0.9652777777777778
POST-HOC DEVELOPMENT DIAGNOSTIC,NOT FINAL EFFICACY,NOT PARAMETER SELECTION,NO METHOD CHANGE AUTHORIZED,relative-floor-0.001,primary,re2tt_ts-travel-service_loss_2,ts-travel-service,loss,b493b6b9e7b01687,G,MTL,10.0,0.001,0.01,5,24,12,1,18,9,246,199,27,20,12,10,1,1,24.0,24,24,2.0,10,0,244,12,26316,1296,175400801191770.28,175400801098429.44,252,3,0,249,0,3,0,0,43617.02127659585,43617.02127659585,0.9537366548042705,0.9781021897810219,0.9305555555555556
POST-HOC DEVELOPMENT DIAGNOSTIC,NOT FINAL EFFICACY,NOT PARAMETER SELECTION,NO METHOD CHANGE AUTHORIZED,relative-floor-0.001,primary,re2tt_ts-travel-service_loss_2,ts-travel-service,loss,b493b6b9e7b01687,L,MTL,10.0,0.001,0.01,5,24,12,1,18,9,246,199,27,20,12,10,1,1,24.0,24,24,2.0,10,0,244,12,26316,1296,175554582489420.0,175554582397798.75,252,79,0,173,0,3,13,63,222899715457592.28,221694927196937.78,0.36893203883495146,0.6129032258064516,0.2638888888888889
POST-HOC DEVELOPMENT DIAGNOSTIC,NOT FINAL EFFICACY,NOT PARAMETER SELECTION,NO METHOD CHANGE AUTHORIZED,relative-floor-0.001,primary,re2tt_ts-travel-service_loss_2,ts-travel-service,loss,b493b6b9e7b01687,ALL,MTL,10.0,0.001,0.01,5,24,12,1,18,9,246,199,27,20,12,10,1,1,24.0,24,24,2.0,10,0,244,12,26316,1296,175194888644766.84,175194888548175.0,252,14,0,238,0,3,11,0,43617.02127659585,43617.02127659585,0.9537366548042705,0.9781021897810219,0.9305555555555556
POST-HOC DEVELOPMENT DIAGNOSTIC,NOT FINAL EFFICACY,NOT PARAMETER SELECTION,NO METHOD CHANGE AUTHORIZED,relative-floor-0.001,primary,re2tt_ts-travel-service_loss_2,ts-travel-service,loss,b493b6b9e7b01687,G,MT,10.0,0.001,0.01,5,24,12,1,18,9,226,199,27,0,11,10,1,0,24.0,24,24,2.0,10,0,224,11,24156,1188,,,252,3,0,249,0,3,0,0,43617.02127659585,43617.02127659585,0.9537366548042705,0.9781021897810219,0.9305555555555556
POST-HOC DEVELOPMENT DIAGNOSTIC,NOT FINAL EFFICACY,NOT PARAMETER SELECTION,NO METHOD CHANGE AUTHORIZED,relative-floor-0.001,primary,re2tt_ts-travel-service_loss_2,ts-travel-service,loss,b493b6b9e7b01687,L,MT,10.0,0.001,0.01,5,24,12,1,18,9,226,199,27,0,11,10,1,0,24.0,24,24,2.0,10,0,224,11,24156,1188,,,252,73,0,179,0,3,70,0,162111571025395.47,158890826408975.88,0.3786407766990291,0.6290322580645161,0.2708333333333333
POST-HOC DEVELOPMENT DIAGNOSTIC,NOT FINAL EFFICACY,NOT PARAMETER SELECTION,NO METHOD CHANGE AUTHORIZED,relative-floor-0.001,primary,re2tt_ts-travel-service_loss_2,ts-travel-service,loss,b493b6b9e7b01687,ALL,MT,10.0,0.001,0.01,5,24,12,1,18,9,226,199,27,0,11,10,1,0,24.0,24,24,2.0,10,0,224,11,24156,1188,,,252,14,0,238,0,3,11,0,43617.02127659585,43617.02127659585,0.9537366548042705,0.9781021897810219,0.9305555555555556
POST-HOC DEVELOPMENT DIAGNOSTIC,NOT FINAL EFFICACY,NOT PARAMETER SELECTION,NO METHOD CHANGE AUTHORIZED,relative-floor-0.001,primary,re2tt_ts-travel-service_loss_3,ts-travel-service,loss,7138fe1fe1ddf617,G,MTL,10.0,0.001,0.01,5,24,12,1,18,9,239,192,27,20,3,3,0,0,24.0,24,24,,3,0,239,3,25784,324,73665.96624379366,0.0,252,18,0,234,0,18,0,0,43617.02127659585,43617.02127659585,0.3191489361702128,0.6818181818181818,0.20833333333333334
POST-HOC DEVELOPMENT DIAGNOSTIC,NOT FINAL EFFICACY,NOT PARAMETER SELECTION,NO METHOD CHANGE AUTHORIZED,relative-floor-0.001,primary,re2tt_ts-travel-service_loss_3,ts-travel-service,loss,7138fe1fe1ddf617,L,MTL,10.0,0.001,0.01,5,24,12,1,18,9,239,192,27,20,3,3,0,0,24.0,24,24,,3,0,239,3,25784,324,73805.97715380583,0.0,252,18,0,234,0,18,0,0,222899715457592.28,221694927196937.78,0.0,0.0,0.0
POST-HOC DEVELOPMENT DIAGNOSTIC,NOT FINAL EFFICACY,NOT PARAMETER SELECTION,NO METHOD CHANGE AUTHORIZED,relative-floor-0.001,primary,re2tt_ts-travel-service_loss_3,ts-travel-service,loss,7138fe1fe1ddf617,ALL,MTL,10.0,0.001,0.01,5,24,12,1,18,9,239,192,27,20,3,3,0,0,24.0,24,24,,3,0,239,3,25784,324,73871.84319599788,0.0,252,18,0,234,0,18,0,0,43617.02127659585,43617.02127659585,0.3191489361702128,0.6818181818181818,0.20833333333333334
POST-HOC DEVELOPMENT DIAGNOSTIC,NOT FINAL EFFICACY,NOT PARAMETER SELECTION,NO METHOD CHANGE AUTHORIZED,relative-floor-0.001,primary,re2tt_ts-travel-service_loss_3,ts-travel-service,loss,7138fe1fe1ddf617,G,MT,10.0,0.001,0.01,5,24,12,1,18,9,219,192,27,0,3,3,0,0,24.0,24,24,,3,0,219,3,23624,324,,,252,18,0,234,0,18,0,0,43617.02127659585,43617.02127659585,0.3191489361702128,0.6818181818181818,0.20833333333333334
POST-HOC DEVELOPMENT DIAGNOSTIC,NOT FINAL EFFICACY,NOT PARAMETER SELECTION,NO METHOD CHANGE AUTHORIZED,relative-floor-0.001,primary,re2tt_ts-travel-service_loss_3,ts-travel-service,loss,7138fe1fe1ddf617,L,MT,10.0,0.001,0.01,5,24,12,1,18,9,219,192,27,0,3,3,0,0,24.0,24,24,,3,0,219,3,23624,324,,,252,18,0,234,0,18,0,0,162111571025395.47,158890826408975.88,0.0,0.0,0.0
POST-HOC DEVELOPMENT DIAGNOSTIC,NOT FINAL EFFICACY,NOT PARAMETER SELECTION,NO METHOD CHANGE AUTHORIZED,relative-floor-0.001,primary,re2tt_ts-travel-service_loss_3,ts-travel-service,loss,7138fe1fe1ddf617,ALL,MT,10.0,0.001,0.01,5,24,12,1,18,9,219,192,27,0,3,3,0,0,24.0,24,24,,3,0,219,3,23624,324,,,252,18,0,234,0,18,0,0,43617.02127659585,43617.02127659585,0.3191489361702128,0.6818181818181818,0.20833333333333334
